target_site,model,pair,split_index,refit_index,split_seed,seed_a,seed_b,n_train_pool,n_id,n_target,n_explanation,source_explanation_positive,target_explanation_positive,target_prevalence,id_auroc,target_auroc,delta_auroc,null_abs_delta_auroc,id_average_precision,target_average_precision,id_log_loss,target_log_loss,id_brier,target_brier,mean_abs_probability_refit_change,shift_energy_u2,same_model_sample_null_energy_u2,refit_sample_null_energy_u2,calibrated_excess_u2,paired_refit_l2,class_macro_shift_u2,class_macro_sample_null_u2,class_macro_refit_null_u2,class_macro_excess_u2,class_weighted_shift_u2,class_weighted_refit_null_u2,class_weighted_excess_u2,class0_shift_u2,class1_shift_u2,class0_refit_null_u2,class1_refit_null_u2,class0_n,class1_n,class_weighting_prevalence,class_weighting_scheme,reverse_shift_energy_u2,reverse_refit_sample_null_energy_u2,reverse_calibrated_excess_u2,symmetrized_calibrated_excess_u2,symmetry_gap_u2,shift_js,null_js,paired_excess_js,shift_rank_tau,null_rank_tau,shift_top5_jaccard,null_top5_jaccard,shift_sign_consistency,null_sign_consistency,source_mean_attribution_l1,target_mean_attribution_l1,delta_mean_attribution_l1,feature_domain_auc,explanation_domain_auc,shap_permutation_tau_id,shap_permutation_tau_target,max_additivity_error,silent_explanation_shift
Cleveland,logistic,0,0,0,20260729,20260740,20260741,431,186,303,79,48,36,0.4587458745874587,0.8667953667953668,0.814616599403404,-0.0521787673919628,0.0007239382239381,0.8792034460945162,0.7981396770337701,0.4467174313469242,0.5782521851343367,0.1355619311190594,0.1930880958362215,0.0719808811369959,0.0678643197630307,0.0175658341646944,0.0251199310324683,0.0427443887305624,0.1738040419973825,0.0882206865224877,-0.0033260539828079,0.0134144744680021,0.0748062120544856,0.08916361370438,0.0144782177492682,0.0746853959551118,0.0996489639670224,0.0767924090779531,0.0263070430369471,0.000521905899057,37,56,0.4587458745874587,target_prevalence,0.0390266681658753,0.0263197578392472,0.012706910326628,0.0277256495285952,0.0300374784039343,0.2254360457602066,0.2136526622808626,0.011783383479344,0.5897435897435896,0.6410256410256409,0.6666666666666666,1.0,0.7591684485224339,0.1489817809368092,3.627189299494117,4.806671561794872,1.1794822623007546,0.9520833333333334,0.9248958333333336,0.6923076923076922,0.4102564102564102,1.7763568394002505e-15,False
Cleveland,lightgbm,0,0,0,20260729,21260740,21260741,431,186,303,79,48,36,0.4587458745874587,0.8606418918918919,0.8253640989647307,-0.0352777929271611,0.0007239382239382,0.8790975157482186,0.8101446465519603,0.4853428174674751,0.5501218333969996,0.1539744533498707,0.1822227824537904,0.1095172852744033,0.0363590391810657,0.0050977132062298,0.0221759156780496,0.014183123503016,0.2092178065152777,0.0551204061323227,-0.0086372201176394,0.0015745030120469,0.0535459031202757,0.0522025225662293,0.0022691157995548,0.0499334067666744,0.0197556573112706,0.0904851549533748,0.0099932099966432,-0.0068442039725493,37,56,0.4587458745874587,target_prevalence,0.0490168397552477,0.0118385223089674,0.0371783174462803,0.0256807204746482,-0.0229951939432642,0.0711251474526951,0.1623261236073122,-0.091200976154617,0.9743589743589742,0.7948717948717947,1.0,1.0,0.5690810539016131,0.3225996111435666,4.54231914751727,4.609459115402319,0.0671399678850486,0.9700520833333334,0.8777604166666666,0.4102564102564102,0.3333333333333332,9.769962616701378e-15,False
Hungary,logistic,0,0,0,21260729,30260740,30260741,438,188,294,66,43,24,0.3605442176870748,0.8508445106805763,0.8513649136892815,0.0005204030087051,0.0196224540486834,0.8840934915726122,0.7811682406781986,0.4521391265504568,0.4582997391406559,0.1387876908507687,0.1453103626543437,0.1026600259609322,0.0677170888512826,0.0289646328167588,0.0340818107410142,0.0336352781102684,0.1867649620810203,0.0807623716425639,0.0053381058056919,0.0199172428800782,0.0608451287624857,0.0753141426499817,0.0239007354049873,0.0514134072449943,0.0612284774496471,0.1002962658354807,0.0341995209571916,0.0056349648029647,33,61,0.3605442176870748,target_prevalence,0.0593998112221845,0.041499574251606,0.0179002369705785,0.0257677575404235,0.0157350411396898,0.1044801232534263,0.2371944645514613,-0.132714341298035,0.7948717948717947,0.4615384615384614,0.6666666666666666,0.6666666666666666,0.4308529567604942,0.2915039859404809,4.721846224050598,4.515647345062291,-0.2061988789883067,0.921555367709214,0.918850380388842,0.7179487179487178,0.4102564102564102,1.3322676295501878e-15,True
Hungary,lightgbm,0,0,0,21260729,31260740,31260741,438,188,294,66,43,24,0.3605442176870748,0.8373075012419274,0.8568847852268165,0.0195772839848891,0.0076999503229011,0.8642251329970729,0.7637130324492164,0.5152706589878842,0.5261217127557722,0.1531693589835073,0.1686980443869757,0.1267452789484748,0.0496789099459217,0.032609789767095,0.043945465061399,0.0057334448845226,0.2504905129897423,0.0290220453397337,-0.0061921393962018,0.0121541361994331,0.0168679091403005,0.0284467802760842,0.009940953253928,0.0185058270221562,0.0269595096237222,0.0310845810557452,0.0042190656387195,0.0200892067601466,33,61,0.3605442176870748,target_prevalence,0.0719199417263577,0.0297552025853805,0.0421647391409771,0.0239490920127499,-0.0364312942564545,0.103894002899619,0.2102482128252047,-0.1063542099255856,0.7179487179487178,0.4358974358974358,0.6666666666666666,0.4285714285714285,0.3946735697797794,0.5735579786942707,5.3173643416460825,5.135371222683809,-0.1819931189622732,0.9373626373626374,0.8600169061707523,0.5384615384615383,0.0512820512820512,7.993605777301127e-15,False
Switzerland,logistic,0,0,0,22260729,40260740,40260741,557,240,123,83,41,78,0.934959349593496,0.892423084936454,0.7489130434782609,-0.143510041458193,0.0044447531078547,0.8842172710559887,0.974598081994986,0.4247270240637801,0.6293892720590024,0.1353443751591157,0.2152840990121836,0.0777688379758267,0.0448281164473905,0.0203503611453044,0.0314633895548687,0.0133647268925218,0.2004205089444805,0.0511531089607121,0.0254909031741253,0.0365028477028552,0.0146502612578568,0.0338807061097583,0.0168833747473977,0.0169973313623605,0.0710083010230234,0.0312979168984007,0.0590560736236147,0.0139496217820957,8,59,0.934959349593496,target_prevalence,0.0487554366661728,0.0230427474592087,0.025712689206964,0.0195387080497429,-0.0123479623144422,0.0936112410160166,0.2099292656537349,-0.1163180246377182,0.8205128205128204,0.6923076923076922,0.4285714285714285,0.6666666666666666,0.3894655044624719,0.1520952954479982,3.989555970104603,4.057679680373586,0.0681237102689831,0.9926470588235292,0.9926470588235292,0.7179487179487178,-0.0256410256410256,1.7763568394002505e-15,False
Switzerland,lightgbm,0,0,0,22260729,41260740,41260741,557,240,123,83,41,78,0.934959349593496,0.875824710049309,0.7945652173913044,-0.0812594926580045,0.0095145496215015,0.8673575045746477,0.9829819964007782,0.4650607817241687,0.4410059500777076,0.1422169886378994,0.1460091254522529,0.112461405182936,0.0720251094302539,0.0212928014698456,0.02937250457614,0.0426526048541139,0.2259196691499381,0.054883400239672,0.0271429013051692,0.0398689812660339,0.015014418973638,0.059704609892867,0.0257383214868353,0.0339662884060317,0.0493412620402047,0.0604255384391392,0.056112636900066,0.0236253256320018,8,59,0.934959349593496,target_prevalence,0.0669450581881062,0.0264765576023083,0.0404685005857978,0.0415605527199559,0.002184104268316,0.0824370999534758,0.1982558208649873,-0.1158187209115114,0.769230769230769,0.6923076923076922,0.6666666666666666,0.6666666666666666,0.2633081897104816,0.6320838544765313,5.001833389942342,4.556497743473028,-0.4453356464693137,0.9738754325259515,0.8780276816608996,0.5384615384615383,0.0,7.105427357601002e-15,False
VA Long Beach,logistic,0,0,0,23260729,50260740,50260741,504,216,200,87,44,65,0.745,0.8737889050844552,0.6881168574812476,-0.1856720476032075,0.0102889479550716,0.8813452417921326,0.8578036373120326,0.4829769239618898,0.7486680631245427,0.1414485696128166,0.2370840206056335,0.0769696626432616,0.0530057709642767,0.0173837481481287,0.0184158251080313,0.0345899458562454,0.1423430361031774,0.0364060170910249,0.0026537824400663,0.0082584996567857,0.0281475174342391,0.0345338807339947,0.0058010404150773,0.0287328403189173,0.0402267035339435,0.0325853306481062,0.0132737225990478,0.0032432767145237,51,54,0.745,target_prevalence,0.044825296604018,0.0191323988188064,0.0256928977852116,0.0301414218207285,0.0088970480710338,0.0881080691369203,0.2107754801223607,-0.1226674109854404,0.6923076923076922,0.6410256410256409,0.6666666666666666,0.6666666666666666,0.3957292609863214,0.2154074445858028,6.098033630789615,5.969628920100252,-0.1284047106893631,0.8966166858900422,0.9044982698961936,0.3076923076923076,0.0256410256410256,2.664535259100376e-15,False
VA Long Beach,lightgbm,0,0,0,23260729,51260740,51260741,504,216,200,87,44,65,0.745,0.8919660464717483,0.6874588761679169,-0.2045071703038313,0.0167195404269913,0.8961792419793428,0.8508592078813538,0.4475990011241478,0.6854748165138063,0.1382463549923826,0.2164673708196669,0.100059863184852,0.0367527783446962,0.0183243180995257,0.0191883141812302,0.017564464163466,0.1765278694234369,0.0384554239887016,-0.0013407520361256,0.008901614809488,0.0295538091792136,0.0217192308501413,0.0059886123742926,0.0157306184758487,0.0726109201898449,0.0042999277875582,0.014846517738458,0.0029567118805179,51,54,0.745,target_prevalence,0.0342758992088082,0.0223345690395834,0.0119413301692248,0.0147528971663454,0.0056231339942411,0.116517380251952,0.1763482632932127,-0.0598308830412607,0.846153846153846,0.6410256410256409,1.0,0.4285714285714285,0.6146581906071316,0.5120001616176765,5.612113766618713,5.400436865931816,-0.2116769006868972,0.8462898885044213,0.8281045751633987,0.6410256410256409,0.3589743589743589,9.325873406851317e-15,False
Cleveland,logistic,1,0,1,20260729,20260840,20260841,431,186,303,79,48,36,0.4587458745874587,0.8799469111969113,0.8468590980873838,-0.0330878131095274,0.0201496138996138,0.8981983212578338,0.8307445849219495,0.4277252896118475,0.5215070556747228,0.1297630790056843,0.1722517395477615,0.069311285739945,0.0410210247603564,0.001791798304633,0.0075325053785805,0.0334885193817758,0.1776654271905906,0.0846558828080781,0.011691333378512,0.0204505354847656,0.0642053473233125,0.0849736228276198,0.0215283486025673,0.0634452742250524,0.0885068918449232,0.080804873771233,0.0335136304725224,0.0073874404970087,37,56,0.4587458745874587,target_prevalence,0.0789214417580925,0.0170766212725637,0.0618448204855288,0.0476666699336523,-0.0283563011037529,0.1526785549754052,0.1846325155624859,-0.0319539605870806,0.769230769230769,0.7435897435897434,0.6666666666666666,0.6666666666666666,0.3592268932645817,0.3814077849349492,3.711747911839807,3.908476079951624,0.1967281681118171,,,,,1.7763568394002505e-15,False
Cleveland,lightgbm,1,0,1,20260729,21260840,21260841,431,186,303,79,48,36,0.4587458745874587,0.8599179536679536,0.8402351289699947,-0.0196828246979589,0.0125482625482625,0.8932917507025269,0.8252503669655293,0.4863924852306421,0.5285536475760283,0.1536238307014111,0.1729905217525464,0.1090959866185762,0.032096652015958,0.0040914883671607,0.0209549436494118,0.0111417083665461,0.250026499934707,0.0737233798518812,0.0106232174311595,0.0371353019285524,0.0365880779233288,0.0740271803390401,0.0384617840953068,0.0355653962437333,0.077405441756247,0.0700413179475154,0.0532122657896152,0.0210583380674896,37,56,0.4587458745874587,target_prevalence,0.0487807999709559,0.0115178650958356,0.0372629348751203,0.0242023216208332,-0.0261212265085741,0.0644920002505568,0.2233659415338595,-0.1588739412833026,0.846153846153846,0.6666666666666665,0.6666666666666666,0.4285714285714285,0.7099880850464204,0.6795226739579227,4.780510757000045,4.746254020494091,-0.034256736505954,,,,,7.549516567451064e-15,False
Hungary,logistic,1,0,1,21260729,30260840,30260841,438,188,294,66,43,24,0.3605442176870748,0.8688524590163934,0.8311922922521077,-0.0376601667642857,0.0122950819672131,0.9032745058587816,0.7816752382170106,0.4333334588634366,0.4753133712622842,0.1340871008754905,0.1479117564532862,0.0875048323065337,0.0895791440061148,-0.002899079665684,0.0009065490007253,0.0886725950053894,0.1449502265880723,0.1012170802972444,0.004413174361626,0.0062139027979531,0.0950031774992912,0.0824627009298193,0.0080302124171299,0.0744324885126893,0.0339757689067202,0.1684583916877686,0.0127260372862211,-0.0002982316903147,33,61,0.3605442176870748,target_prevalence,0.0631890375587818,0.0134048436530542,0.0497841939057275,0.0692283944555585,0.0388884010996619,0.0651760389871396,0.2072853157727184,-0.1421092767855787,0.846153846153846,0.6923076923076922,0.6666666666666666,0.6666666666666666,0.6476999556135359,0.6922174433459284,4.112763569722914,3.63816556437843,-0.4745980053444842,,,,,1.7763568394002505e-15,False
Hungary,lightgbm,1,0,1,21260729,31260840,31260841,438,188,294,66,43,24,0.3605442176870748,0.8351962245404869,0.8565837013247691,0.0213874767842822,0.0069547938400396,0.8649355842159828,0.7803161345827943,0.5233827395615107,0.479547945637367,0.1573862493933963,0.1482346785912674,0.0942764569809813,0.0547503694882186,0.0082009018149022,0.0123752066524395,0.0423751628357791,0.1823130744758729,0.0481050705578947,0.0050974419916922,0.0122101876089762,0.0358948829489185,0.0444467761809417,0.0105713479804595,0.0338754282004822,0.0349887468161365,0.0612213942996529,0.0063343479652702,0.0180860272526822,33,61,0.3605442176870748,target_prevalence,0.0600651378747315,0.0119281860887127,0.0481369517860187,0.0452560573108989,-0.0057617889502396,0.0884686231722732,0.1566691997000757,-0.0682005765278024,0.8205128205128204,0.6666666666666665,0.6666666666666666,1.0,0.7273333411850421,0.7343712359687492,5.200864868724776,5.370710720705348,0.1698458519805719,,,,,8.881784197001252e-15,False
Switzerland,logistic,1,0,1,22260729,40260840,40260841,557,240,123,83,41,78,0.934959349593496,0.8874227376901174,0.7478260869565218,-0.1395966507335956,0.0086117091464685,0.872869108621421,0.9753564844472492,0.430911574178913,0.3346635668315872,0.1342681969361263,0.1046155011631104,0.0643377113507174,0.1190577387629239,0.0405054367551442,0.0555771856417451,0.0634805531211787,0.1696240728496553,0.0896223303566979,-0.013234323820699,-0.0080376848325792,0.0976600151892771,0.0995516749629869,0.0058516736885691,0.0937000012744177,0.0782082239401226,0.1010364367732731,-0.0240039567774508,0.0079285871122923,8,59,0.934959349593496,target_prevalence,0.0515051572267822,0.0543431034688389,-0.0028379462420566,0.030321303439561,0.0663184993632354,0.19759619550034,0.2184825286799746,-0.0208863331796346,0.6153846153846153,0.564102564102564,0.6666666666666666,0.4285714285714285,0.377551766923301,0.6862715488023536,4.223714771330778,4.890327559370269,0.6666127880394912,,,,,1.7763568394002505e-15,False
Switzerland,lightgbm,1,0,1,22260729,41260840,41260841,557,240,123,83,41,78,0.934959349593496,0.881866796305299,0.7217391304347827,-0.1601276658705163,0.0142370997985971,0.8695550636753504,0.9536850306783226,0.4442916594391563,0.3842831161993066,0.1420267769553831,0.1148512820425067,0.1371742688257411,0.123421705243137,0.0189931208831137,0.0247208208056396,0.0987008844374974,0.2143624983041713,0.079483900925685,-0.0016088639367461,-0.0095794955929385,0.0890633965186235,0.0827436782132881,0.0044243583659886,0.0783193198472994,0.0757366803053561,0.0832311215460138,-0.0256773837887146,0.0065183926028375,8,59,0.934959349593496,target_prevalence,0.0783148504758978,0.0344077457786341,0.0439071046972637,0.0713039945673805,0.0547937797402336,0.1342695530522755,0.1388091238235147,-0.0045395707712392,0.8205128205128204,0.6666666666666665,0.6666666666666666,0.4285714285714285,0.3045684572999177,0.4367052829403161,4.557622783007835,4.099562367217505,-0.4580604157903298,,,,,7.105427357601002e-15,False
VA Long Beach,logistic,1,0,1,23260729,50260840,50260841,504,216,200,87,44,65,0.745,0.8734459401526194,0.6765363863666273,-0.1969095537859921,0.0092600531595644,0.8886293018989705,0.8300040515533367,0.489699513377239,0.7797133746661422,0.1429056989927021,0.2423312369733571,0.0723071075913086,0.0311100680663767,-0.0043815778629736,-8.175905511598192e-05,0.0311918271214927,0.1671032156188661,0.0547753801321567,-0.0019068933318914,0.0085296170638156,0.0462457630683411,0.0394396658567261,0.006880549269359,0.032559116587367,0.0860727562044642,0.0234780040598492,0.0118950615422984,0.0051641725853328,51,54,0.745,target_prevalence,0.0269363892580607,0.0034362745384495,0.0235001147196112,0.0273459709205519,0.0076917124018815,0.1189702816668794,0.228069018580736,-0.1090987369138566,0.6923076923076922,0.5384615384615383,0.4285714285714285,0.4285714285714285,0.902933977171385,0.8058570548414625,6.277883336867983,6.381565793621572,0.1036824567535887,,,,,2.664535259100376e-15,False
VA Long Beach,lightgbm,1,0,1,23260729,51260840,51260841,504,216,200,87,44,65,0.745,0.9065420560747663,0.6914725621792341,-0.2150694938955322,0.0048872502786589,0.8958041122751944,0.8566189520220735,0.4004660032235268,0.7535988042090466,0.121163444953238,0.2389448885650711,0.1201644579409177,0.0392931280908478,0.0180721234209527,0.0207539759324035,0.0185391521584442,0.2297767175403556,0.0452909120495411,-0.003408828535434,0.0142905593849771,0.031000352664564,0.0260957383783078,0.018676118393602,0.0074196199847057,0.0844647358683847,0.0061170882306975,0.0053404389592119,0.0232406798107422,51,54,0.745,target_prevalence,0.0376930919812379,0.0290200161972834,0.0086730757839544,0.0136061139711993,0.0098660763744897,0.1169680589841376,0.1471627964513917,-0.030194737467254,0.7948717948717947,0.6410256410256409,0.6666666666666666,0.4285714285714285,0.3854289463004939,0.5579123031955056,5.083771021962111,5.163753408030915,0.0799823860688038,,,,,1.2878587085651816e-14,False
Cleveland,logistic,2,0,2,20260729,20260940,20260941,431,186,303,79,48,36,0.4587458745874587,0.8647442084942085,0.8472539041937182,-0.0174903043004903,0.006515444015444,0.8731562691330174,0.8471765189448757,0.4605722092583763,0.5141557423844627,0.1418906995532532,0.1696230250712199,0.0701084282301336,0.0458920550933349,0.0081870413804923,0.0176216417716984,0.0282704133216365,0.2118718328797337,0.067539259711061,-0.0074002748042146,0.0153138556103358,0.0522254041007252,0.067085554550618,0.0159133127358231,0.0511722418147948,0.0620403531664918,0.0730381662556303,0.022579275971242,0.0080484352494296,37,56,0.4587458745874587,target_prevalence,0.0595629974169661,0.0170904115778116,0.0424725858391545,0.0353714995803955,-0.0142021725175179,0.2017927317716124,0.1999915073205224,0.00180122445109,0.5897435897435896,0.564102564102564,0.6666666666666666,0.6666666666666666,0.6786671191501451,0.6230727286002709,3.876759088452654,4.843234858658699,0.9664757702060448,,,,,1.7763568394002505e-15,False
Cleveland,lightgbm,2,0,2,20260729,21260940,21260941,431,186,303,79,48,36,0.4587458745874587,0.8477316602316602,0.8095279873662046,-0.0382036728654556,0.013030888030888,0.8639370958753976,0.7881597454777056,0.5034290955309693,0.5782605794476925,0.1566322892115683,0.1866442208396381,0.1332530932497461,0.0620689119529189,-0.0055125916306774,0.0192789024263605,0.0427900095265584,0.2731132928013358,0.0906286154809577,0.0010175063787742,0.0479088187069068,0.0427197967740508,0.0874637767582497,0.0495264807045059,0.0379372960537437,0.052270770161737,0.1289864608001785,0.0675148821178081,0.0283027552960056,37,56,0.4587458745874587,target_prevalence,0.040652793739854,0.0058172479016589,0.0348355458381951,0.0388127776823767,0.0079544636883632,0.12490617687903,0.2228974186287529,-0.0979912417497229,0.7948717948717947,0.8205128205128204,0.6666666666666666,0.6666666666666666,0.6312746470590938,0.4439027848079434,4.330162802129538,4.399367713301544,0.0692049111720054,,,,,7.993605777301127e-15,False
Hungary,logistic,2,0,2,21260729,30260940,30260941,438,188,294,66,43,24,0.3605442176870748,0.839170392449081,0.8620533922119631,0.0228829997628821,0.0182563338301042,0.885155705564765,0.8101393445488472,0.4623282364433219,0.4539563616042126,0.1451186665060461,0.1439450507082255,0.0855257197197853,0.0875737469305991,0.0264377254293858,0.0341707807092068,0.0534029662213922,0.1895737459488204,0.0775497872474045,-0.0048663725749734,0.0070520658346069,0.0704977214127975,0.0741045912568513,0.0073688683414963,0.066735722915355,0.0651974991837138,0.0899020753110951,0.0081879187251613,0.0059162129440525,33,61,0.3605442176870748,target_prevalence,0.0932266063247975,0.0257380107562253,0.0674885955685722,0.0604457808949822,-0.0140856293471799,0.101843671917031,0.2398125784007705,-0.1379689064837395,0.7948717948717947,0.3846153846153845,1.0,0.4285714285714285,0.3709233712115967,0.1538552500979687,3.940811375635895,3.654685627782846,-0.286125747853049,,,,,1.7763568394002505e-15,False
Hungary,lightgbm,2,0,2,21260729,31260940,31260941,438,188,294,66,43,24,0.3605442176870748,0.8245156482861401,0.8487555198715375,0.0242398715853974,0.0221063089915548,0.8624449692115614,0.7581484398432352,0.5791247260823588,0.517248550020087,0.1656299641071766,0.1613185966971911,0.1301368652043942,0.0456371944023364,0.0064551356939858,0.0300853458873052,0.0155518485150312,0.2236070985559564,0.0274508930695327,-0.0058162398490246,0.0145216924491092,0.0129292006204234,0.0258858411436814,0.0143624918497163,0.0115233492939651,0.0218396093353831,0.0330621768036822,0.0139509000561638,0.0150924848420547,33,61,0.3605442176870748,target_prevalence,0.0583638937119564,0.0093455988419326,0.0490182948700238,0.0322850716925275,-0.0334664463549926,0.0713510315682981,0.2130073346111707,-0.1416563030428725,0.8974358974358972,0.5128205128205127,1.0,0.6666666666666666,0.5427703559126204,0.4929956227942859,5.634912740256989,5.908221861019055,0.2733091207620663,,,,,1.2878587085651816e-14,False
Switzerland,logistic,2,0,2,22260729,40260940,40260941,557,240,123,83,41,78,0.934959349593496,0.8844364191957775,0.7771739130434783,-0.1072625061522992,0.0070838252656433,0.8660713188401936,0.978575184235982,0.4411706357604272,0.75127921414715,0.1426176733249329,0.2576205562958356,0.0736326434913198,0.034785023986438,0.040796002485847,0.0545568461013327,-0.0197718221148947,0.1996242083794229,0.0596687692053132,0.0571560358774902,0.076013370809971,-0.0163446016046577,0.022022364323233,0.0353048549403579,-0.0132824906171248,0.1029445430417232,0.0163929953689032,0.1228091413890589,0.029217600230883,8,59,0.934959349593496,target_prevalence,0.0451751590486276,0.0505412263711785,-0.0053660673225508,-0.0125689447187228,-0.0144057547923439,0.0989760690111902,0.2187425519347851,-0.1197664829235948,0.8717948717948716,0.7179487179487178,1.0,0.6666666666666666,0.4809308397891572,0.3314606210423851,4.281458879740158,4.257755824981822,-0.0237030547583358,,,,,1.7763568394002505e-15,False
Switzerland,lightgbm,2,0,2,22260729,41260940,41260941,557,240,123,83,41,78,0.934959349593496,0.8762414056531704,0.782608695652174,-0.0936327100009964,0.0022918258212375,0.8581767082846541,0.975815556593066,0.4620202736282156,0.8089741898674587,0.1459412646882478,0.2810150365850573,0.1328346316242631,0.0588112500519866,0.076025673323044,0.0673797006719125,-0.0085684506199259,0.2512201248215939,0.0113460014411377,0.0026459305580529,0.0421495200603352,-0.0308035186191975,0.0240927404799524,0.0104720326927688,0.0136207077871835,-0.0033067920333876,0.025998794915663,0.0785638279688461,0.0057352121518243,8,59,0.934959349593496,target_prevalence,0.2224135564065518,0.0890450589206622,0.1333684974858895,0.0624000234329818,-0.1419369481058155,0.1255284755165512,0.212967165764444,-0.0874386902478928,0.6923076923076922,0.6153846153846153,0.6666666666666666,0.6666666666666666,0.4395920536179622,0.208028879641084,4.482452132509824,4.120547565247359,-0.3619045672624645,,,,,9.325873406851317e-15,False
VA Long Beach,logistic,2,0,2,23260729,50260940,50260941,504,216,200,87,44,65,0.745,0.8716453742604818,0.7423345176996974,-0.1293108565607844,0.0122609963131271,0.8783124420088045,0.859528368206308,0.4562273382876196,0.5805774992902207,0.1474591812989898,0.1888233192547898,0.0987242204502258,0.0837548962560758,0.0081072365466363,0.0218535182127104,0.0619013780433654,0.2568024029832352,0.0315492294708107,0.0124051872829028,0.0320708780601063,-0.0005216485892955,0.0234759503717755,0.0275073895553828,-0.0040314391836072,0.0480253092647602,0.0150731496768613,0.041384119906481,0.0227576362137317,51,54,0.745,target_prevalence,0.0834301324091071,0.0193461054928049,0.0640840269163022,0.0629927024798338,-0.0021826488729368,0.0997983373955998,0.3004214803863078,-0.200623142990708,0.8717948717948716,0.3333333333333332,1.0,0.25,0.3186566119200408,0.3810681966365702,3.846579460583305,3.739678214260066,-0.1069012463232379,,,,,1.7763568394002505e-15,False
VA Long Beach,lightgbm,2,0,2,23260729,51260940,51260941,504,216,200,87,44,65,0.745,0.8883649146874733,0.6532438478747203,-0.2351210668127529,0.0044585441138643,0.9013359999932836,0.8114671960500282,0.4707265079763373,0.8143370561416945,0.1446308058813916,0.2426000515585342,0.0941825810529902,0.0339384786439023,0.0122727066000553,0.0112716306611256,0.0226668479827766,0.1826050377732607,0.0327484350279709,0.0009972553878171,0.0077090168898233,0.0250394181381476,0.0198356331183257,0.004901868266113,0.0149337648522127,0.0591010919864306,0.0063957780695113,0.0134378916320893,0.0019801421475573,51,54,0.745,target_prevalence,0.0282664681182067,0.0258072374208975,0.0024592306973092,0.0125630393400429,0.0202076172854673,0.1129148149136298,0.1885291690158759,-0.0756143541022461,0.8717948717948716,0.6153846153846153,0.6666666666666666,0.6666666666666666,0.4402946965002677,0.3762659185453931,5.930670841345561,5.858399208703591,-0.0722716326419705,,,,,8.881784197001252e-15,False
Cleveland,logistic,3,0,3,20260729,20261040,20261041,431,186,303,79,48,36,0.4587458745874587,0.8727075289575289,0.8286541498508511,-0.0440533791066778,0.0027750965250964,0.8808850774554404,0.808590606658245,0.4336932176943169,0.5515776613677325,0.1313253840953273,0.1820851443549598,0.0678790115752758,0.0807904818383907,0.0122103518325935,0.0143831462677636,0.0664073355706271,0.2033616584630348,0.0617046844262142,-0.0034232737172554,0.0200836655792544,0.0416210188469597,0.0620665644050445,0.0206568028087778,0.0414097615962666,0.0660906697696377,0.0573186990827906,0.0270300888010786,0.0131372423574301,37,56,0.4587458745874587,target_prevalence,0.0659938810784794,0.0302205785244293,0.03577330255405,0.0510903190623386,0.030634033016577,0.2329773316136438,0.2189313645332006,0.0140459670804432,0.5897435897435896,0.6153846153846153,0.6666666666666666,0.6666666666666666,0.4054994881566455,0.5903820548471106,3.4404355170509358,4.099794523233821,0.6593590061828856,,,,,1.7763568394002505e-15,False
Cleveland,lightgbm,3,0,3,20260729,21261040,21261041,431,186,303,79,48,36,0.4587458745874587,0.8537644787644787,0.7979031409019126,-0.055861337862566,0.0111003861003861,0.876111844609198,0.7764913556060656,0.4917959527421647,0.6938978764290321,0.148111233002999,0.2238106308910384,0.1146865918442868,0.0530221598471976,0.0080775771468137,0.0253160699237181,0.0277060899234794,0.2906052422993505,0.0691584738007367,-0.0036823806620427,0.0302070216661277,0.0389514521346089,0.0681305094683523,0.0309624409417751,0.0371680685265771,0.0566995460922383,0.081617401509235,0.0393627032869752,0.0210513400452801,37,56,0.4587458745874587,target_prevalence,0.0541556054592641,0.0185818240478375,0.0355737814114265,0.0316399356674529,-0.007867691487947,0.15068631177653,0.1897249969213656,-0.0390386851448355,0.7435897435897434,0.769230769230769,0.6666666666666666,0.6666666666666666,0.4671519355403883,0.3942194449035596,4.696452218399989,4.797926129566431,0.1014739111664422,,,,,1.021405182655144e-14,False
Hungary,logistic,3,0,3,21260729,30261040,30261041,438,188,294,66,43,24,0.3605442176870748,0.868976651763537,0.8655158570855078,-0.0034607946780291,0.0122950819672131,0.8985036384263162,0.8206588422473268,0.429982497077963,0.4398137288115789,0.1317096870454713,0.1407640840090741,0.0653243215423138,0.0386166584766667,0.0073333045477014,0.0163779906708286,0.0222386678058381,0.1610617824911768,0.0519216416551461,0.014997617548371,0.0322152640138266,0.0197063776413195,0.0433168637181044,0.0337694213789455,0.0095474423391589,0.0210703646613625,0.0827729186489297,0.0377874867619359,0.0266430412657172,33,61,0.3605442176870748,target_prevalence,0.0604575245228933,0.0181861139912667,0.0422714105316265,0.0322550391687323,-0.0200327427257884,0.0941964640260541,0.2082063216158561,-0.114009857589802,0.8205128205128204,0.5384615384615383,0.6666666666666666,0.4285714285714285,0.6427749544881691,0.4951106583446583,4.683631763956838,4.214499668286954,-0.4691320956698845,,,,,1.7763568394002505e-15,True
Hungary,lightgbm,3,0,3,21260729,31261040,31261041,438,188,294,66,43,24,0.3605442176870748,0.8165673124689519,0.8312926535527901,0.0147253410838382,0.0053402881271732,0.8424333222395454,0.7656768074071453,0.5023781860625623,0.5414934276025527,0.1498828922531574,0.1765206306598618,0.1340920994111822,0.0589416284921984,0.0197570271999419,0.0249483019655794,0.033993326526619,0.2452384954778444,0.0481405732894344,-0.004493413775757,0.0198577391229854,0.028282834166449,0.0480029181069801,0.0202016069737788,0.0278013111332013,0.0476470290986837,0.0486341174801851,0.021090631173391,0.0186248470725798,33,61,0.3605442176870748,target_prevalence,0.0893871730890258,0.0383801167559323,0.0510070563330935,0.0425001914298563,-0.0170137298064744,0.0834737418163139,0.2216653223267656,-0.1381915805104516,0.8974358974358972,0.6923076923076922,1.0,0.6666666666666666,0.8733163465097067,0.8470514394206983,4.511062792581372,4.907544639796665,0.3964818472152931,,,,,8.881784197001252e-15,False
Switzerland,logistic,3,0,3,22260729,40261040,40261041,557,240,123,83,41,78,0.934959349593496,0.8977012292520314,0.6673913043478261,-0.2303099249042053,0.0175706646294881,0.8877314163097186,0.9576123578540018,0.408041465894301,0.7845547321070113,0.1259640018273328,0.2650590332125962,0.0617966449867401,0.0270095128503081,0.0114018407434614,0.0088306171818763,0.0181788956684317,0.1859152194557835,0.0074184145794787,-0.0053857356344511,0.0155779347456533,-0.0081595201661746,0.0418458305010155,0.0294692808593098,0.0123765496417057,-0.0321570261527551,0.0469938553117126,-0.0003906220018208,0.0315464914931276,8,59,0.934959349593496,target_prevalence,0.0397521901714371,0.0191040870594895,0.0206481031119476,0.0194134993901897,-0.0024692074435158,0.0879528934206472,0.2471467658409228,-0.1591938724202755,0.8717948717948716,0.6410256410256409,0.6666666666666666,0.6666666666666666,0.4896444121007607,0.7534074504514189,4.518600847143435,4.158817777819982,-0.3597830693234529,,,,,1.7763568394002505e-15,False
Switzerland,lightgbm,3,0,3,22260729,41261040,41261041,557,240,123,83,41,78,0.934959349593496,0.8671435516355304,0.7358695652173913,-0.131273986418139,0.0113202305715672,0.8427546948613382,0.97111803899378,0.4798138285945203,0.6502051940225327,0.1484128677110794,0.224741727457387,0.1074110920826635,0.0551341376103635,0.0466703913418138,0.0567491168341358,-0.0016149792237722,0.2093650189318559,0.032959184759522,0.0102774083243833,0.0245236575063974,0.0084355272531246,0.0391296328129747,0.0162941390639176,0.0228354937490571,0.0258660528849923,0.0400523166340517,0.0339837581458836,0.0150635568669112,8,59,0.934959349593496,target_prevalence,0.0649752509803074,0.0481254799267927,0.0168497710535147,0.0076173959148712,-0.018464750277287,0.1147788071122629,0.1257028711755524,-0.0109240640632894,0.6923076923076922,0.6923076923076922,1.0,0.6666666666666666,0.54244621910298,0.2574431181716889,4.659152249194467,4.4908643457376485,-0.1682879034568181,,,,,8.437694987151191e-15,False
VA Long Beach,logistic,3,0,3,23260729,50261040,50261041,504,216,200,87,44,65,0.745,0.8829632170110606,0.7018028687985262,-0.1811603482125344,0.0061733687730429,0.8840686743100681,0.8548033274571063,0.4458396760290138,0.6338942609198162,0.1383446181590274,0.2058277466764935,0.0609159238389385,0.0472244790550663,0.0012766531438519,0.008480881792281,0.0387435972627853,0.150764070394205,0.0463212102197513,-0.0074344720997432,0.0044954299374815,0.0418257802822698,0.0363682602858574,0.0018202783652542,0.0345479819206031,0.0666333529419838,0.0260090674975189,0.0099549229420268,-0.0009640630670638,51,54,0.745,target_prevalence,0.0435846843701236,0.0066641315004304,0.0369205528696932,0.0378320750662392,0.0018230443930921,0.1158856198270645,0.1847511252011968,-0.0688655053741323,0.8205128205128204,0.6923076923076922,1.0,0.6666666666666666,0.2648907828958851,0.3631290092274218,4.979517873380853,4.44741735278507,-0.5321005205957832,,,,,1.7763568394002505e-15,False
VA Long Beach,lightgbm,3,0,3,23260729,51261040,51261041,504,216,200,87,44,65,0.745,0.8851924890679929,0.6729832872746414,-0.2122092017933514,0.0047157678127411,0.8995935650658508,0.810698122529137,0.4800907092577177,0.7666734830757294,0.147212688321514,0.2326659333478057,0.0866311985490505,0.0207745023332176,-0.0010179741308485,0.0030646748608166,0.017709827472401,0.1637343480269471,0.0506851363909179,-0.0083901941172451,-0.005903773979412,0.05658891037033,0.0443668493968194,-0.0066077407148668,0.0509745901116863,0.0635795996441801,0.0377906731376557,-0.0044671071723614,-0.0073404407864626,51,54,0.745,target_prevalence,0.022836623225462,0.0054451165496278,0.0173915066758342,0.0175506670741176,0.0003183207965667,0.0791053762206173,0.1126723334961462,-0.0335669572755289,0.8717948717948716,0.7435897435897434,0.6666666666666666,0.6666666666666666,0.6642510836056518,0.7735991546145898,5.960506224200594,5.750871630349909,-0.2096345938506845,,,,,1.0658141036401504e-14,False
Cleveland,logistic,4,1,0,20270729,20270740,20270741,431,186,303,79,48,36,0.4587458745874587,0.859073359073359,0.7379803474293735,-0.1210930116439855,0.0180984555984556,0.8600871736466085,0.7002654822447714,0.4661673722336411,0.7089238319234558,0.1424539484087622,0.2343971747746643,0.104501012709376,0.0528752660155068,-0.0066637662434329,0.0040614254319755,0.0488138405835313,0.2101465056351369,0.0645251015092606,-0.0005649878560926,0.0160902027698345,0.048434898739426,0.0641075711873711,0.0164401318370877,0.0476674393502834,0.0594646340079606,0.0695855690105605,0.0203313430649436,0.0118490624747255,37,56,0.4587458745874587,target_prevalence,0.0781322903773101,0.0049004591516372,0.0732318312256729,0.0610228359046021,-0.0244179906421415,0.2307312797678556,0.2668025687588158,-0.0360712889909601,0.6410256410256409,0.4871794871794871,0.4285714285714285,0.6666666666666666,0.6600794443042683,0.804375263748859,4.379054226285837,4.938182112828533,0.5591278865426954,0.9713020833333332,0.96375,0.8974358974358972,0.3846153846153845,1.7763568394002505e-15,False
Cleveland,lightgbm,4,1,0,20270729,21270740,21270741,431,186,303,79,48,36,0.4587458745874587,0.8468870656370656,0.8391823126864362,-0.0077047529506294,0.0089285714285715,0.8480901810224712,0.8245913728232109,0.4783568975916064,0.5133512806841698,0.1414228918126821,0.1711424358170079,0.0996439302628533,0.0150539009852751,0.0063704606883639,0.0049701982556694,0.0100837027296056,0.2024076421877073,0.027247789634232,0.0030321065499139,0.0110431637073856,0.0162046259268464,0.0274320139517937,0.0114237449442612,0.0160082690075324,0.0294805883630795,0.0250149909053845,0.0156558082983183,0.0064305191164528,37,56,0.4587458745874587,target_prevalence,0.0286223412892845,0.009633542891126,0.0189887983981584,0.014536250563882,-0.0089050956685527,0.1217790368193671,0.1403244623781948,-0.0185454255588276,0.7948717948717947,0.769230769230769,0.6666666666666666,0.6666666666666666,0.8119016000285562,0.9872335315404542,4.482912754596916,4.469393975227033,-0.0135187793698836,0.94390625,0.8153645833333334,0.0769230769230769,0.4358974358974358,1.0658141036401504e-14,True
Hungary,logistic,4,1,0,21270729,30270740,30270741,438,188,294,66,43,24,0.3605442176870748,0.8361897665176354,0.8696808510638299,0.0334910845461944,0.003725782414307,0.867493089929702,0.7985351846174957,0.5047218568089493,0.4382030627532449,0.1532805998182279,0.1377869864437648,0.0627698579009226,0.0621753554237731,0.0138471493591959,0.0191002743719729,0.0430750810518001,0.1452574387409502,0.0662741031785205,-0.0040933852856743,0.0032029780270176,0.0630711251515029,0.0656735867628077,0.0024636189436775,0.0632099678191301,0.0641210321270624,0.0684271742299786,0.0005521052160179,0.0058538508380172,33,61,0.3605442176870748,target_prevalence,0.0435314418512177,0.0195780674317207,0.0239533744194969,0.0335142277356485,0.0191217066323031,0.1169947185539725,0.2057271050585391,-0.0887323865045666,0.6923076923076922,0.3589743589743589,0.4285714285714285,0.25,0.6165892439800247,0.2610583067443298,5.028801478617772,4.901016451567573,-0.1277850270501987,0.9032967032967032,0.9023668639053256,0.282051282051282,0.4615384615384614,1.7763568394002505e-15,False
Hungary,lightgbm,4,1,0,21270729,31270740,31270741,438,188,294,66,43,24,0.3605442176870748,0.8108544461003477,0.8814231232436772,0.0705686771433294,0.0259562841530054,0.8707152790209305,0.7968285052520893,0.5610917679124324,0.4351999025944136,0.1725471157465717,0.133479333959059,0.1246016343624602,0.0392549080443606,0.003702074293543,0.0054290902024946,0.033825817841866,0.2573386285434433,0.0281659900998527,-0.0041177503372153,0.0188493229922502,0.0093166671076024,0.0266460310686079,0.0183382712379715,0.0083077598306364,0.0227163808902678,0.0336155993094376,0.0170170154830071,0.0206816305014934,33,61,0.3605442176870748,target_prevalence,0.0887499353760816,0.0230848624723062,0.0656650729037754,0.0497454453728207,-0.0318392550619094,0.101941658271987,0.2119249345677617,-0.1099832762957747,0.6923076923076922,0.5128205128205127,0.4285714285714285,0.4285714285714285,0.6063169424283312,0.5911284315006171,4.959528974747777,5.178996744343714,0.219467769595937,0.9290786136939984,0.8715976331360947,0.2564102564102563,0.4358974358974358,8.881784197001252e-15,False
Switzerland,logistic,4,1,0,22270729,40270740,40270741,557,240,123,83,41,78,0.934959349593496,0.8941593166192097,0.741304347826087,-0.1528549687931226,0.0104868393638447,0.8869732916093006,0.9688334066953024,0.4158614344568506,0.6116556058672968,0.1267873193643318,0.2033007470351752,0.0764194777102587,0.0480434759941414,0.0307822191161321,0.0383658113973223,0.0096776645968191,0.1894404881957949,0.0261275339987872,-0.0094041143301183,0.007795326633146,0.0183322073656412,0.0577489946204549,0.0159296744703288,0.0418193201501261,-0.0102223693326625,0.062477437330237,-0.0015553722824939,0.017146025548786,8,59,0.934959349593496,target_prevalence,0.0955232621047071,0.0335922287533531,0.061931033351354,0.0358043489740865,-0.0522533687545349,0.1225562958823513,0.1956733414710229,-0.0731170455886716,0.8717948717948716,0.6153846153846153,0.6666666666666666,0.6666666666666666,0.5217270407054095,0.6306709148814207,3.801765181749681,3.860343547695341,0.0585783659456602,0.9882352941176472,0.9985294117647058,0.6153846153846153,-0.1025641025641025,1.3322676295501878e-15,False
Switzerland,lightgbm,4,1,0,22270729,41270740,41270741,557,240,123,83,41,78,0.934959349593496,0.8672130009028404,0.8347826086956522,-0.0324303922071881,0.0022223765539273,0.8577791633672948,0.9747807270279184,0.4898011278570611,0.4486928366796716,0.1510812503783986,0.1409718964340023,0.1178118169103021,0.0592892741489025,0.0387968418344515,0.0402554902043468,0.0190337839445556,0.2307958311337114,0.0330287453289413,-0.0186020451227945,-0.0102847504655851,0.0433134957945264,0.0631051383642167,0.0024770866628092,0.0606280517014075,-0.0015450522723565,0.0676025429302392,-0.0249548996879449,0.0043853987567747,8,59,0.934959349593496,target_prevalence,0.0532847573499746,0.0537557091957907,-0.000470951845816,0.0092814160493698,0.0195047357903717,0.0772505633003585,0.1762325877890676,-0.098982024488709,0.846153846153846,0.4871794871794871,0.6666666666666666,0.4285714285714285,0.8011118654664745,0.6908709399978641,4.905683196904107,4.862676354887221,-0.0430068420168856,0.9640138408304498,0.8846885813148789,0.3076923076923076,-0.0256410256410256,9.707512571566213e-15,False
VA Long Beach,logistic,4,1,0,23270729,50270740,50270741,504,216,200,87,44,65,0.745,0.8674440538454943,0.7123305698118174,-0.1551134840336768,0.0069450398696733,0.8687844118342178,0.8506212644809575,0.4842224703064339,0.5836984004812861,0.147759995524053,0.1877750574328202,0.0709166401384155,0.0545858618325709,0.0105354317845139,0.0074146584260973,0.0471712034064735,0.1378760101264667,0.0491358637164366,0.000180873097262,0.003774387100055,0.0453614766163816,0.0402193661204614,0.0045845829407491,0.0356347831797123,0.0673327975857738,0.0309389298470994,0.0021209262006792,0.0054278479994307,51,54,0.745,target_prevalence,0.0501868573507876,0.0192733649476929,0.0309134924030947,0.0390423479047841,0.0162577110033788,0.1444305692036185,0.1304663948176764,0.0139641743859421,0.6923076923076922,0.7179487179487178,0.6666666666666666,0.6666666666666666,0.4442020111508235,0.5547957545838171,5.245140379308654,4.864602039956764,-0.3805383393518902,0.8844675124951943,0.8703191080353709,0.5384615384615383,0.2051282051282051,2.664535259100376e-15,False
VA Long Beach,lightgbm,4,1,0,23270729,51270740,51270741,504,216,200,87,44,65,0.745,0.8524393380776816,0.6743650480326357,-0.1780742900450458,0.0328388922232701,0.8493065024908498,0.8174797199465347,0.5844438690778987,0.9247225754917456,0.1712231419844963,0.2655935869082486,0.1347313479972633,0.0440113790624212,0.0260004145435838,0.0406980269904804,0.0033133520719408,0.2303725489559984,0.0320119836052882,0.0078151605598493,0.0405169031901126,-0.0085049195848243,0.0217572998682781,0.0419569650386696,-0.0201996651703915,0.0529399095991865,0.0110840576113899,0.0375780014583636,0.0434558049218616,51,54,0.745,target_prevalence,0.0385743839282132,0.0282560708300916,0.0103183130981216,0.0068158325850312,-0.0070049610261808,0.0597720951570177,0.2035395983933844,-0.1437675032363667,0.8717948717948716,0.6153846153846153,1.0,0.6666666666666666,0.1285213531859325,0.2733707588622139,5.765769667697665,5.827489962014877,0.0617202943172117,0.8456362937331795,0.8609381007304883,0.0769230769230769,-0.5548502571494472,9.769962616701378e-15,False
Cleveland,logistic,5,1,1,20270729,20270840,20270841,431,186,303,79,48,36,0.4587458745874587,0.8804295366795366,0.8044393753290051,-0.0759901613505315,0.0166505791505791,0.8848196832710249,0.7952789422562871,0.4522671155817853,0.5924605293422056,0.1263083938921898,0.1962874810589006,0.0913150023736393,0.059087519836801,0.0256274607142542,0.0398838859105147,0.0192036339262863,0.2097757735778337,0.0911594091679718,-0.0031340350848442,0.0206509779476311,0.0705084312203406,0.0904306996063294,0.0205975990033412,0.0698331006029881,0.0823274492808665,0.0999913690550771,0.020004025142838,0.0212979307524242,37,56,0.4587458745874587,target_prevalence,0.0568346578383229,0.0258026098271155,0.0310320480112073,0.0251178409687468,-0.011828414084921,0.1690325804720742,0.2810327511771965,-0.1120001707051222,0.7435897435897434,0.5384615384615383,1.0,0.6666666666666666,0.492701425288458,0.5085725154084312,4.663723145635293,4.630884521029446,-0.0328386246058469,,,,,2.220446049250313e-15,False
Cleveland,lightgbm,5,1,1,20270729,21270840,21270841,431,186,303,79,48,36,0.4587458745874587,0.8654681467181466,0.8305404456922266,-0.03492770102592,0.0211148648648649,0.8687231198261556,0.8219203254628074,0.5110096611365085,0.571219106190063,0.1512797489299098,0.1829697791142266,0.1185650483646002,0.0623234057477756,0.0369408014866821,0.0701324157113069,-0.0078090099635312,0.2860975214831672,0.0366348648361107,-0.0017800847562998,0.0146404956707451,0.0219943691653656,0.0358406171912585,0.0145726484652995,0.0212679687259589,0.0270085833805018,0.0462611462917197,0.0138181875407448,0.0154628038007454,37,56,0.4587458745874587,target_prevalence,0.0407116721363114,0.0139563660922532,0.0267553060440581,0.0094731480402634,-0.0345643160075894,0.1259514278861346,0.222290057051528,-0.0963386291653934,0.948051948051948,0.7871131554910763,1.0,1.0,0.5362128135390707,0.2819230908422313,4.6247863178990976,4.35920633515164,-0.2655799827474574,,,,,9.769962616701378e-15,False
Hungary,logistic,5,1,1,21270729,30270840,30270841,438,188,294,66,43,24,0.3605442176870748,0.832588176850472,0.8863408269771176,0.0537526501266455,0.0017386984600098,0.8832935578240554,0.833122456129062,0.4757672427126159,0.4550855531491485,0.1487811141492334,0.1471967935315653,0.0959170158821615,0.049702704437875,-0.0004637463589097,0.0076413104300253,0.0420613940078496,0.2168537332753955,0.0802243082020873,-0.0043986625726051,0.008471736237064,0.0717525719650232,0.0831641852439616,0.0086429077346026,0.0745212775093589,0.090764842961978,0.0696837734421966,0.0090854486794585,0.0078580237946696,33,61,0.3605442176870748,target_prevalence,0.0525796513055794,0.01041948413619,0.0421601671693893,0.0421107805886195,-9.877316153966698e-05,0.0879576693965782,0.2206746952967257,-0.1327170259001474,0.769230769230769,0.4102564102564102,0.6666666666666666,0.6666666666666666,0.7685581883935979,0.2930926366073824,4.133734636566956,4.279988487359859,0.1462538507929025,,,,,1.7763568394002505e-15,False
Hungary,lightgbm,5,1,1,21270729,31270840,31270841,438,188,294,66,43,24,0.3605442176870748,0.7988077496274217,0.8557306302689682,0.0569228806415464,0.036140089418778,0.8726492425278828,0.7438228529983323,0.5749571807464391,0.5233507224467244,0.1798222077621382,0.1689997325008438,0.1038996322809696,0.05337801064214,0.0024278299929569,0.0072150647943423,0.0461629458477977,0.2268500631468094,0.0520943343152638,0.001495981678615,0.0089452653079242,0.0431490690073395,0.050448657935657,0.007720898512122,0.0427277594235349,0.0461939824176491,0.0579946862128784,0.0045554624059017,0.0133350682099467,33,61,0.3605442176870748,target_prevalence,0.0406043576356655,0.0166596351529421,0.0239447224827234,0.0350538341652605,0.0222182233650742,0.101750232498593,0.1726519177838277,-0.0709016852852347,0.6153846153846153,0.4615384615384614,0.6666666666666666,0.25,0.4994566682721427,0.5511741781990441,4.562427614202499,4.887159345728147,0.3247317315256479,,,,,8.437694987151191e-15,False
Switzerland,logistic,5,1,1,22270729,40270840,40270841,557,240,123,83,41,78,0.934959349593496,0.8997847072713383,0.7260869565217392,-0.1736977507495991,0.0002083478019305,0.898705346840865,0.9712670348224788,0.4022406111861404,0.7407572180367691,0.1287006442320867,0.2597085383191145,0.0652582852888305,0.1149198404781911,0.0474967134481243,0.0570784222227997,0.0578414182553913,0.1511647146552853,0.0859283174905263,-0.018606567540209,0.0070984777289188,0.0788298397616074,0.0888525152594848,0.0080695740876686,0.0807829411718161,0.0825668565037797,0.0892897784772729,0.0059821706997018,0.0082147847581359,8,59,0.934959349593496,target_prevalence,0.0834554463841162,0.0616584180061736,0.0217970283779426,0.0398192233166669,0.0360443898774486,0.1941021150764432,0.2296947056776402,-0.0355925906011969,0.5897435897435896,0.4102564102564102,0.4285714285714285,0.6666666666666666,0.690327200176161,0.646468647726763,3.7903342649361536,4.257094779807306,0.4667605148711518,,,,,8.881784197001252e-16,False
Switzerland,lightgbm,5,1,1,22270729,41270840,41270841,557,240,123,83,41,78,0.934959349593496,0.8626987985276755,0.75,-0.1126987985276755,0.0156955344121119,0.8460081574964128,0.9758474811637396,0.4793110885538026,0.6452999641458065,0.1548515870807267,0.2216504998424154,0.1500876329468144,0.0428810660210637,0.0180351788041429,0.0394218734346227,0.0034591925864409,0.2969788833017798,0.0281396357434655,-0.0357578274564038,-0.0101949500207168,0.0383345857641823,0.0397324136043904,0.0239111423079684,0.015821271296422,0.0148133583893181,0.0414659130976128,-0.0494010187723831,0.0290111187309494,8,59,0.934959349593496,target_prevalence,0.0528290145529967,0.034862877355722,0.0179661371972746,0.0107126648918578,-0.0145069446108337,0.0936633199904505,0.2881094289022419,-0.1944461089117914,0.846153846153846,0.2564102564102563,1.0,0.4285714285714285,0.7868606399741248,0.8737290240150402,4.35553852020059,3.991621802617393,-0.3639167175831974,,,,,6.661338147750939e-15,False
VA Long Beach,logistic,5,1,1,23270729,50270840,50270841,504,216,200,87,44,65,0.745,0.871559633027523,0.7118041847611527,-0.1597554482663703,0.0149189745348539,0.879589483670922,0.8621866822856564,0.4788211139919852,0.6192359458792076,0.1514052071160893,0.1989538232272976,0.062999701739633,0.0299051670885337,0.0081719381301323,0.0091403447166723,0.0207648223718613,0.1459454342137392,0.0454589878564966,-0.0033298766974698,0.006748494143986,0.0387104937125105,0.0359412970479408,0.0059260136247492,0.0300152834231915,0.0648828466494676,0.0260351290635256,0.0084270258158978,0.0050699624720742,51,54,0.745,target_prevalence,0.0398906421384784,0.010604183594566,0.0292864585439123,0.0250256404578868,-0.0085216361720509,0.1277252841111223,0.2026091486376636,-0.0748838645265413,0.6666666666666665,0.4871794871794871,0.4285714285714285,0.4285714285714285,0.746104541447049,0.7347087427164894,5.131630552510503,5.045174220603767,-0.0864563319067359,,,,,2.664535259100376e-15,False
VA Long Beach,lightgbm,5,1,1,23270729,51270840,51270841,504,216,200,87,44,65,0.745,0.8597273428791906,0.6834451901565995,-0.176282152722591,0.003429649318357,0.8554224182899511,0.8244507758026174,0.5376264703805,0.7365224384601234,0.1560321752592255,0.2218439850442471,0.1064430619084196,0.0443816311526977,0.0073447035299953,0.0131462539263103,0.0312353772263874,0.2081901888930538,0.0380210356502068,-0.00178279850471,0.0191661608229728,0.018854874827234,0.024611021511293,0.0169797213523638,0.0076313001589292,0.0653884114439085,0.0106536598565052,0.0236282821915626,0.014704039454383,51,54,0.745,target_prevalence,0.0349317692931506,0.0232652461122051,0.0116665231809455,0.0214509502036664,0.0195688540454419,0.0890360770451007,0.2029931093386996,-0.1139570322935988,0.8717948717948716,0.6666666666666665,1.0,0.6666666666666666,0.4441150948493399,0.5780522771804854,5.487572155950277,5.49525019563405,0.007678039683773,,,,,1.199040866595169e-14,False
Cleveland,logistic,6,1,2,20270729,20270940,20270941,431,186,303,79,48,36,0.4587458745874587,0.8658301158301158,0.8426478329531497,-0.0231822828769661,0.009169884169884,0.8692167412591203,0.8237719453237029,0.4595423345621384,0.570988950074953,0.1402072890192726,0.172134089612278,0.0560910409380957,0.0598054457646357,0.0010333805945528,0.0173020659747397,0.0425033797898959,0.1838539430594277,0.0784965124523174,-0.0073462563027433,0.0129393714983352,0.0655571409539822,0.0790897304698111,0.0134015427331301,0.065688187736681,0.0856863148243408,0.0713067100802941,0.0185408868640497,0.0073378561326206,37,56,0.4587458745874587,target_prevalence,0.0376401994788194,0.0083188277601523,0.0293213717186671,0.0359123757542815,0.0131820080712288,0.1737952252308391,0.21863509819015,-0.0448398729593109,0.8205128205128204,0.6666666666666665,0.6666666666666666,0.6666666666666666,0.8686400873496015,0.6562392378375109,4.535253825604534,5.026289294143817,0.491035468539283,,,,,1.7763568394002505e-15,False
Cleveland,lightgbm,6,1,2,20270729,21270940,21270941,431,186,303,79,48,36,0.4587458745874587,0.8537644787644788,0.8047903140901912,-0.0489741646742876,0.0193050193050192,0.8549274738608872,0.7779303431597936,0.4911134758713725,0.5837115913678208,0.1496000688601976,0.187616241867234,0.1045742561357566,0.0541591164403403,-0.0054551502734914,0.0190901224254378,0.0350689940149024,0.2838243816457135,0.0877705428715764,-0.0093940166457734,0.028971737179726,0.0587988056918503,0.0853234419924807,0.0286212050503195,0.0567022369421611,0.0581116802169366,0.1174294055262161,0.0247232877713187,0.0332201865881334,37,56,0.4587458745874587,target_prevalence,0.0278261522824605,0.0135225091021737,0.0143036431802867,0.0246863185975946,0.0207653508346157,0.1192578226630003,0.196201496205931,-0.0769436735429307,0.9230769230769228,0.769230769230769,1.0,0.6666666666666666,0.9220194654641548,0.5616170234606793,4.31746118299724,4.078643827471267,-0.2388173555259731,,,,,1.0658141036401504e-14,False
Hungary,logistic,6,1,2,21270729,30270940,30270941,438,188,294,66,43,24,0.3605442176870748,0.8632637853949329,0.8671718185467683,0.0039080331518354,0.0228514654744163,0.902754384754082,0.8141015879097911,0.4489443483779546,0.4661786456845786,0.1386543588752731,0.1494959781571714,0.0792895054163145,0.0870666698830358,0.0176723621389236,0.0212139191492913,0.0658527507337444,0.2007122187545693,0.0948992448154878,0.0039555074837051,0.0122953109878637,0.082603933827624,0.0914555504672137,0.0139544179929469,0.0775011324742668,0.0825523406887492,0.1072461489422263,0.0182438165914549,0.0063468053842725,33,61,0.3605442176870748,target_prevalence,0.0805197904436245,0.0279706059196971,0.0525491845239274,0.0592009676288359,0.013303566209817,0.1123427068757089,0.2601627403871841,-0.1478200335114752,0.769230769230769,0.3333333333333332,0.6666666666666666,0.4285714285714285,0.2519477021243995,0.136924062747403,4.985987787969,4.582353861625903,-0.4036339263430966,,,,,1.7763568394002505e-15,True
Hungary,lightgbm,6,1,2,21270729,31270940,31270941,438,188,294,66,43,24,0.3605442176870748,0.8461251862891206,0.8329987956643918,-0.0131263906247287,0.0489319423745652,0.9015997733961904,0.7250573376423313,0.5033540164823914,0.5570640742980713,0.1576990273769808,0.1708784977360821,0.1217579793410096,0.0654299976799245,0.0323592156705311,0.0332416280798826,0.0321883696000419,0.2607610466892776,0.0393558664639699,0.0064814281729738,0.0364679653589255,0.0028879011050444,0.0332171883995919,0.0410985602680454,-0.0078813718684534,0.0173464597453463,0.0613652731825935,0.0530703422282091,0.0198655884896418,33,61,0.3605442176870748,target_prevalence,0.0450873439846259,0.037057629224487,0.0080297147601389,0.0201090421800904,0.0241586548399029,0.0701582399515287,0.2034710988878688,-0.1333128589363401,0.8717948717948716,0.4615384615384614,1.0,0.4285714285714285,0.5667331563412424,0.3482171780445313,4.993695860854528,5.1354681771975805,0.1417723163430526,,,,,9.769962616701378e-15,True
Switzerland,logistic,6,1,2,22270729,40270940,40270941,557,240,123,83,41,78,0.934959349593496,0.8795749704840614,0.808695652173913,-0.0708793183101483,0.0019445794846864,0.8771845288017427,0.9831415919172092,0.4442733844730118,0.5542194655322196,0.1384772981844687,0.1862944910171333,0.0878653369503329,0.0417705785194768,0.0118354730388327,0.0303046976925758,0.011465880826901,0.1756330647240324,0.105018497811733,0.0373735621364647,0.0183868601764502,0.0866316376352828,0.0662694967122795,0.0209021971614935,0.0453672995507859,0.1495617420662451,0.060475253557221,0.0154953980347649,0.0212783223181355,8,59,0.934959349593496,target_prevalence,0.0290636154840913,0.0180008608994073,0.011062754584684,0.0112643177057925,0.000403126242217,0.1326478598518206,0.2169838092354435,-0.0843359493836229,0.7948717948717947,0.564102564102564,1.0,0.6666666666666666,0.6928073890999149,0.8079614628725991,4.37260916067877,4.519540352607888,0.1469311919291183,,,,,1.7763568394002505e-15,False
Switzerland,lightgbm,6,1,2,22270729,41270940,41270941,557,240,123,83,41,78,0.934959349593496,0.8742273769011737,0.7228260869565218,-0.1514012899446518,0.0018751302173761,0.8470539143270944,0.9702709061521102,0.455922580632224,0.5955465809241163,0.1442775288914322,0.1969080739376207,0.1071300560838041,0.0349710691607039,0.0388323109936685,0.026257217833645,0.0087138513270588,0.2150272401735724,0.032197137223575,0.0064588079459716,0.016115952878437,0.016081184345138,0.0479605222047709,0.0039469407248892,0.0440135814798817,0.014076610562948,0.0503176638842021,0.0301046304007396,0.0021272753561344,8,59,0.934959349593496,target_prevalence,0.0339806557404868,0.0557093771249715,-0.0217287213844847,-0.0065074350287129,0.0304425727115436,0.0753476745747756,0.1035242729741368,-0.0281765983993612,0.8974358974358972,0.8205128205128204,1.0,1.0,0.865016850600264,0.6969788318074206,4.578906047029281,4.161283140193095,-0.4176229068361863,,,,,1.0658141036401504e-14,False
VA Long Beach,logistic,6,1,2,23270729,50270940,50270941,504,216,200,87,44,65,0.745,0.8663294178170282,0.72417423345177,-0.1421551843652582,0.0075452285003857,0.862554600405265,0.868527903261775,0.5188817815815432,0.6142378520272948,0.1524490018051955,0.1955173549130418,0.0729154674544201,0.0554882346010131,0.0202797176041915,0.030462155023842,0.025026079577171,0.1490535886863158,0.05190156835105,0.0027029838975294,0.0171404202537208,0.0347611480973292,0.0368345255545098,0.0137642938718508,0.023070231682659,0.0826506352827647,0.0211525014193353,0.0240304740942718,0.0102503664131697,51,54,0.745,target_prevalence,0.0490562342795572,0.0136602668493807,0.0353959674301765,0.0302110235036737,-0.0103698878530055,0.1003951017248042,0.1948846617670354,-0.0944895600422311,0.7948717948717947,0.6666666666666665,0.6666666666666666,1.0,0.3833713014278997,0.3335318106213534,5.892371765359258,5.507823158926272,-0.3845486064329861,,,,,2.664535259100376e-15,False
VA Long Beach,lightgbm,6,1,2,23270729,51270940,51270941,504,216,200,87,44,65,0.745,0.8746463174140444,0.6854849322279247,-0.1891613851861197,0.0094315356254823,0.8758076647793953,0.8534535195269884,0.5019612541542956,0.7428925805870489,0.1516375697778546,0.2309600713574803,0.0972010086962255,0.0505536437638821,0.022117126250128,0.0185399212277761,0.032013722536106,0.1856950914642164,0.0336408672910855,0.0030748920979885,0.009601610815374,0.0240392564757115,0.0232238672719097,0.0144916832844151,0.0087321839874945,0.0549000510036894,0.0123816835784817,-0.000378128917363,0.019581350548111,51,54,0.745,target_prevalence,0.0415367775251239,0.0230436427966762,0.0184931347284477,0.0252534286322768,0.0135205878076583,0.0869340964614247,0.1676160556361721,-0.0806819591747474,0.846153846153846,0.6410256410256409,0.6666666666666666,0.4285714285714285,0.4976997319363366,0.6212012805317431,5.626511321869085,5.383758883699902,-0.242752438169183,,,,,1.2434497875801752e-14,False
Cleveland,logistic,7,1,3,20270729,20271040,20271041,431,186,303,79,48,36,0.4587458745874587,0.8841698841698842,0.8139147218810318,-0.0702551622888524,0.0049469111969111,0.8839693699653381,0.8039786596862469,0.4123640179856507,0.5543867445909678,0.1246054732917573,0.1838748609065919,0.0627898875982971,0.0721501927944539,0.0046891877073217,0.0143580975839807,0.0577920952104731,0.1472374951641179,0.0885103242546593,-0.005175319377999,-0.0005595780499366,0.089069902304596,0.0903076582639519,-0.0004604567177742,0.0907681149817261,0.1102940124472853,0.0667266360620333,0.0006417724958714,-0.0017609285957447,37,56,0.4587458745874587,target_prevalence,0.0426309902055016,0.0055494191966661,0.0370815710088354,0.0474368331096543,0.0207105242016377,0.2552840915573107,0.1810843547206792,0.0741997368366314,0.5128205128205127,0.7179487179487178,0.4285714285714285,0.6666666666666666,0.4229042714725654,0.7482196328555976,3.345518209181829,4.180413155702463,0.8348949465206341,,,,,1.7763568394002505e-15,False
Cleveland,lightgbm,7,1,3,20270729,21271040,21271041,431,186,303,79,48,36,0.4587458745874587,0.8622104247104247,0.8195297420600105,-0.0426806826504142,0.0008445945945945,0.8673171953003194,0.8097630288417985,0.4629414446129476,0.5709699047143272,0.1374408197996069,0.18092162505894,0.1156573153915201,0.0256707804477072,0.0020733704442719,0.0152623752127368,0.0104084052349703,0.2626098394242053,0.0329814318191467,0.0058267137227625,0.0249329200721251,0.0080485117470215,0.0339045772000918,0.0252263514034421,0.0086782257966496,0.0441699538362021,0.0217929098020912,0.0284893078076879,0.0213765323365622,37,56,0.4587458745874587,target_prevalence,0.0407698007307703,0.0093906641262466,0.0313791366045236,0.0208937709197469,-0.0209707313695532,0.0796060323399583,0.1799811129805033,-0.100375080640545,0.9230769230769228,0.8205128205128204,1.0,0.6666666666666666,0.6777016344224717,0.452447677894852,4.5740685127117215,4.5433578263351,-0.0307106863766213,,,,,8.881784197001252e-15,False
Hungary,logistic,7,1,3,21270729,30271040,30271041,438,188,294,66,43,24,0.3605442176870748,0.8288623944361649,0.8632577278201525,0.0343953333839875,0.0206159960258321,0.8689069396792137,0.7984170290022309,0.516644015519353,0.4543261153307592,0.1584739089135216,0.1452598629914605,0.077492110468988,0.0727792101390849,0.0001815514016306,0.0058214415236225,0.0669577686154624,0.1831813433207916,0.0875571580244365,-0.0024228062674715,0.0059470385781052,0.0816101194463313,0.0792101433117615,0.0053514119152493,0.0738587313965121,0.057630056493626,0.1174842595552471,0.0038114990795731,0.0080825780766373,33,61,0.3605442176870748,target_prevalence,0.0685298227876645,0.0046245841347083,0.0639052386529562,0.0654315036342093,0.0030525299625062,0.0897094448803209,0.2139829752137463,-0.1242735303334253,0.846153846153846,0.5897435897435896,0.6666666666666666,0.4285714285714285,0.3182787875508249,0.8177928141347682,5.217719700175343,4.6859306210452285,-0.5317890791301148,,,,,1.7763568394002505e-15,False
Hungary,lightgbm,7,1,3,21270729,31271040,31271041,438,188,294,66,43,24,0.3605442176870748,0.8006706408345753,0.8324969891609796,0.0318263483264043,0.0347739692001985,0.8524978828134555,0.7100739570851746,0.5815863349727178,0.5772547175059035,0.1786589322405476,0.1830346550419177,0.1192984515811333,0.0479340282009609,0.0051491486980669,0.0094980243059752,0.0384360038949857,0.2677616358257619,0.049117888061946,-0.0035725901925785,0.0302024623400546,0.0189154257218914,0.0488310590283786,0.0275727709032657,0.0212582881251128,0.0480895010391554,0.0501462750847367,0.0207740564569335,0.0396308682231757,33,61,0.3605442176870748,target_prevalence,0.0322825181655695,0.0292752148850145,0.003007303280555,0.0207216535877704,0.0354287006144306,0.1019439282547408,0.1796900179478135,-0.0777460896930727,0.769230769230769,0.6410256410256409,0.6666666666666666,0.4285714285714285,0.4428850206855581,0.6947189965860794,4.859487527248333,4.933579417511761,0.0740918902634284,,,,,9.325873406851317e-15,True
Switzerland,logistic,7,1,3,22270729,40271040,40271041,557,240,123,83,41,78,0.934959349593496,0.8961038961038962,0.7380434782608696,-0.1580604178430266,0.0019445794846865,0.8984784845865482,0.972081902728239,0.4067203380718214,0.6786479356540974,0.1288240159763874,0.2313562407573763,0.0674827525752782,0.0710384342809655,0.037527291534138,0.036750356842656,0.0342880774383094,0.1450156564682157,0.0562039243238273,-0.0052007074031044,0.0075875488600608,0.0486163754637665,0.0830556469421668,0.0068869384791082,0.0761687084630585,0.0253369908466706,0.087070857800984,0.0083929234101277,0.0067821743099938,8,59,0.934959349593496,target_prevalence,0.0337547321753428,0.0528300923466967,-0.0190753601713538,0.0076063586334778,0.0533634376096633,0.1488075478775083,0.1820150432193911,-0.0332074953418827,0.6410256410256409,0.769230769230769,0.6666666666666666,0.6666666666666666,0.6678382956495138,0.7022061400299248,3.919838035341824,4.019202062793782,0.099364027451958,,,,,1.7763568394002505e-15,False
Switzerland,lightgbm,7,1,3,22270729,41271040,41271041,557,240,123,83,41,78,0.934959349593496,0.8651989721508438,0.6543478260869565,-0.2108511460638873,0.0032641155635807,0.8429196587352884,0.957164643621147,0.4788244813021832,0.5262155585429641,0.1502721341966656,0.1739920446020588,0.1256808740362553,0.0759796905543683,0.0268646018583124,0.0361979624306605,0.0397817281237077,0.2222205867899699,0.1345310592132648,0.0021253707752308,-0.001806488592728,0.1363375478059928,0.0651412575399884,-0.0019440142850532,0.0670852718250416,0.2142969059965638,0.0547652124299657,-0.0016483983108962,-0.0019645788745598,8,59,0.934959349593496,target_prevalence,0.0582812213888169,0.0330358522424011,0.0252453691464158,0.0325135486350618,0.0145363589772919,0.1320913520761277,0.1760886260682577,-0.0439972739921299,0.8717948717948716,0.6153846153846153,0.6666666666666666,0.6666666666666666,0.5818476168019022,0.9261366140598852,4.800688884402691,4.634800781109567,-0.1658881032931241,,,,,9.769962616701378e-15,False
VA Long Beach,logistic,7,1,3,23270729,50271040,50271041,504,216,200,87,44,65,0.745,0.8686444311069192,0.7023292538491908,-0.1663151772577284,0.0006001886307126,0.8741402816017778,0.8427069811483047,0.5197260049117325,0.6902997344414541,0.1499810055197015,0.2108688133405493,0.075686791151724,0.0432807723107054,0.0019552433628328,0.0020016580995518,0.0412791142111536,0.153796868214832,0.049401265769549,-0.0021936523821138,0.0039470363654991,0.0454542294040499,0.0365750458628469,0.0040986933281664,0.0324763525346804,0.0755772247628188,0.0232253067762793,0.0036375323600557,0.0042565403709425,51,54,0.745,target_prevalence,0.0558440569982717,0.0087186597003124,0.0471253972979592,0.0442022557545564,-0.0058462830868056,0.0917276745764994,0.1809363641528028,-0.0892086895763033,0.8717948717948716,0.6410256410256409,1.0,0.6666666666666666,0.7205650900042627,0.715429037285255,6.533256641965738,6.03133232846341,-0.5019243135023279,,,,,1.7763568394002505e-15,False
VA Long Beach,lightgbm,7,1,3,23270729,51271040,51271041,504,216,200,87,44,65,0.745,0.8506387721855441,0.6848927490459271,-0.1657460231396169,0.0252936637228843,0.8542760067677141,0.8227304086936094,0.5853666667059794,0.9434322235567928,0.1739070442970393,0.2758336823909012,0.1411321561189403,0.0340011653894494,-0.0051146478626654,0.0035864806959943,0.030414684693455,0.2610459426783639,0.0212069566351123,-0.0062290797748291,0.0199305714060533,0.001276385229059,0.0153756972524784,0.0197042578824682,-0.0043285606299898,0.0331074859874265,0.0093064272827981,0.0203924357399002,0.0194687070722063,51,54,0.745,target_prevalence,0.0288429696760496,0.0114527845896115,0.017390185086438,0.0239024348899465,0.013024499607017,0.080031619060622,0.196188518271027,-0.116156899210405,0.9487179487179483,0.5897435897435896,1.0,0.6666666666666666,0.5523814897125389,0.6490456473534179,6.017160465266232,5.7982685667537055,-0.2188918985125267,,,,,1.0658141036401504e-14,False
Cleveland,logistic,8,2,0,20280729,20280740,20280741,431,186,303,79,48,36,0.4587458745874587,0.8540057915057915,0.8506755571152833,-0.0033302343905081,0.0203909266409266,0.8797908148170214,0.8179690844158622,0.4824564922487368,0.5724177763170346,0.1491058910259339,0.1784950119518242,0.0573828355861728,0.0550721458685753,-0.004224702297971,0.0015579892633063,0.053514156605269,0.139028858243976,0.0762415751881475,-0.00717281681966,0.0014296493616589,0.0748119258264886,0.0750794354784929,0.0011645211460063,0.0739149143324865,0.0621564419071337,0.0903267084691614,-0.0017837046120504,0.0046430033353683,37,56,0.4587458745874587,target_prevalence,0.0620451254849395,0.0029065761423439,0.0591385493425956,0.0563263529739323,-0.0056243927373266,0.2083184245830072,0.217147045104901,-0.0088286205218937,0.4615384615384614,0.564102564102564,0.6666666666666666,0.6666666666666666,0.3777194068804451,0.9144066618416132,4.562366049164021,5.205645698587218,0.6432796494231967,0.9634895833333332,0.93953125,0.769230769230769,0.3076923076923076,2.664535259100376e-15,True
Cleveland,lightgbm,8,2,0,20280729,21280740,21280741,431,186,303,79,48,36,0.4587458745874587,0.8687258687258687,0.7974206001052816,-0.071305268620587,0.0044642857142855,0.8994647802303221,0.7665607100896563,0.4833080084712101,0.634687575902351,0.1500161686883869,0.2014598296345178,0.1012350276199172,0.0582091893596441,0.0045442741408432,0.0241718310673815,0.0340373582922626,0.2464730347847896,0.0583947640918761,-0.0021141314207421,0.0189742070204936,0.0394205570713825,0.0570827860445996,0.020024374594346,0.0370584114502536,0.0424935901588853,0.074295938024867,0.0317022380155854,0.0062461760254017,37,56,0.4587458745874587,target_prevalence,0.0942528493564205,0.0152733025579991,0.0789795467984214,0.056508452545342,-0.0449421885061587,0.1060402094333155,0.1725058984141251,-0.0664656889808095,0.846153846153846,0.8205128205128204,1.0,1.0,0.5034337140471341,0.3414216547527578,4.973066660571582,5.148210794518741,0.1751441339471595,0.9565625,0.88109375,0.5897435897435896,0.5128205128205127,1.1546319456101628e-14,False
Hungary,logistic,8,2,0,21280729,30280740,30280741,438,188,294,66,43,24,0.3605442176870748,0.8238946845504223,0.8798173424327578,0.0559226578823355,0.0088176850471932,0.8879183694570802,0.8268623061191319,0.492541882085637,0.4597771255530841,0.1571787270682804,0.1483929748747609,0.0793624859639999,0.0189384885408376,0.001109229036606,0.005288012591761,0.0136504759490766,0.2013956656473095,0.041797734772094,0.0021554508653377,0.0164485737541081,0.0253491610179859,0.044982940778464,0.0208139286846916,0.0241690120937723,0.0532178636242008,0.0303776059199872,0.032099968261322,0.0007971792468943,33,61,0.3605442176870748,target_prevalence,0.0217553847461938,0.0097021787944104,0.0120532059517833,0.01285184095043,0.0015972699972932,0.0927989653380604,0.2753935360444769,-0.1825945707064165,0.846153846153846,0.5128205128205127,1.0,0.4285714285714285,0.7941630366649427,0.6609248588817637,4.238320551738386,3.916541744878196,-0.3217788068601903,0.8990701606086221,0.8732037193575655,0.6153846153846153,0.5128205128205127,2.220446049250313e-15,False
Hungary,lightgbm,8,2,0,21280729,31280740,31280741,438,188,294,66,43,24,0.3605442176870748,0.8191753601589667,0.8536732236049779,0.0344978634460111,0.011425732737208,0.8754261475760746,0.7921020737480183,0.5310408596997676,0.5747192858970888,0.1700124056275944,0.1918701719065838,0.1394087431973466,0.0494977319912443,0.0207785781357821,0.0344058072189098,0.0150919247723344,0.2985835705425091,0.026141352947691,-0.0029345629931771,0.0243224041206908,0.0018189488270001,0.028057908466599,0.0232271449596456,0.0048307635069534,0.0330129056618246,0.0192698002335574,0.0203954993237726,0.0282493089176091,33,61,0.3605442176870748,target_prevalence,0.0336065369278108,0.0376663475901258,-0.004059810662315,0.0055160570550097,0.0191517354346494,0.0674451940427625,0.3071804043005353,-0.2397352102577727,0.769230769230769,0.2564102564102563,1.0,0.4285714285714285,0.5336468045649003,0.7590657200021008,4.388421585674303,4.210446070247607,-0.1779755154266959,0.9599323753169908,0.9032121724429418,0.2051282051282051,0.4615384615384614,7.993605777301127e-15,False
Switzerland,logistic,8,2,0,22280729,40280740,40280741,557,240,123,83,41,78,0.934959349593496,0.892423084936454,0.7260869565217392,-0.1663361284147148,0.00305576776165,0.8805565219827776,0.9737703483733096,0.4345722957762655,0.6064479047236789,0.1369806189134807,0.2017998341358478,0.0701753846868934,0.0487491321319129,0.0239067795817067,0.0270945985387064,0.0216545335932065,0.1893584444955955,0.0835156761012566,0.0549280313137251,0.0639289082832801,0.0195867678179765,0.0719531567456441,0.032274708873218,0.0396784478724261,0.0968071703137832,0.07022418188873,0.1003164459228842,0.027541370643676,8,59,0.934959349593496,target_prevalence,0.0513200867527037,0.0290894414339769,0.0222306453187268,0.0219425894559666,-0.0005761117255203,0.1145702639866382,0.160130160596387,-0.0455598966097487,0.7435897435897434,0.6666666666666665,0.6666666666666666,0.6666666666666666,0.6722124762021021,0.8175587555101262,4.468223480196979,4.576889006126244,0.1086655259292648,0.991955017301038,0.944636678200692,0.6153846153846153,-0.0256410256410256,1.7763568394002505e-15,False
Switzerland,lightgbm,8,2,0,22280729,41280740,41280741,557,240,123,83,41,78,0.934959349593496,0.8702687686644907,0.6956521739130435,-0.1746165947514472,0.0130564622543232,0.8426548048133833,0.9504411659771196,0.4860814414529125,0.5823863669315954,0.1476976800952154,0.1936007788385652,0.1129170788162628,0.0434199700672427,0.0279143070381707,0.0527402195820574,-0.0093202495148146,0.2439900824831061,0.0428655679831671,-0.0054119678638504,0.0246627073119945,0.0182028606711726,0.0363853585897609,0.0254945438358876,0.0108908147538732,0.0503147806503537,0.0354163553159805,0.0237064840181734,0.0256189306058156,8,59,0.934959349593496,target_prevalence,0.0545742298681957,0.033504266211651,0.0210699636565446,0.0058748570708649,-0.0303902131713593,0.1154708054821163,0.2010977292210689,-0.0856269237389525,0.6410256410256409,0.4871794871794871,0.6666666666666666,0.4285714285714285,0.3043988396837455,0.364968481239394,4.868607471073375,4.1771217111234415,-0.6914857599499333,0.983477508650519,0.7562283737024221,0.6666666666666665,0.0256410256410256,7.771561172376096e-15,False
VA Long Beach,logistic,8,2,0,23280729,50280740,50280741,504,216,200,87,44,65,0.745,0.8712166680956873,0.7041716015265167,-0.1670450665691706,0.0253794049558431,0.8876570264770707,0.8628149487136434,0.4655675519873262,0.5921069760795817,0.1421490244839692,0.1917169569844947,0.0609239970750199,0.0280715567421634,0.0045764006772323,0.0044114580159373,0.023660098726226,0.1230811149858415,0.0450437194496821,0.0007858036536151,0.0077804905631791,0.037263228886503,0.0311606144916148,0.0091105124766816,0.0220501020149332,0.073376586711044,0.0167108521883203,0.0050661601274598,0.0104948209988984,51,54,0.745,target_prevalence,0.0265072562983308,0.0168326575178194,0.0096745987805113,0.0166673487533687,0.0139854999457147,0.1019217966230042,0.2015425395449512,-0.0996207429219469,0.6923076923076922,0.7179487179487178,0.6666666666666666,0.6666666666666666,0.6044259574859169,0.6899917339088075,4.907825792147438,4.621162230613022,-0.2866635615344162,0.8721261053440983,0.8883506343713956,0.7948717948717947,0.1794871794871794,1.7763568394002505e-15,False
VA Long Beach,lightgbm,8,2,0,23280729,51280740,51280741,504,216,200,87,44,65,0.745,0.9042270427848752,0.6532438478747202,-0.2509831949101549,0.0095172768584411,0.9043830724109412,0.8095414288750051,0.4280994745841998,0.82085687752111,0.1286591153485882,0.2566864832539126,0.0764291463873202,0.030670807589805,0.0042880178512372,0.0084779106153023,0.0221928969745026,0.1821979158204351,0.0585666691218865,-0.003743045326688,0.0015366015048277,0.0570300676170587,0.0490750521295045,0.0001927371891432,0.0488823149403613,0.077937316045115,0.039196022198658,0.0042791817409185,-0.001205978731263,51,54,0.745,target_prevalence,0.0376602329828777,0.013267607179603,0.0243926258032747,0.0232927613888886,-0.002199728828772,0.0953723031996091,0.1772915264717864,-0.0819192232721773,0.846153846153846,0.6410256410256409,0.6666666666666666,0.6666666666666666,0.8428912130137042,0.6951283622582453,5.578190437410287,5.69139492574702,0.1132044883367333,0.8593233371780084,0.821184159938485,0.564102564102564,0.3333333333333332,1.021405182655144e-14,False
Cleveland,logistic,9,2,1,20280729,20280840,20280841,431,186,303,79,48,36,0.4587458745874587,0.8671573359073359,0.7935602737322336,-0.0735970621751023,0.0170125482625482,0.8961972804228737,0.7632310577420479,0.4491163661860489,0.6481460452848644,0.1402097408160977,0.2094412321082197,0.0777919052930981,0.0634911755940819,0.0036327025575275,0.01084440421609,0.0526467713779919,0.1874976498126669,0.0711313883108316,-0.0036962584855374,0.0089172902184163,0.0622140980924152,0.0739028656470922,0.0087522363019402,0.0651506293451519,0.1047216936263102,0.0375410829953529,0.0069168367507262,0.0109177436861063,37,56,0.4587458745874587,target_prevalence,0.0762107715042798,0.0079021853258204,0.0683085861784594,0.0604776787782256,-0.0156618148004675,0.2202320112502812,0.2351491388968113,-0.0149171276465301,0.6923076923076922,0.6923076923076922,0.6666666666666666,0.4285714285714285,0.5575173499236655,0.5812563910717907,4.446197458591937,5.121882469014023,0.675685010422086,,,,,1.7763568394002505e-15,False
Cleveland,lightgbm,9,2,1,20280729,21280840,21280841,431,186,303,79,48,36,0.4587458745874587,0.8566602316602316,0.7665379891208984,-0.0901222425393332,0.014358108108108,0.8809830183441518,0.7710397180613036,0.4972664489904743,0.7002595860066521,0.1533696268470666,0.2340274003415778,0.1078119045513233,0.0364576161643031,0.0066011708415125,0.0324618873517832,0.0039957288125198,0.2638476112545257,0.0642780027230168,0.0001174152637432,0.0168215368439453,0.0474564658790714,0.0646218242154709,0.017142821999221,0.0474790022162498,0.0684451192115604,0.0601108862344732,0.0207155129258868,0.0129275607620039,37,56,0.4587458745874587,target_prevalence,0.0608355997752041,0.0132047355991586,0.0476308641760454,0.0258132964942826,-0.0436351353635255,0.1478690145259218,0.2477684976449383,-0.0998994831190165,0.769230769230769,0.7179487179487178,0.6666666666666666,0.4285714285714285,0.7813262864563497,0.5517417240791028,4.734614357107465,4.693435329584538,-0.0411790275229266,,,,,1.0269562977782698e-14,False
Hungary,logistic,9,2,1,21280729,30280840,30280841,438,188,294,66,43,24,0.3605442176870748,0.8354446100347739,0.8944700923323966,0.0590254822976227,0.0039741679085941,0.8923106839543841,0.8614761509892725,0.4802660816636259,0.4056708680982195,0.1543770881070608,0.1287929618380572,0.0768475144554757,0.0727361175159478,0.0176355780183833,0.0316556274806312,0.0410804900353166,0.1936339356879851,0.0563275613940203,0.0014054431666007,0.0071161097301737,0.0492114516638466,0.0608484655900807,0.0084098963593101,0.0524385692307705,0.0725366569262367,0.0401184658618039,0.0117548081321993,0.0024774113281481,33,61,0.3605442176870748,target_prevalence,0.0828873760459149,0.0195393503121542,0.0633480257337607,0.0522142578845386,-0.022267535698444,0.0857019119775532,0.2389260603636154,-0.1532241483860622,0.846153846153846,0.5897435897435896,0.6666666666666666,0.6666666666666666,0.6763672029376476,0.4515681345855351,4.937989366709302,4.432662578635347,-0.5053267880739547,,,,,2.220446049250313e-15,False
Hungary,lightgbm,9,2,1,21280729,31280840,31280841,438,188,294,66,43,24,0.3605442176870748,0.7980625931445604,0.8599458048976314,0.0618832117530709,0.0073273720814703,0.8442286239883868,0.7832704123972798,0.5946435935044295,0.4993806226336804,0.1774154778289775,0.1578542004410069,0.1290534455948403,0.0576381072013534,0.0137479464728019,0.0279156155697595,0.0297224916315939,0.2289188346920747,0.0412347384995618,0.0067851106706377,0.0201826656480187,0.021052072851543,0.0384900869509889,0.021252287451051,0.0172377994999379,0.0313941585571176,0.0510753184420059,0.0240176511369393,0.016347680159098,33,61,0.3605442176870748,target_prevalence,0.0480389329158609,0.0291777544924822,0.0188611784233787,0.0242918350274863,0.0108613132082152,0.0597982925055059,0.1596468732374248,-0.0998485807319188,0.8717948717948716,0.7179487179487178,1.0,0.6666666666666666,0.5430685535214017,0.4471818760600085,5.643337056009843,5.512213000679262,-0.1311240553305808,,,,,1.0658141036401504e-14,False
Switzerland,logistic,9,2,1,22280729,40280840,40280841,557,240,123,83,41,78,0.934959349593496,0.874921869574276,0.7380434782608696,-0.1368783913134064,0.0085422598791583,0.8628405425681331,0.9697601212235294,0.458757971334899,0.8814181159149062,0.147881468067466,0.3003078932660519,0.0825135036647662,0.1330558899322185,0.0816670008146404,0.071609261979545,0.0614466279526734,0.2184067145491688,0.0641610379486815,0.0034738040838344,0.0215216569312538,0.0426393810174276,0.0832560939989393,0.0201979087737716,0.0630581852251676,0.042210646414273,0.08611142948309,0.023043348738453,0.0199999651240547,8,59,0.934959349593496,target_prevalence,0.0967458795736668,0.0918707904506071,0.0048750891230597,0.0331608585378666,0.0565715388296137,0.209727903782697,0.2264750895000637,-0.0167471857173666,0.6666666666666665,0.4358974358974358,0.6666666666666666,0.6666666666666666,0.352877570606215,0.4615583211076698,4.994398089388933,5.118146551707302,0.1237484623183693,,,,,1.7763568394002505e-15,False
Switzerland,lightgbm,9,2,1,22280729,41280840,41280841,557,240,123,83,41,78,0.934959349593496,0.8521425098965206,0.6304347826086958,-0.2217077272878248,0.0210431279949996,0.8333552449954345,0.9502148490517835,0.5242556844972002,0.6384742837895562,0.1622535743019496,0.2212616793542848,0.1151750197643679,0.0215972731660425,0.0449065342297987,0.0408126136455885,-0.0192153404795459,0.2481028664838965,0.0553037047772943,-0.0205266630986536,-0.0073654202340096,0.062669125011304,0.0412221021001236,0.0056405878044858,0.0355815142956378,0.0714909676678738,0.0391164418867149,-0.0223162519044297,0.0075854114364103,8,59,0.934959349593496,target_prevalence,0.0228485845957502,0.0435783994762477,-0.0207298148804974,-0.0199725776800217,0.0015144744009514,0.1263849632812976,0.1368796795170525,-0.0104947162357548,0.769230769230769,0.7435897435897434,0.6666666666666666,0.6666666666666666,0.8665279653643918,0.6710844934198618,4.645605957682672,3.794176061631256,-0.8514298960514153,,,,,1.0658141036401504e-14,False
VA Long Beach,logistic,9,2,1,23280729,50280840,50280841,504,216,200,87,44,65,0.745,0.880133756323416,0.7011448874851954,-0.1789888688382205,0.0151761982337306,0.8792410346917778,0.8591497922870318,0.4467298152343617,0.5828354313728121,0.1396293921346163,0.1904221191095919,0.0858105250958766,0.0439424910419262,0.0088244452115994,0.0126330482888485,0.0313094427530776,0.2099758868299452,0.0472631303029785,-0.0035886528662635,0.0190044433508455,0.028258686952133,0.038872029404213,0.0154647567751147,0.0234072726290982,0.064387826014745,0.0301384345912121,0.026228293505398,0.0117805931962929,51,54,0.745,target_prevalence,0.0307291339655253,0.021363011905059,0.0093661220604662,0.0203377824067719,0.0219433206926113,0.0864442752654797,0.2025336913111562,-0.1160894160456764,0.7179487179487178,0.5897435897435896,0.4285714285714285,0.6666666666666666,0.5172681424628324,0.3910499478627284,4.834690542477731,4.29506655925921,-0.5396239832185215,,,,,2.664535259100376e-15,False
VA Long Beach,lightgbm,9,2,1,23280729,51280840,51280841,504,216,200,87,44,65,0.745,0.8831346994769785,0.616331096196868,-0.2668036032801105,0.0143187859041412,0.906866908599462,0.8110307854548269,0.4693023812712784,0.8288136982476998,0.1441330358510912,0.2600671288238744,0.0957590926357866,0.0205204721011776,0.0069411756690012,0.0173265417072169,0.0031939303939607,0.1998119137137318,0.0410823244839252,0.0020859197239968,0.0124447656426639,0.0286375588412613,0.0287671934827242,0.009360237429348,0.0194069560533762,0.0662152448945396,0.0159494040733109,0.0187397211800434,0.0061498101052844,51,54,0.745,target_prevalence,0.0245854795588297,0.0147193910021264,0.0098660885567032,0.0065300094753319,-0.0066721581627424,0.0871845508124135,0.2035333678255922,-0.1163488170131786,0.7948717948717947,0.6153846153846153,0.4285714285714285,0.4285714285714285,0.6844602148952502,0.8672524918465085,5.195470309594575,5.200727071430402,0.0052567618358265,,,,,1.0658141036401504e-14,False
Cleveland,logistic,10,2,2,20280729,20280940,20280941,431,186,303,79,48,36,0.4587458745874587,0.8713803088803089,0.8231268643621688,-0.0482534445181401,0.0088079150579151,0.8933177835112045,0.8057744985606161,0.4601793201087767,0.5941146224496796,0.1420436849151395,0.1885132191770484,0.091260468572446,0.0634480656936853,0.0080823530725917,0.0195433196857287,0.0439047460079565,0.2207358266556843,0.0799522677086728,-0.0031129298011469,0.0109747833917724,0.0689774843169004,0.0792245451731338,0.0113391505040963,0.0678853946690375,0.0711322705779395,0.0887722648394062,0.0153909127931374,0.0065586539904075,37,56,0.4587458745874587,target_prevalence,0.0402099975765419,0.0129862571913975,0.0272237403851444,0.0355642431965504,0.0166810056228121,0.1936269771773132,0.2784377785187094,-0.0848108013413962,0.5384615384615383,0.564102564102564,0.4285714285714285,0.4285714285714285,0.5855907394259615,0.5115963327673198,5.16440561540379,5.639256649164564,0.4748510337607738,,,,,1.7763568394002505e-15,False
Cleveland,lightgbm,10,2,2,20280729,21280940,21280941,431,186,303,79,48,36,0.4587458745874587,0.8597972972972974,0.8025969468327776,-0.0572003504645197,0.0018098455598456,0.8779104110160427,0.7849291704577288,0.4970386313142084,0.5957484353816787,0.1555150886298692,0.1958917971501673,0.123429929216041,0.0572248384748254,0.0059111866939108,0.0167270650441777,0.0404977734306476,0.2669834039466974,0.0766759726825861,-0.000803931733656,-1.5912591577738056e-08,0.0766759885951776,0.078778512183627,-0.0006238131077744,0.0794023252914014,0.1021587514352023,0.0511931939299699,-0.0075604379182075,0.0075604060930244,37,56,0.4587458745874587,target_prevalence,0.0558398002441506,0.0116737686683067,0.0441660315758439,0.0423319025032458,-0.0036682581451963,0.1555498810466058,0.2360174573441072,-0.0804675762975013,0.8974358974358972,0.5128205128205127,0.6666666666666666,0.4285714285714285,0.4272189751272032,0.4448382426264404,4.622780980609158,4.964541728941415,0.3417607483322573,,,,,1.1102230246251564e-14,False
Hungary,logistic,10,2,2,21280729,30280940,30280941,438,188,294,66,43,24,0.3605442176870748,0.8296075509190264,0.875652348454436,0.0460447975354095,0.0048435171385992,0.8872963266666012,0.8521095960883256,0.4811000504646547,0.6201360492369336,0.1540667211604723,0.2160902506116085,0.0743519814631732,0.0574739550642585,0.0295705945976395,0.0356747925162417,0.0217991625480167,0.1832512088634039,0.1102804714106589,0.0042660584687918,0.023948844216505,0.0863316271941538,0.1233772972629282,0.0258887352704888,0.0974885619924394,0.1572373836126977,0.0633235592086202,0.0309040633612761,0.016993625071734,33,61,0.3605442176870748,target_prevalence,0.033350743700432,0.0298749967040197,0.0034757469964122,0.0126374547722145,0.0183234155516044,0.0958506003277133,0.2612884809108248,-0.1654378805831114,0.846153846153846,0.4358974358974358,1.0,0.4285714285714285,0.6644330963807945,0.473597810625375,4.231084335672636,3.580878213824786,-0.6502061218478503,,,,,1.7763568394002505e-15,False
Hungary,lightgbm,10,2,2,21280729,31280940,31280941,438,188,294,66,43,24,0.3605442176870748,0.8289244908097367,0.8596949016459253,0.0307704108361885,0.0251490312965723,0.8879691580565715,0.7780654780551608,0.5221342181591712,0.5235441283089186,0.1633862320610117,0.1644827785682774,0.1100664265380327,0.0446859453887077,0.0219640722644753,0.0358012135977297,0.008884731790978,0.212904905977957,0.0664527499781588,0.0045887073780596,0.0167831568469088,0.0496695931312499,0.0627445677483522,0.0188615132032017,0.0438830545451504,0.0531575600322669,0.0797479399240506,0.0242348247584956,0.009331488935322,33,61,0.3605442176870748,target_prevalence,0.0470244866143553,0.0252917879782998,0.0217326986360554,0.0153087152135167,-0.0128479668450773,0.0900888421070187,0.1468680843543839,-0.0567792422473651,0.7948717948717947,0.6153846153846153,0.6666666666666666,1.0,0.5862810054956559,0.498199097375514,4.7724999535034405,4.85760268018748,0.0851027266840391,,,,,1.0658141036401504e-14,False
Switzerland,logistic,10,2,2,22280729,40280940,40280941,557,240,123,83,41,78,0.934959349593496,0.8906868532536982,0.7184782608695652,-0.172208592384133,0.0028474199597194,0.8808782818551695,0.9677294411296689,0.4267008124185577,0.550538838524071,0.1342366793508343,0.1843582264991242,0.0641174524682726,0.0271598644457833,0.0242872996216462,0.0304603260826308,-0.0033004616368475,0.1648551861854844,0.0128863191353326,-0.0013173863571168,0.0086805367560802,0.0042057823792523,0.0470797823060169,0.0117236099187651,0.0353561723872518,-0.0264201852571361,0.0521928235278015,0.0051824246157977,0.0121786488963628,8,59,0.934959349593496,target_prevalence,0.0436403351510868,0.0227336403542581,0.0209066947968286,0.0088031165799905,-0.0242071564336762,0.1132241392221782,0.1488593914999609,-0.0356352522777826,0.769230769230769,0.6410256410256409,0.6666666666666666,1.0,0.6668002956028366,0.7361145721172961,4.322446666864537,4.229804795124457,-0.0926418717400805,,,,,1.7763568394002505e-15,False
Switzerland,lightgbm,10,2,2,22280729,41280940,41280941,557,240,123,83,41,78,0.934959349593496,0.8751302173762067,0.7163043478260869,-0.1588258695501198,0.0068060281964025,0.8484791979701728,0.9683417613753836,0.4721205327469721,0.5813257008507999,0.1463781128580102,0.1991317656932482,0.0931788011903828,0.0452426459809534,0.02333706066456,0.0432637125944963,0.001978933386457,0.2276944680933056,0.0602302543423443,-0.0243990005498453,0.0031280314643166,0.0571022228780276,0.0309780279218891,0.0127815488797481,0.0181964790421409,0.0938566454611855,0.0266038632235032,-0.007969002573983,0.0142250655026164,8,59,0.934959349593496,target_prevalence,0.0412627059426174,0.034298441794218,0.0069642641483994,0.0044715987674282,-0.0049853307619423,0.1034272697226682,0.1989631364569458,-0.0955358667342776,0.7179487179487178,0.6666666666666665,0.6666666666666666,0.6666666666666666,0.5906947751995512,0.6171125560405893,4.706088707257112,4.341632768574544,-0.3644559386825676,,,,,6.217248937900877e-15,False
VA Long Beach,logistic,10,2,2,23280729,50280940,50280941,504,216,200,87,44,65,0.745,0.8622995798679586,0.6835109882879327,-0.1787885915800259,0.0211780845408556,0.8850785957778722,0.8617719644245678,0.4869510757430515,0.699372027574961,0.1469754309283214,0.2303154374924375,0.0757122031765755,0.0508468305721819,0.0004793073523619,0.011062691954335,0.0397841386178468,0.1709352029149007,0.0460075041959663,-0.0046684359539772,0.0171771521156632,0.0288303520803031,0.0413360466405798,0.0103623789917355,0.0309736676488442,0.0555410910436939,0.0364739173482387,0.0310848523685767,0.0032694518627496,51,54,0.745,target_prevalence,0.0323695788683008,0.0053803093284877,0.026989269539813,0.0333867040788299,0.0127948690780337,0.0906946207904421,0.2568676429278164,-0.1661730221373742,0.6923076923076922,0.5128205128205127,0.6666666666666666,0.6666666666666666,0.6216779895974426,0.4917720890152661,5.759314139482393,5.3113821691967145,-0.4479319702856781,,,,,1.7763568394002505e-15,False
VA Long Beach,lightgbm,10,2,2,23280729,51280940,51280941,504,216,200,87,44,65,0.745,0.8781617079653606,0.6188972233188578,-0.2592644846465028,0.0037726142501928,0.8894762903403188,0.8097885276047851,0.496054966608338,0.8390132199467237,0.1507041769252823,0.2668854088787548,0.0814133003025568,0.0411408928064491,0.0061969068493192,0.0084766876651205,0.0326642051413286,0.1609584922483156,0.0625321952557527,0.0016807015671413,0.0101375889314494,0.0523946063243033,0.0508537582856788,0.0087855322332661,0.0420682260524126,0.0863657400926384,0.0386986504188671,0.0128968883154969,0.0073782895474019,51,54,0.745,target_prevalence,0.0320251695405577,0.0131900487297113,0.0188351208108464,0.0257496629760875,0.0138290843304821,0.0922777885241003,0.0784853138590592,0.0137924746650411,0.8717948717948716,0.8205128205128204,0.6666666666666666,0.6666666666666666,0.7589950397012293,0.7608294770784971,5.3783285159690335,5.617377658705693,0.2390491427366594,,,,,1.0658141036401504e-14,False
Cleveland,logistic,11,2,3,20280729,20281040,20281041,431,186,303,79,48,36,0.4587458745874587,0.877895752895753,0.7552640814177926,-0.1226316714779603,0.0211148648648649,0.905685508563729,0.7405548851493573,0.4457247691129289,0.7078617017056271,0.1388270643675285,0.2321960794208368,0.0734823681126694,0.1061096314249067,0.0096742174125326,0.0115661479702974,0.0945434834546093,0.1709675075655765,0.1060727260280978,0.0037822028157814,0.0111336122750254,0.0949391137530724,0.1072101047210399,0.011138877009858,0.0960712277111818,0.1198577557865553,0.0922876962696403,0.0111974208611966,0.0110698036888542,37,56,0.4587458745874587,target_prevalence,0.0872673336936278,0.0170389134544919,0.0702284202391358,0.0823859518468726,0.0243150632154734,0.2057810224910859,0.1741697874965465,0.0316112349945394,0.6666666666666665,0.7179487179487178,0.4285714285714285,0.6666666666666666,0.1172403723036956,0.7246198380747322,4.5773249865034185,6.230384188620223,1.653059202116805,,,,,2.664535259100376e-15,False
Cleveland,lightgbm,11,2,3,20280729,21281040,21281041,431,186,303,79,48,36,0.4587458745874587,0.8799469111969112,0.7950956308124233,-0.0848512803844878,0.0072393822393822,0.893897658802147,0.803179385657856,0.4445942931930555,0.6044676006378389,0.1409588420340725,0.1963868277830524,0.1283723648541174,0.0295806433844753,-0.000461982347598,0.020100188349196,0.0094804550352792,0.2884778660683071,0.0423145264572333,-0.0061465157444099,0.0224496783665306,0.0198648480907027,0.0443504702881656,0.0222720518661259,0.0220784184220397,0.066990165688133,0.0176388872263337,0.0202968451816252,0.0246025115514361,37,56,0.4587458745874587,target_prevalence,0.0449490314661621,0.0193047951677381,0.0256442362984239,0.0175623456668516,-0.0161637812631446,0.1296691688162143,0.2836925085258832,-0.1540233397096688,0.7948717948717947,0.6410256410256409,1.0,0.4285714285714285,0.9461261464994032,0.8395439143466402,4.6784562171352055,4.918327035901815,0.2398708187666098,,,,,7.771561172376096e-15,False
Hungary,logistic,11,2,3,21280729,30281040,30281041,438,188,294,66,43,24,0.3605442176870748,0.8426477893691008,0.8867924528301887,0.0441446634610879,0.005464480874317,0.8926697427358496,0.8359329722724873,0.454858126470842,0.4221772689187295,0.1433739911533608,0.1339907260272184,0.0662128747696988,0.0362822538152437,-0.0049740574377556,0.0001968544656417,0.0360853993496019,0.1564505403450888,0.0655141439834183,-0.0051790421780299,0.0020918342277174,0.0634223097557008,0.0662084136695176,0.0026920111448709,0.0635164025246466,0.0680033548091888,0.0630249331576478,0.0042436880526334,-6.00195971984796e-05,33,61,0.3605442176870748,target_prevalence,0.0364954896860654,0.0031025497892149,0.0333929398968504,0.0347391696232262,0.0026924594527514,0.0727486659673678,0.1610161440076112,-0.0882674780402434,0.9487179487179483,0.6666666666666665,1.0,0.4285714285714285,0.8527904380076945,0.8629999607504731,4.045486036729377,3.793397973306776,-0.252088063422601,,,,,1.7763568394002505e-15,False
Hungary,lightgbm,11,2,3,21280729,31281040,31281041,438,188,294,66,43,24,0.3605442176870748,0.8215350223546946,0.8317944600562024,0.0102594377015078,0.018318430203676,0.870879594958152,0.7122291076650388,0.5543421908111288,0.6424250835086406,0.1705215147634008,0.2055230946455843,0.1219632490587848,0.0293077995172948,0.0138179312962082,0.0232281972518825,0.0060796022654123,0.2407055802684738,0.0244593516179539,-0.0085721066918919,0.0144308376786086,0.0100285139393453,0.0204742746602651,0.0107102401325477,0.0097640345277174,0.0101713927696551,0.0387473104662526,0.0010911342817561,0.0277705410754611,33,61,0.3605442176870748,target_prevalence,0.0424043963369635,0.0146917369428635,0.0277126593941,0.0168961308297561,-0.0216330571286876,0.1003160533581186,0.1750302106492668,-0.0747141572911481,0.7948717948717947,0.6923076923076922,0.6666666666666666,0.4285714285714285,0.4970829533943762,0.5932754865281081,5.100551631681437,5.08015363148546,-0.0203980001959775,,,,,1.3322676295501878e-14,True
Switzerland,logistic,11,2,3,22280729,40281040,40281041,557,240,123,83,41,78,0.934959349593496,0.8979790263212724,0.6771739130434783,-0.220805113277794,0.0154177373428709,0.8888475263853071,0.9486591272662448,0.4105975142451958,0.9665667146975938,0.1287949093651758,0.3252099965297245,0.0679862023139685,0.0905390458166029,0.0056211239129358,0.0073009965513717,0.0832380492652312,0.1567545570844242,0.0852680981647368,0.0032837190509014,0.0005662453406338,0.084701852824103,0.0920342308738168,0.0031984344132148,0.088835796460602,0.0774902072935515,0.0930459890359222,-0.0024595420979405,0.0035920327792082,8,59,0.934959349593496,target_prevalence,0.0587862996675326,0.0123308789038429,0.0464554207636896,0.0648467350144604,0.0367826285015415,0.1811553139275484,0.1660512822941736,0.0151040316333747,0.6923076923076922,0.6410256410256409,0.6666666666666666,0.4285714285714285,0.426673880390725,0.9324846783395612,4.472554271870814,4.631900733640028,0.1593464617692142,,,,,1.7763568394002505e-15,False
Switzerland,lightgbm,11,2,3,22280729,41281040,41281041,557,240,123,83,41,78,0.934959349593496,0.8493645392041114,0.6423913043478261,-0.2069732348562852,0.0328495034377388,0.8258548723225033,0.9417712460255796,0.5347651010064169,0.730093060151137,0.1657414262520209,0.2420232965774605,0.1061177967889756,0.0732682712446322,0.0673052527603582,0.0728473498644044,0.0004209213802278,0.2592577669188215,0.0574129791907488,-0.0275897987498356,0.0021529040944805,0.0552600750962682,0.0680859162324073,0.0238607565819324,0.0442251596504748,0.0451440889465992,0.0696818694348983,-0.0228009824097866,0.0271067905987477,8,59,0.934959349593496,target_prevalence,0.0927141763387447,0.0913844667952459,0.0013297095434988,0.0008753154618633,-0.000908788163271,0.1127779034135093,0.2718276073378388,-0.1590497039243295,0.846153846153846,0.5384615384615383,0.6666666666666666,0.4285714285714285,0.6259147803267042,0.3160811479399609,4.70721931713616,4.166787511754789,-0.5404318053813713,,,,,8.881784197001252e-15,False
VA Long Beach,logistic,11,2,3,23280729,50281040,50281041,504,216,200,87,44,65,0.745,0.8738746463174141,0.6893012238452427,-0.1845734224721713,0.008316899597016,0.8931070250908282,0.8460605469604405,0.4641445892773543,0.6424737609020336,0.1427013351293788,0.1993129530876368,0.0634742183209817,0.0472901443643977,0.0063156237287693,0.0109635739904059,0.0363265703739917,0.1327550229232806,0.0292510393265509,-0.0009191193845078,0.0039572147275759,0.025293824598975,0.019912584511258,0.0028528420454081,0.0170597424658499,0.0483091103781692,0.0101929682749327,0.0062110365279183,0.0017033929272334,51,54,0.745,target_prevalence,0.046843943451942,0.0106103968473439,0.036233546604598,0.0362800584892949,9.30237693937408e-05,0.0892700762701307,0.1614790576822567,-0.0722089814121259,0.846153846153846,0.6153846153846153,0.6666666666666666,0.4285714285714285,0.4289687907899179,0.3429588773604159,5.552198444284198,5.279822449417834,-0.2723759948663637,,,,,1.7763568394002505e-15,False
VA Long Beach,lightgbm,11,2,3,23280729,51281040,51281041,504,216,200,87,44,65,0.745,0.8953099545571465,0.6201473878141861,-0.2751625667429603,0.0062591100060019,0.913673170001214,0.8146773562352989,0.4775705750574335,1.0435815877713543,0.1346888769479849,0.2984505053276406,0.0907799774743819,0.0224593819508931,0.0077750135709752,0.0175074107100908,0.0049519712408022,0.1721486012095275,0.0656775477582662,0.0038280997469384,0.0166919307037725,0.0489856170544937,0.040110192475553,0.0082108787712341,0.0318993137043188,0.1178558238454362,0.0134992716710963,0.0340001999538508,-0.0006163385463058,51,54,0.745,target_prevalence,0.0159218304748112,0.0054985250514879,0.0104233054233232,0.0076876383320627,-0.0054713341825209,0.0731402496489346,0.1533214474938312,-0.0801811978448966,0.8974358974358972,0.6666666666666665,1.0,0.6666666666666666,0.7007522764017584,0.4171125280732698,6.292476102086993,6.375740917299376,0.0832648152123827,,,,,9.769962616701378e-15,False
Cleveland,logistic,12,3,0,20290729,20290740,20290741,431,186,303,79,48,36,0.4587458745874587,0.8900820463320464,0.7799613967362695,-0.1101206495957768,0.0044642857142856,0.8907518836227561,0.7532245266487733,0.4058838961296814,0.7144598268567767,0.1207823057048233,0.2382962525718076,0.0712446710713653,0.0601043150915385,0.0066632358027374,0.0197312867900254,0.040373028301513,0.1626881330921968,0.0714104675728695,-0.0054396637128587,0.0017115046688611,0.0696989629040083,0.0739211323383084,0.0018232984559052,0.0720978338824031,0.1018397245299885,0.0409812106157506,0.0030664453678356,0.0003565639698867,37,56,0.4587458745874587,target_prevalence,0.0976148472519474,0.0067365995040116,0.0908782477479357,0.0656256380247244,-0.0505052194464227,0.2403316127956445,0.2242923887059026,0.0160392240897419,0.4871794871794871,0.6923076923076922,0.4285714285714285,0.6666666666666666,0.6739553470060421,0.6746851542363345,4.3431688634956265,5.074022111382774,0.7308532478871479,0.9983854166666668,0.9928645833333334,0.4871794871794871,0.3589743589743589,1.7763568394002505e-15,False
Cleveland,lightgbm,12,3,0,20290729,21290740,21290741,431,186,303,79,48,36,0.4587458745874587,0.8715009652509653,0.8003158448850675,-0.0711851203658978,0.0142374517374517,0.902585361959568,0.7931617233396754,0.4647717604345044,0.5894804404043827,0.1467272537114139,0.1943283637223078,0.0987467871585658,0.0294588749503489,0.003672875598626,0.0152582898583113,0.0142005850920375,0.2366460118688398,0.0660000980203242,0.0167399502208648,0.0272344719130447,0.0387656261072794,0.0655917354383464,0.0256957013894179,0.0398960340489285,0.0610507435267532,0.0709494525138952,0.0085845731666874,0.045884370659402,37,56,0.4587458745874587,target_prevalence,0.0150394976663587,0.0152276467074476,-0.0001881490410889,0.0070062180254742,0.0143887341331265,0.1064078398483818,0.1872790009831356,-0.0808711611347537,0.8701298701298701,0.7354991780818254,1.0,0.6666666666666666,0.8288372585060728,0.2991506467269197,4.4312223452789885,4.238211649228699,-0.1930106960502895,0.9846354166666668,0.76734375,0.5064935064935064,-0.0389610389610389,1.021405182655144e-14,False
Hungary,logistic,12,3,0,21290729,30290740,30290741,438,188,294,66,43,24,0.3605442176870748,0.8298559364133135,0.8466479325572059,0.0167919961438924,0.0194982613015399,0.8604833815334629,0.7776635144041083,0.4942306621950699,0.4591932107910836,0.1490666488447855,0.1475793186620256,0.0693380315996054,0.0977583855060666,0.0029872945153282,0.0171230388037336,0.0806353467023329,0.1922292022657564,0.0959151051130645,-0.0016990297714725,0.0225780905401362,0.0733370145729283,0.0816947546427801,0.0247937242114589,0.0569010304313211,0.0449299461098497,0.1469002641162793,0.0305219478495128,0.0146342332307595,33,61,0.3605442176870748,target_prevalence,0.1155820123738491,0.0160144397535633,0.0995675726202858,0.0901014596613094,-0.0189322259179529,0.1551178234259673,0.2555546695144446,-0.1004368460884773,0.6666666666666665,0.4102564102564102,0.6666666666666666,0.4285714285714285,0.4928402568388648,0.4510603789298129,4.381469579585671,4.242683541728053,-0.138786037857618,0.9426880811496196,0.9476754015215556,0.4102564102564102,0.3846153846153845,1.7763568394002505e-15,True
Hungary,lightgbm,12,3,0,21290729,31290740,31290741,438,188,294,66,43,24,0.3605442176870748,0.8523348236462991,0.8586411079887595,0.0063062843424603,0.0049677098857426,0.884454675331552,0.758042526884838,0.4719815902104218,0.483417202615831,0.1366675529088872,0.1510885908598798,0.1069800449585948,0.0721814030735789,0.0122436071266108,0.0152032680488946,0.0569781350246843,0.2483294317513629,0.0660517777373033,-0.0057004212658919,0.0137906243656252,0.052261153371678,0.064844728156765,0.0132596502799548,0.0515850778768101,0.0617240633875682,0.0703794920870384,0.0118868880096847,0.0156943607215657,33,61,0.3605442176870748,target_prevalence,0.0989328895645041,0.0247565382381284,0.0741763513263757,0.06557724317553,-0.0171982163016913,0.1027182567888667,0.212063657009389,-0.1093454002205222,0.7948717948717947,0.4102564102564102,0.6666666666666666,0.4285714285714285,0.4524979250890856,0.4350106296062284,4.887903418166326,5.038001728659194,0.1500983104928677,0.9551141166525784,0.9173288250211328,0.2051282051282051,0.1538461538461538,7.105427357601002e-15,False
Switzerland,logistic,12,3,0,22290729,40290740,40290741,557,240,123,83,41,78,0.934959349593496,0.8688103340509757,0.7869565217391304,-0.0818538123118453,0.0186124036391417,0.8612419116993361,0.9777069121683944,0.4639554439076674,0.5120380294439943,0.1500890956067009,0.1732185790835711,0.07676221104667,0.0751410210331325,0.0468216425153328,0.0557332795599725,0.01940774147316,0.2283497308853581,0.0128057469813582,0.0148371524649141,0.0054738843921982,0.00733186258916,0.0270592972850467,0.003628403135787,0.0234308941492597,-0.0035791753303583,0.0291906692930749,0.0075953254626521,0.0033524433217442,8,59,0.934959349593496,target_prevalence,0.0773945016095584,0.0410962429683633,0.036298258641195,0.0278530000571775,-0.016890517168035,0.1424926315658863,0.2339632577780524,-0.091470626212166,0.7435897435897434,0.4102564102564102,0.6666666666666666,0.4285714285714285,0.3636742171572827,0.3090713629722366,4.042819721948297,4.166300703460999,0.1234809815127011,0.961029411764706,0.9320069204152248,0.282051282051282,0.1282051282051281,2.664535259100376e-15,False
Switzerland,lightgbm,12,3,0,22290729,41290740,41290741,557,240,123,83,41,78,0.934959349593496,0.8734634349607612,0.6347826086956522,-0.238680826265109,0.0040280575039933,0.8360738856282691,0.9623975420238996,0.4656990427771762,0.7225856874230292,0.1454235191935322,0.2421039577651704,0.1221566840070493,0.0566184186170153,0.0361883656035991,0.0358042503999814,0.0208141682170338,0.273221367929811,0.0451702676428212,0.0054252382201001,0.0139355223326859,0.0312347453101353,0.0372647036663946,0.016512278215291,0.0207524254511036,0.0542579720269377,0.0360825632587047,0.0109734571592239,0.0168975875061478,8,59,0.934959349593496,target_prevalence,0.1015959071806892,0.0424105848074874,0.0591853223732017,0.0399997452951178,-0.0383711541561679,0.073028389019839,0.2102799010814766,-0.1372515120616376,0.7948717948717947,0.5128205128205127,1.0,0.6666666666666666,0.5694098606720462,0.4734368947652346,4.491363778712735,4.187916477345056,-0.3034473013676795,0.9817906574394464,0.7452422145328719,0.5128205128205127,0.1282051282051281,8.881784197001252e-15,False
VA Long Beach,logistic,12,3,0,23290729,50290740,50290741,504,216,200,87,44,65,0.745,0.8767041070050587,0.6690353993946572,-0.2076687076104015,0.0091743119266054,0.8836559527018409,0.8311693888158654,0.4582414600497692,0.7379331967070349,0.1472747806591035,0.2402788419909316,0.1054715736702052,0.0712507104333032,0.0082007909106741,0.0133913351169924,0.0578593753163108,0.1885000988059511,0.0634547201737766,0.0025381693856171,0.0221160516243791,0.0413386685493975,0.0480786076243779,0.0197359525183616,0.0283426551060163,0.0948345417031617,0.0320748986443915,0.0269733967387005,0.0172587065100576,51,54,0.745,target_prevalence,0.0606609225653904,0.0221451689730911,0.0385157535922993,0.048187564454305,0.0193436217240114,0.1129833025173352,0.3145698223231765,-0.2015865198058412,0.7435897435897434,0.3076923076923076,0.6666666666666666,0.4285714285714285,0.2266840494933708,0.2060523129515654,5.5625523289195,5.579649601539817,0.0170972726203171,0.902076124567474,0.8939254133025759,0.3846153846153845,0.3076923076923076,2.664535259100376e-15,False
VA Long Beach,lightgbm,12,3,0,23290729,51290740,51290741,504,216,200,87,44,65,0.745,0.8856211952327874,0.6621265956046849,-0.2234945996281024,0.0078881934322214,0.8903806336164586,0.8389613649724014,0.4653319460272785,0.6556126196915223,0.1493551719579701,0.2088528432404393,0.1100978407302173,0.0579329452413734,0.0276394673484871,0.0443537185746223,0.013579226666751,0.2084619403120797,0.0366740758118059,0.000923271839536,0.0209971742710693,0.0156769015407365,0.0211924392525187,0.0164088878393505,0.0047835514131681,0.0682692524634126,0.0050788991601993,0.0303610241317201,0.0116333244104186,51,54,0.745,target_prevalence,0.0540556653246826,0.0331619684241231,0.0208936969005595,0.0172364617836553,-0.0073144702338084,0.1022193421031166,0.1453610383651892,-0.0431416962620725,0.8205128205128204,0.8717948717948716,1.0,0.6666666666666666,0.4512833698465485,0.1434002164151578,5.601569971479631,5.396088906644917,-0.2054810648347143,0.8945405613225683,0.8418300653594771,0.564102564102564,0.3076923076923076,1.199040866595169e-14,False
Cleveland,logistic,13,3,1,20290729,20290840,20290841,431,186,303,79,48,36,0.4587458745874587,0.8845318532818532,0.8434813125109668,-0.0410505407708864,0.0115830115830115,0.8915452460105838,0.8412160938577286,0.4056042719017386,0.5544808752806365,0.1256513587097484,0.1707576168561677,0.0769199671832601,0.1095718539433294,0.0032796334831312,0.0162160199014108,0.0933558340419186,0.1856946268687186,0.1164444694479553,-0.0024357670067756,0.0095191758530097,0.1069252935949456,0.1187442273153166,0.0094945075844571,0.1092497197308594,0.1443175348003741,0.0885714040955365,0.0092201964381523,0.0098181552678672,37,56,0.4587458745874587,target_prevalence,0.0488801365283542,0.0062129324153165,0.0426672041130377,0.0680115190774781,0.0506886299288808,0.3099779886042961,0.1577427602537932,0.1522352283505028,0.3589743589743589,0.6410256410256409,0.4285714285714285,0.4285714285714285,0.6689281167468768,0.4295706766976932,3.727485942703696,5.302814169971342,1.575328227267646,,,,,2.664535259100376e-15,False
Cleveland,lightgbm,13,3,1,20290729,21290840,21290841,431,186,303,79,48,36,0.4587458745874587,0.862934362934363,0.8125987015265836,-0.0503356614077793,0.0098938223938224,0.8880716485205005,0.8056236930904529,0.5044104417921075,0.6230679214701607,0.1476381201930577,0.1792767452474042,0.1312700489027232,0.0421215534586111,0.0001380372412342,0.0107452307361997,0.0313763227224114,0.256441599458493,0.0852918787017417,0.0042259423880851,0.0252786029602548,0.0600132757414868,0.0855689818907101,0.0257927389525616,0.0597762429381485,0.0886503693520397,0.0819333880514436,0.0315099311870135,0.0190472747334962,37,56,0.4587458745874587,target_prevalence,0.0191298164802643,0.0118548216254508,0.0072749948548135,0.0193256587886124,0.0241013278675978,0.1081464659777131,0.1524562450345631,-0.0443097790568499,0.7662337662337662,0.7871131554910763,1.0,1.0,0.6492751224242318,0.7526724983847495,4.773479294979967,4.80497204407965,0.0314927490996836,,,,,1.1546319456101628e-14,False
Hungary,logistic,13,3,1,21290729,30290840,30290841,438,188,294,66,43,24,0.3605442176870748,0.8451316443119721,0.8623042954636692,0.017172651151697,0.0144063586686538,0.8889156941814179,0.7770147228063978,0.4532684882611127,0.4449289686067527,0.1415889308770829,0.1401398529607927,0.0671859914352437,0.0956693919110097,0.0051213443688462,0.0108831288044169,0.0847862631065927,0.2056482197700707,0.0945335894795812,-0.0065059533893127,0.0135340019939716,0.0809995874856095,0.090271186775138,0.0128046837497671,0.0774665030253708,0.0792513163685288,0.1098158625906335,0.0109191292647508,0.0161488747231924,33,61,0.3605442176870748,target_prevalence,0.1085509554800335,0.0231201191781714,0.0854308363018621,0.0851085497042274,-0.0006445731952693,0.105434841020006,0.302939083288219,-0.197504242268213,0.6410256410256409,0.3846153846153845,0.4285714285714285,0.4285714285714285,0.504082578044436,0.3906505515237757,3.6566241962570425,3.426063720608391,-0.2305604756486516,,,,,1.7763568394002505e-15,False
Hungary,lightgbm,13,3,1,21290729,31290840,31290841,438,188,294,66,43,24,0.3605442176870748,0.8404123199205167,0.8707346447209957,0.030322324800479,0.0238450074515647,0.8779454989259603,0.7449786519562217,0.4944785586822853,0.4519066878823137,0.1459848958200483,0.136656622597613,0.1105782785428334,0.0582988654894665,-0.0014948307511333,0.0082868197716826,0.0500120457177838,0.2579210079847742,0.0626292477753022,-0.0022957369491037,0.0111098196326371,0.051519428142665,0.0586399996003811,0.010247275751387,0.048392723848994,0.0483263335871705,0.0769321619634338,0.0080172842535208,0.0142023550117534,33,61,0.3605442176870748,target_prevalence,0.0363517628058177,0.0063864171359041,0.0299653456699136,0.0399886956938487,0.0200467000478702,0.0989220180493364,0.2413558324148381,-0.1424338143655016,0.6666666666666665,0.4871794871794871,0.6666666666666666,0.25,0.4953625576304308,0.509109624821078,4.7900623214155695,4.805114357529925,0.0150520361143557,,,,,8.437694987151191e-15,False
Switzerland,logistic,13,3,1,22290729,40290840,40290841,557,240,123,83,41,78,0.934959349593496,0.8760330578512396,0.7652173913043477,-0.1108156665468919,0.0003472463365511,0.8692405710168589,0.9778413990725108,0.4585613562131966,0.6616356175744867,0.1446057201280037,0.2250856384258625,0.0499697916320612,0.0537797822896106,0.0265170523212783,0.0284889374302553,0.0252908448593552,0.1267298030962945,-0.0007896981270234,0.0130748053116581,0.0307629347269674,-0.0315526328539909,0.0198699284187562,0.0055275341763513,0.0143423942424049,-0.0245386146235739,0.022959218369527,0.0597718531169281,0.0017540163370068,8,59,0.934959349593496,target_prevalence,0.0564412486086339,0.0294808050372196,0.0269604435714143,0.0261256442153847,-0.001669598712059,0.1063658278850838,0.2085722761967898,-0.1022064483117059,0.6923076923076922,0.6923076923076922,1.0,0.6666666666666666,0.4609427599255686,0.2130018881198651,4.551710270234826,4.614352159772855,0.0626418895380283,,,,,1.7763568394002505e-15,False
Switzerland,lightgbm,13,3,1,22290729,41290840,41290841,557,240,123,83,41,78,0.934959349593496,0.8711716091395236,0.7021739130434782,-0.1689976960960454,0.0062504340579205,0.8585524493387193,0.9663360444067602,0.4717112487276088,0.6224621823676212,0.1509808519163291,0.2149870597987087,0.1350663332859897,0.0633613029994304,0.0342579807066649,0.0645590573914701,-0.0011977543920397,0.2369353092135847,0.0446099640438729,-0.0260323648790503,-0.0007184346962777,0.0453283987401506,0.0577810417561588,0.0164447723979083,0.0413362693582505,0.0294693793839553,0.0597505487037904,-0.0204481026643608,0.0190112332718053,8,59,0.934959349593496,target_prevalence,0.1159018750597354,0.0573611281649522,0.0585407468947832,0.0286714962513717,-0.0597385012868229,0.1032567542982429,0.1933365406142195,-0.0900797863159765,0.7435897435897434,0.4102564102564102,1.0,0.4285714285714285,0.6990990636680511,0.3711847360612841,4.794710797185636,4.592278187217862,-0.202432609967774,,,,,7.549516567451064e-15,False
VA Long Beach,logistic,13,3,1,23290729,50290840,50290841,504,216,200,87,44,65,0.745,0.8857069364657464,0.7133833399131464,-0.1723235965526,0.030523878933379,0.8917018157752377,0.8623175514340566,0.452221149796465,0.5861931784722368,0.1450869520054116,0.1926942530364271,0.0968497104661237,0.0649347343364273,0.0098532422127641,0.0207444205016303,0.0441903138347969,0.2052375544818908,0.0402611043448568,-0.0005805237074291,0.0174922061477618,0.0227688981970949,0.0303058640775544,0.0140696888984483,0.0162361751791061,0.0605779212169024,0.0199442874728111,0.0244769352279934,0.0105074770675301,51,54,0.745,target_prevalence,0.0574025952722483,0.0188199110982063,0.0385826841740419,0.0413864990044194,0.005607629660755,0.1273432064420574,0.2474886996967812,-0.1201454932547237,0.5897435897435896,0.5384615384615383,0.4285714285714285,0.25,0.1792094353518544,0.1331401543976439,4.56302586818009,4.550534998522945,-0.012490869657145,,,,,1.7763568394002505e-15,False
VA Long Beach,lightgbm,13,3,1,23290729,51290840,51290841,504,216,200,87,44,65,0.745,0.8926519763354197,0.6607448348466902,-0.2319071414887294,0.0056589213752893,0.9013476774153456,0.827149614678807,0.4485727784056668,0.8665695074635548,0.1418566831797487,0.2734570845447873,0.1192984572780887,0.0324900005973292,0.0022934351036144,0.0139045805374847,0.0185854200598444,0.2275978568673936,0.0312265942250923,-0.0018411338860918,0.0129944639749241,0.0182321302501682,0.0227102135815849,0.0159582191659005,0.0067519944156844,0.0486069628853116,0.0138462255648731,0.0069459839933398,0.0190429439565085,51,54,0.745,target_prevalence,0.0390518089960134,0.0044275089424991,0.0346243000535143,0.0266048600566793,-0.0160388799936699,0.1041747487351544,0.1694464956619407,-0.0652717469267863,0.846153846153846,0.6923076923076922,1.0,0.6666666666666666,0.4480228726510461,0.3698018561261346,5.441367638499545,5.391514064000133,-0.0498535744994121,,,,,1.0658141036401504e-14,False
Cleveland,logistic,14,3,2,20290729,20290940,20290941,431,186,303,79,48,36,0.4587458745874587,0.8812741312741312,0.8349271802070538,-0.0463469510670774,0.0050675675675677,0.8883461435513357,0.8243103143631204,0.4169222647710995,0.51300211019947,0.1294151327829035,0.1656418538201024,0.0713924111605798,0.0418847293426644,0.0025749057262978,0.0170401362507337,0.0248445930919306,0.1741657464366912,0.0434226464877292,0.006782250603936,0.0200941631369351,0.023328483350794,0.0441345504312558,0.0211102739037464,0.0230242765275094,0.052050922283272,0.0347943706921863,0.032409425630688,0.0077789006431822,37,56,0.4587458745874587,target_prevalence,0.0356630728258391,0.0052780385257518,0.0303850343000873,0.0276148136960089,-0.0055404412081566,0.1873838983529649,0.204214894484587,-0.016830996131622,0.6153846153846153,0.6923076923076922,0.6666666666666666,0.4285714285714285,0.7475514628076395,0.6397811974522675,3.517633702695341,3.973978051889775,0.4563443491944334,,,,,1.3322676295501878e-15,False
Cleveland,lightgbm,14,3,2,20290729,21290940,21290941,431,186,303,79,48,36,0.4587458745874587,0.8651061776061776,0.8218547113528689,-0.0432514662533086,0.0259411196911196,0.881053624453731,0.8106616370639164,0.4664381320814809,0.5487606930410894,0.1396393950786977,0.1761933774728175,0.119576140978891,0.0424250664837386,0.0010799451382927,0.0159907742101673,0.0264342922735713,0.2302707906492033,0.0526630615433159,-0.0034315640734561,0.0130178197051369,0.0396452418381789,0.0522633010566534,0.0133823308492977,0.0388809702073557,0.0478179644449665,0.0575081586416654,0.0174356947723651,0.0085999446379088,37,56,0.4587458745874587,target_prevalence,0.0447106747756708,0.0114571567299551,0.0332535180457156,0.0298439051596434,-0.0068192257721443,0.103563189576426,0.1669066688369818,-0.0633434792605558,0.8974358974358972,0.7435897435897434,1.0,0.6666666666666666,0.8285763413227789,0.4476367916598774,4.775949681334724,4.7946245208854,0.018674839550675,,,,,7.105427357601002e-15,False
Hungary,logistic,14,3,2,21290729,30290940,30290941,438,188,294,66,43,24,0.3605442176870748,0.8517138599105811,0.8660176635889202,0.014303803678339,0.0153999006458023,0.8954629771302847,0.8276206226215608,0.4697528184102652,0.4259124156994208,0.1420196413045501,0.1334223191991163,0.0537883316995542,0.0718878949687688,0.0103585548253509,0.0161896938434236,0.0556982011253451,0.1397462709727636,0.0902849908498114,-0.0010999813643514,0.0106583769670937,0.0796266138827176,0.0838869702495031,0.0114952326991608,0.0723917375503423,0.0673457462584619,0.113224235441161,0.0136588109332853,0.0076579430009022,33,61,0.3605442176870748,target_prevalence,0.0608743589633289,0.0229640973488224,0.0379102616145065,0.0468042313699258,0.0177879395108386,0.1058753232649974,0.185491676451826,-0.0796163531868285,0.564102564102564,0.4615384615384614,0.6666666666666666,0.4285714285714285,0.7758969006683823,0.3912605552872188,4.6770364474013295,4.601597913995294,-0.0754385334060359,,,,,2.664535259100376e-15,True
Hungary,lightgbm,14,3,2,21290729,31290940,31290941,438,188,294,66,43,24,0.3605442176870748,0.8339542970690512,0.8115214773183461,-0.0224328197507051,0.0202434177844011,0.8547449968491772,0.6560484309235338,0.5175252626913287,0.55631819611074,0.1492769859950319,0.1772349621103126,0.095166366514556,0.1115781392681816,0.0407222970124119,0.0467875781676169,0.0647905611005647,0.2323629109970819,0.1087018618430019,-0.0048452656128686,0.0043046261325543,0.1043972357104476,0.0874362840846424,0.0021389519824355,0.0852973321022069,0.0324569854898592,0.1849467381961447,-0.0034601080154326,0.0120693602805412,33,61,0.3605442176870748,target_prevalence,0.14646562210147,0.0400367247492939,0.106428897352176,0.0856097292263703,-0.0416383362516112,0.1188972801998446,0.1605723087424858,-0.0416750285426412,0.8205128205128204,0.7948717948717947,0.6666666666666666,1.0,0.2392128177891738,0.1303452314391387,4.596593911929745,4.612510536230706,0.0159166243009609,,,,,8.881784197001252e-15,False
Switzerland,logistic,14,3,2,22290729,40290940,40290941,557,240,123,83,41,78,0.934959349593496,0.8701298701298702,0.7271739130434782,-0.1429559570863919,0.0031252170289602,0.8554891549436621,0.973251302895054,0.4743775007010983,0.6278770659190764,0.1469561757100795,0.20945220950981,0.0684217261454576,0.0454107636707178,0.0224770589892973,0.0393168553941511,0.0060939082765667,0.1757310022550884,0.0217844704078946,0.0016357672631828,0.0146280474562483,0.0071564229516462,0.0227613447221353,0.0108897165716162,0.0118716281505191,0.0206615214298421,0.022907419385947,0.0189253810899844,0.0103307138225123,8,59,0.934959349593496,target_prevalence,0.0655758644340466,0.0213420248752903,0.0442338395587562,0.0251638739176615,-0.0381399312821895,0.1006071444474134,0.2660370260174826,-0.1654298815700692,0.8717948717948716,0.5384615384615383,1.0,0.4285714285714285,0.5156378839583756,0.392126849926881,4.62450611081101,4.9117981928814585,0.2872920820704481,,,,,1.7763568394002505e-15,False
Switzerland,lightgbm,14,3,2,22290729,41290940,41290941,557,240,123,83,41,78,0.934959349593496,0.8786026807417182,0.7771739130434783,-0.1014287676982399,0.010834085700396,0.8448866406854771,0.9799385417146088,0.4754233784219017,0.4253264451034543,0.1438374087192171,0.1336381853662897,0.108737606017363,0.0951534884491253,0.0251494314829383,0.0442426428863726,0.0509108455627526,0.2099925811514657,0.0674428582320635,-0.0050248838141568,0.0032468305703771,0.0641960276616864,0.0700791592758814,0.0057187538032567,0.0643604054726247,0.0644123439480485,0.0704733725160785,0.0004052739568799,0.0060883871838742,8,59,0.934959349593496,target_prevalence,0.1896340240558365,0.0240423055292422,0.1655917185265942,0.1082512820446734,-0.1146808729638416,0.1517907010134265,0.1410922729503679,0.0106984280630586,0.8205128205128204,0.7179487179487178,0.6666666666666666,0.6666666666666666,0.8198201065408812,0.5234576468046924,5.282157371395494,5.703952775603383,0.4217954042078888,,,,,7.105427357601002e-15,False
VA Long Beach,logistic,14,3,2,23290729,50290940,50290941,504,216,200,87,44,65,0.745,0.8855354539998286,0.6964074220292145,-0.1891280319706141,0.0084883820629341,0.886449277386407,0.8437008555395988,0.4318099769786619,0.6617743157335029,0.1389800983150814,0.2112718852163646,0.0810342955729581,0.0274291971419633,0.0040959079909341,0.0128315012866573,0.014597695855306,0.1718610280980661,0.0476769732697752,-0.0077060493788845,0.0082286447528731,0.039448328516902,0.0371246639793084,0.0084600578859106,0.0286646060933978,0.0692122983523604,0.02614164818719,0.0077563730527967,0.0087009164529496,51,54,0.745,target_prevalence,0.033881876521779,0.0082597865730414,0.0256220899487375,0.0201098929020217,-0.0110243940934315,0.0835493514674021,0.2229831431836381,-0.139433791716236,0.9230769230769228,0.6153846153846153,0.6666666666666666,0.6666666666666666,0.2349180373084697,0.311556558827796,4.781896479046047,4.369989442609933,-0.4119070364361139,,,,,2.664535259100376e-15,False
VA Long Beach,lightgbm,14,3,2,23290729,51290940,51290941,504,216,200,87,44,65,0.745,0.8922232701706252,0.6899592051585735,-0.2022640650120517,0.0134613735745521,0.8858437506623755,0.8347154668394459,0.4339743474668854,0.7539571939471915,0.1337878461925297,0.2301468854395418,0.1145538615690963,0.0306626279119127,0.022247501615788,0.034644287720049,-0.0039816598081362,0.2198466353614767,0.0400656871208106,0.0032683437821747,0.0235880674079471,0.0164776197128634,0.0272836938968736,0.0269717603724769,0.0003119335243967,0.0661513875778246,0.0139799866637965,0.0166825715619679,0.0304935632539262,51,54,0.745,target_prevalence,0.0595846431930056,0.0327617869100046,0.0268228562830009,0.0114205982374323,-0.0308045160911372,0.1169446437345852,0.1017084348478485,0.0152362088867367,0.6923076923076922,0.7948717948717947,0.6666666666666666,0.6666666666666666,0.5285807551357178,0.4901436057696379,5.162810869170602,5.388507697293647,0.2256968281230458,,,,,8.715250743307479e-15,False
Cleveland,logistic,15,3,3,20290729,20291040,20291041,431,186,303,79,48,36,0.4587458745874587,0.8841698841698841,0.8517722407439902,-0.0323976434258939,0.012668918918919,0.9015717431925148,0.840646896030086,0.4043147604101391,0.5133452761850078,0.1245993188784786,0.1583337962006719,0.0673746985749418,0.0604296675394722,-0.0051504177058117,0.0025921406937018,0.0578375268457704,0.1970009042114978,0.0832920015155379,-0.001008326841559,0.0225128162214496,0.0607791852940882,0.0826063949411122,0.0230698736233282,0.0595365213177839,0.0749824498334985,0.0916015531975772,0.0292643519322182,0.0157612805106809,37,56,0.4587458745874587,target_prevalence,0.0572314252696832,0.0088576545378116,0.0483737707318716,0.053105648788821,0.0094637561138987,0.1862764365041743,0.2943046188613576,-0.1080281823571833,0.6923076923076922,0.5128205128205127,1.0,0.4285714285714285,0.3146147996172544,0.7644191799486899,4.233682176245936,4.818175512116354,0.5844933358704179,,,,,1.7763568394002505e-15,False
Cleveland,lightgbm,15,3,3,20290729,21291040,21291041,431,186,303,79,48,36,0.4587458745874587,0.8780164092664093,0.8128619055974732,-0.0651545036689361,0.0486245173745173,0.8903928773542258,0.7962215648038272,0.4361157226108008,0.5746750293022099,0.130133708523461,0.1824526459966556,0.1472082205202911,0.0292561522424751,-0.0022837925954051,0.0205658125276765,0.0086903397147986,0.3024970911980557,0.0252110019743647,-0.0051953989887866,0.0379643583945812,-0.0127533564202165,0.0243062655081547,0.0406932453014549,-0.0163869797933001,0.0142455960038997,0.0361764079448296,0.0710384677058902,0.0048902490832721,37,56,0.4587458745874587,target_prevalence,0.0494379169324155,0.023630592268259,0.0258073246641564,0.0172488321894775,-0.0171169849493578,0.1212315726814092,0.2555977470342831,-0.1343661743528739,0.7435897435897434,0.564102564102564,1.0,0.4285714285714285,0.5507715902467342,0.5993907855175751,4.897698715144293,5.054797140821539,0.1570984256772458,,,,,8.881784197001252e-15,False
Hungary,logistic,15,3,3,21290729,30291040,30291041,438,188,294,66,43,24,0.3605442176870748,0.8621460506706409,0.8637093536732235,0.0015633030025826,0.0016145057128663,0.9041494786859556,0.8002141044767177,0.4453233508915131,0.4405105807864983,0.1329548608230007,0.1375108028170307,0.0688038094093675,0.1051348846907528,0.0249954399382165,0.0325841225882048,0.0725507621025479,0.1514467895459557,0.0784847106736937,0.0019244801095258,0.0054393623820814,0.0730453482916123,0.0671390366158273,0.0059407263586561,0.0611983102571711,0.03780631831988,0.1191631030275074,0.0072369356639468,0.003641789100216,33,61,0.3605442176870748,target_prevalence,0.0904344237461408,0.0307400529258864,0.0596943708202544,0.0661225664614011,0.0128563912822935,0.1111911315613457,0.2192795043333881,-0.1080883727720424,0.7948717948717947,0.4102564102564102,0.4285714285714285,0.4285714285714285,0.4837326833934644,0.1844083577346452,4.64737153316614,4.552777241277099,-0.0945942918890416,,,,,1.7763568394002505e-15,True
Hungary,lightgbm,15,3,3,21290729,31291040,31291041,438,188,294,66,43,24,0.3605442176870748,0.8430203676105316,0.8189983942191891,-0.0240219733913424,0.0059612518628912,0.8619546088837671,0.6907822896914123,0.5173371338953224,0.544934627343605,0.1519273279311603,0.1698037673206823,0.1366809393441138,0.082796608841707,0.0137601292254173,0.0383784596420034,0.0444181491997035,0.2759379468978025,0.0652872716446509,-0.0056002552694563,0.0164556843804499,0.048831587264201,0.0567872532746731,0.0183195084367536,0.0384677448379195,0.0348115960254621,0.0957629472638397,0.0231381755091484,0.0097731932517513,33,61,0.3605442176870748,target_prevalence,0.0831841177109908,0.02520292504779,0.0579811926632007,0.0511996709314521,-0.0135630434634972,0.1024550340684617,0.2715111551689712,-0.1690561211005095,0.769230769230769,0.3333333333333332,0.6666666666666666,0.4285714285714285,0.5744898376147103,0.5148585031449571,4.943699012609091,5.014273755708078,0.0705747430989864,,,,,1.0658141036401504e-14,False
Switzerland,logistic,15,3,3,22290729,40291040,40291041,557,240,123,83,41,78,0.934959349593496,0.8743662754357941,0.7956521739130435,-0.0787141015227506,0.0112507813042571,0.8644407632987763,0.9788042138932722,0.4622973096270301,0.6806651385419494,0.1470646796050811,0.2279711468412402,0.0762057265578833,0.0654344841917162,0.016913799885519,0.0210497165234615,0.0443847676682547,0.164086331916443,-0.0149907113920907,-0.0198661750849047,0.0029667106934393,-0.01795742208553,0.0123962801282612,0.0028734002340672,0.0095228798941939,-0.0464729539809066,0.0164915311967251,0.0030739741186987,0.0028594472681798,8,59,0.934959349593496,target_prevalence,0.0642830031253411,0.0189734100398951,0.045309593085446,0.0448471803768503,-0.0009248254171912,0.1343512567181542,0.1817300019488754,-0.0473787452307211,0.5897435897435896,0.3846153846153845,0.6666666666666666,0.4285714285714285,0.7740840636768048,0.6380017205330162,4.454016995015914,4.654661125942165,0.2006441309262507,,,,,1.7763568394002505e-15,False
Switzerland,lightgbm,15,3,3,22290729,41291040,41291041,557,240,123,83,41,78,0.934959349593496,0.8822140426418501,0.792391304347826,-0.0898227382940241,0.0123619695812209,0.8738981198596187,0.97799538681878,0.4478391232354435,0.5879561718349798,0.1407655431237465,0.1977222697499727,0.1265876522145963,0.1005049970253698,0.0627906682523739,0.0665741033643966,0.0339308936609731,0.2151828671109266,0.0045783349360693,0.0013830584357042,0.0067388261300329,-0.0021604911939635,0.028057868052631,0.00502852026953,0.0230293477831009,-0.0224121564035296,0.0315688262756683,0.0087048786612651,0.0047727735988006,8,59,0.934959349593496,target_prevalence,0.1052838510067774,0.0570624575531967,0.0482213934535807,0.0410761435572769,-0.0142904997926075,0.1277475173256629,0.1289751911102279,-0.0012276737845649,0.6410256410256409,0.769230769230769,0.4285714285714285,1.0,0.5759337172536027,0.41055162817142,4.613231378597898,4.004210430611866,-0.609020947986032,,,,,1.4210854715202004e-14,False
VA Long Beach,logistic,15,3,3,23290729,50291040,50291041,504,216,200,87,44,65,0.745,0.8626425447997943,0.7181208053691276,-0.1445217394306667,0.0122609963131269,0.8638635833050798,0.8692425434982104,0.4751170216851033,0.5803153263700628,0.1500915147979033,0.1890972940289399,0.0897974210427959,0.0730211177028628,0.021414813142963,0.0351037788049105,0.0379173388979522,0.2201888498443892,0.0802786819554371,0.007870957484862,0.0255235226142885,0.0547551593411485,0.0745900040208788,0.0213768241249363,0.0532131798959424,0.091888228760658,0.0686691351502161,0.0339861725925584,0.0170608726360187,51,54,0.745,target_prevalence,0.058422549919725,0.0302741149147498,0.0281484350049751,0.0330328869514637,0.0097689038929771,0.1326196853128707,0.1912037667731861,-0.0585840814603153,0.7948717948717947,0.6666666666666665,0.6666666666666666,0.6666666666666666,0.4534367361789522,0.3584021193221592,4.545093631585402,4.457814917171428,-0.0872787144139746,,,,,1.3322676295501878e-15,False
VA Long Beach,lightgbm,15,3,3,23290729,51291040,51291041,504,216,200,87,44,65,0.745,0.903283889222327,0.6470588235294117,-0.2562250656929153,0.0063448512389607,0.9129023485411968,0.8032393376069862,0.4395163833253145,0.8667161696829931,0.1363868455304411,0.2774382483778446,0.1194553653717575,0.047941043703008,0.0283283328312352,0.0509252835354594,-0.0029842398324514,0.2344133459767799,0.0499754024305765,-0.0001522440881835,0.0119662615743843,0.0380091408561922,0.0431633741007623,0.0094917366273114,0.0336716374734509,0.0638775010628505,0.0360733037983026,0.0170163124867782,0.0069162106619905,51,54,0.745,target_prevalence,0.0764952193525825,0.0488005685462582,0.0276946508063242,0.0123552054869364,-0.0306788906387757,0.1004681608508266,0.1416171739772999,-0.0411490131264732,0.8205128205128204,0.7948717948717947,1.0,0.6666666666666666,0.3826253796665548,0.0748538095023104,5.767922603335076,5.919681440018353,0.1517588366832774,,,,,1.1546319456101628e-14,False
Cleveland,logistic,16,4,0,20300729,20300740,20300741,431,186,303,79,48,36,0.4587458745874587,0.8137065637065637,0.8616423934023514,0.0479358296957876,0.0244932432432432,0.8410981099891608,0.8528390927187887,0.5359062441261782,0.5289200565727638,0.1755955656717906,0.1621265968616208,0.0839205905150986,0.0804111930487547,0.0325802637460821,0.0309390023457059,0.0494721907030488,0.2305607841140983,0.0901862621230881,0.0035064187615974,0.0381087304996112,0.0520775316234768,0.0943888862451569,0.0392325165467222,0.0551563696984347,0.1411220664825624,0.0392504577636138,0.0517290173905966,0.0244884436086259,37,56,0.4587458745874587,target_prevalence,0.0665917762866954,0.0616444090605461,0.0049473672261493,0.027209778964599,0.0445248234768995,0.1737377349359516,0.2798835628682228,-0.1061458279322712,0.769230769230769,0.5384615384615383,1.0,0.25,0.5090050188924594,0.5878706616349528,4.207267853931454,5.419253743708196,1.2119858897767417,0.9647916666666668,0.9603645833333332,0.6923076923076922,0.4358974358974358,2.664535259100376e-15,False
Cleveland,lightgbm,16,4,0,20300729,21300740,21300741,431,186,303,79,48,36,0.4587458745874587,0.8279440154440154,0.8493156694156869,0.0213716539716715,0.0184604247104247,0.8539252713638312,0.8503571445043716,0.5773039467325088,0.5007014047432067,0.1772087535526585,0.1626289558658472,0.0988025950263092,0.0325936855476193,-0.0047382647539787,0.008661343270117,0.0239323422775022,0.2323030616116088,0.0471325838058966,0.0001913319648265,0.0264352501820529,0.0206973336238437,0.0467910077468831,0.0279405821342352,0.0188504256126478,0.0429926819706526,0.0512724856411406,0.0446798734425022,0.0081906269216036,37,56,0.4587458745874587,target_prevalence,0.0382155481148891,0.003496105407748,0.0347194427071411,0.0293258924923217,-0.0107871004296388,0.1117779622428906,0.2516865054134705,-0.1399085431705798,0.8205128205128204,0.564102564102564,1.0,0.4285714285714285,0.631984049603124,0.4882334204388332,5.041843478738043,4.678708134157567,-0.3631353445804759,0.98125,0.7894791666666666,0.5384615384615383,0.6666666666666665,9.992007221626407e-15,False
Hungary,logistic,16,4,0,21300729,30300740,30300741,438,188,294,66,43,24,0.3605442176870748,0.864629905613512,0.8745483741469289,0.0099184685334168,0.0161450571286638,0.9164741017599338,0.8196427786534612,0.4363205435666657,0.4215753618521572,0.1413352771658533,0.134845221642536,0.1197643256841914,0.0655470802594351,0.0059786009881193,0.0323132141296941,0.0332338661297409,0.2315613266609437,0.0637530060040111,-0.0034243345823515,0.0210273014423723,0.0427257045616388,0.0531303337200144,0.0237750478224439,0.0293552858975704,0.0256668395223642,0.1018391724856581,0.0308789774879951,0.0111756253967494,33,61,0.3605442176870748,target_prevalence,0.0741008117299724,0.0137095659791663,0.0603912457508061,0.0468125559402735,-0.0271573796210651,0.0945901583476596,0.2989051700810347,-0.204315011733375,0.7948717948717947,-0.0256410256410256,0.6666666666666666,0.4285714285714285,0.5140507101421643,0.6767070136726139,4.317260776098311,4.291823600554827,-0.0254371755434839,0.9047337278106508,0.8808960270498731,0.5128205128205127,0.3333333333333332,2.664535259100376e-15,True
Hungary,lightgbm,16,4,0,21300729,31300740,31300741,438,188,294,66,43,24,0.3605442176870748,0.8528315946348735,0.8340776796467281,-0.0187539149881453,0.034153005464481,0.8874778169411195,0.6925736819795434,0.4911547514279881,0.5548607981531548,0.149238521991266,0.1749574660270741,0.1320684038519063,0.063671637517248,0.0001514386300119,0.017387181097023,0.0462844564202249,0.2435864141232863,0.1048648052772248,0.0041019264933891,0.0296161672713995,0.0752486380058252,0.1099657723961462,0.0346987786719525,0.0752669937241937,0.1231536386060405,0.0865759719484091,0.0478391886343577,0.0113931459084414,33,61,0.3605442176870748,target_prevalence,0.0626326866279774,0.0017835074536532,0.0608491791743241,0.0535668177972745,-0.0145647227540992,0.1075795409432966,0.1238116615323205,-0.0162321205890239,0.6923076923076922,0.769230769230769,0.6666666666666666,0.6666666666666666,0.5187441568119325,0.7502239715403561,5.267059140131176,5.068297767022006,-0.1987613731091695,0.9119188503803888,0.8844463229078613,0.3589743589743589,0.0,9.103828801926284e-15,True
Switzerland,logistic,16,4,0,22300729,40300740,40300741,557,240,123,83,41,78,0.934959349593496,0.9036738662407112,0.7282608695652174,-0.1754129966754938,0.0158344329467324,0.909580631824326,0.9686139238012116,0.3930137336137569,0.507846024319989,0.1243444191267331,0.1690334058297369,0.0824405136063285,0.0665565886531717,0.0387445344975765,0.0338261261142521,0.0327304625389195,0.2019917040717909,0.0269256238306684,-0.0218832568801727,-0.005946457029477,0.0328720808601455,0.0532225395373174,0.0052723665036633,0.0479501730336541,-0.0033035409536102,0.0571547886149472,-0.0188428616516851,0.006949947592731,8,59,0.934959349593496,target_prevalence,0.1205422959281366,0.0515513348062729,0.0689909611218637,0.0508607118303916,-0.0362604985829441,0.0983812650115443,0.2767920630722932,-0.1784107980607489,0.8717948717948716,0.4615384615384614,0.6666666666666666,0.4285714285714285,0.0450054813509381,0.3502993615217257,4.079254352354294,3.9056969512792334,-0.1735574010750604,0.9801903114186852,0.9567906574394464,0.5897435897435896,-0.1538461538461538,1.7763568394002505e-15,False
Switzerland,lightgbm,16,4,0,22300729,41300740,41300741,557,240,123,83,41,78,0.934959349593496,0.862282102923814,0.8500000000000001,-0.0122821029238139,0.0151399402736303,0.8560882495948922,0.986613223863458,0.5003945819036058,0.4250588701204988,0.1580520044171567,0.1405073139629057,0.1211107267590388,0.0942431900296255,0.0266096292034,0.0373084886204043,0.0569347014092211,0.2238169054378041,-0.014502437400374,-0.030230050330347,-0.0094645663190039,-0.0050378710813701,0.0287875186671417,0.0259445675825127,0.002842951084629,-0.0642656579265837,0.0352607831258357,-0.050168523981495,0.0312393913434872,8,59,0.934959349593496,target_prevalence,0.0749702480685604,0.0279962382118306,0.0469740098567297,0.0519543556329754,0.0099606915524914,0.1018308936088457,0.1424339666090778,-0.040603073000232,0.8974358974358972,0.769230769230769,1.0,0.6666666666666666,0.3246716373158601,0.4382811036665124,4.723817185696534,4.591413348814975,-0.1324038368815587,0.9426470588235294,0.8205449826989619,0.5897435897435896,0.2307692307692307,8.437694987151191e-15,True
VA Long Beach,logistic,16,4,0,23300729,50300740,50300741,504,216,200,87,44,65,0.745,0.9241190088313472,0.705487564153178,-0.218631444678169,0.0305238789333791,0.9209946218356037,0.8462417037914912,0.3612030208808163,0.6155567028564324,0.1118865210584291,0.1972786888625036,0.0748074363547386,0.0413968563528498,0.005185347061416,0.0112920861673235,0.0301047701855262,0.1805329583382433,0.0492484454222148,-0.0045683807768101,0.0093752532306731,0.0398731921915417,0.0337113812002187,0.0088598924533526,0.024851488746866,0.0809567397528191,0.0175401510916105,0.0104270099190822,0.0083234965422639,51,54,0.745,target_prevalence,0.0391232453637069,0.0145427162805423,0.0245805290831645,0.0273426496343454,0.0055242411023617,0.1024409759336537,0.2626171451979005,-0.1601761692642467,0.8205128205128204,0.5897435897435896,0.6666666666666666,0.4285714285714285,0.7475837374882003,0.7287864284694522,5.002227613118176,4.713684701980946,-0.2885429111372302,0.870242214532872,0.8462898885044213,0.3846153846153845,0.1794871794871794,1.7763568394002505e-15,False
VA Long Beach,lightgbm,16,4,0,23300729,51300740,51300741,504,216,200,87,44,65,0.745,0.8946240246934751,0.680089485458613,-0.2145345392348621,0.0090028294606875,0.8980978710168456,0.8468769531423204,0.4360320382734884,0.7399399866456118,0.1360071643080157,0.2249983412933119,0.1180269752351948,0.037856831636905,0.0272206572467603,0.0306618132559371,0.0071950183809678,0.237863488616826,0.0625358411739089,0.00076759808459,0.012936685482657,0.0495991556912518,0.047552823255092,0.0131115883959236,0.0344412348591683,0.093113428763331,0.0319582535844867,0.0125797407617046,0.0132936302036094,51,54,0.745,target_prevalence,0.0368573296490809,0.0377979440441365,-0.0009406143950555,0.0031272019929561,0.0081356327760233,0.0890070692611605,0.1794013547324225,-0.090394285471262,0.8717948717948716,0.5384615384615383,1.0,0.4285714285714285,0.3074214146906104,0.44257975340606,5.388246824254563,5.178909603405495,-0.2093372208490675,0.8580930411380239,0.8515955401768551,0.3589743589743589,-0.0512820512820512,1.1657341758564144e-14,False
Cleveland,logistic,17,4,1,20300729,20300840,20300841,431,186,303,79,48,36,0.4587458745874587,0.8453185328185329,0.8086945078083875,-0.0366240250101453,0.0109797297297298,0.858601206266203,0.7857742146829361,0.4736973937762412,0.561836358230163,0.149066857811475,0.1826345439941125,0.0656810049489715,0.0761970813224385,0.0083110505272598,0.0142993183203562,0.0618977630020823,0.155850001184811,0.0963812492997659,-0.0097960627676697,-0.0036747928425882,0.1000560421423541,0.0991008947880828,-0.0035918563995631,0.102692751187646,0.1293433526181669,0.0634191459813648,-0.002669603153124,-0.0046799825320524,37,56,0.4587458745874587,target_prevalence,0.0764945158399272,0.0087182577582177,0.0677762580817094,0.0648370105418958,-0.0058784950796271,0.1938659417491482,0.1819338628835796,0.0119320788655686,0.3333333333333332,0.6666666666666665,0.25,0.4285714285714285,0.4055347359112444,0.1497940816213169,4.161259376118275,4.933885056061669,0.7726256799433946,,,,,2.220446049250313e-15,False
Cleveland,lightgbm,17,4,1,20300729,21300840,21300841,431,186,303,79,48,36,0.4587458745874587,0.786136583011583,0.8367257413581329,0.0505891583465499,0.0200289575289576,0.7752387229219257,0.8299584352033239,0.6318349915127007,0.5277701033670223,0.1758101760496489,0.1710236899999898,0.1054357779864681,0.0444783812902628,-0.0048530551117138,0.0013590940869173,0.0431192872033454,0.2437995138572471,0.0550555289749157,-0.0074282981021192,0.0095615465844553,0.0454939823904604,0.0562140925299202,0.0103319919157094,0.0458821006142107,0.0690973192615699,0.0410137386882615,0.0188993439992555,0.0002237491696551,37,56,0.4587458745874587,target_prevalence,0.049861807150614,0.0048885433611133,0.0449732637895007,0.044046275496423,-0.0018539765861552,0.168342148881316,0.1652343650524291,0.0031077838288868,0.846153846153846,0.7179487179487178,1.0,0.6666666666666666,0.2794745326731936,0.7781154728595874,4.576346821861456,4.710285027965442,0.133938206103986,,,,,8.437694987151191e-15,False
Hungary,logistic,17,4,1,21300729,30300840,30300841,438,188,294,66,43,24,0.3605442176870748,0.8658718330849479,0.8863910076274588,0.0205191745425109,0.0003725782414306,0.9186021487245228,0.8406260297239397,0.4277005148850826,0.44044008729781,0.1390689036308693,0.1399769636880534,0.0685058505452872,0.0674958286829435,0.000776565392685,0.0090332691876497,0.0584625594952937,0.1549413145960094,0.1064636920458102,-0.0040200062575482,0.0065308995274857,0.0999327925183244,0.1095724004148118,0.0069434316486674,0.1026289687661443,0.1176095488810109,0.0953178352106095,0.0080099781083078,0.0050518209466637,33,61,0.3605442176870748,target_prevalence,0.0544404389698718,0.0070958300768117,0.0473446088930601,0.0529035841941769,0.0111179506022335,0.0831399762200791,0.173370760051243,-0.0902307838311638,0.769230769230769,0.6666666666666665,0.6666666666666666,0.25,0.3347209444948129,0.598606971126139,4.137466865685992,3.6861079070512006,-0.4513589586347915,,,,,1.3322676295501878e-15,False
Hungary,lightgbm,17,4,1,21300729,31300840,31300841,438,188,294,66,43,24,0.3605442176870748,0.8543219076005961,0.82271176234444,-0.0316101452561561,0.0110531544957773,0.9142138415678208,0.7268323809387521,0.4803957751053945,0.6524976074605241,0.1504128620043494,0.2184512554272951,0.1467374877450169,0.0693885373799413,0.032381925324481,0.0452120989123644,0.0241764384675768,0.3171594376127597,0.1170826319019381,-0.0038648389989044,0.0408603891927326,0.0762222427092055,0.1315894566908152,0.0411714589296605,0.0904179977611546,0.1690949061449852,0.065070357658891,0.0419756880056206,0.0397450903798446,33,61,0.3605442176870748,target_prevalence,0.0615625343262756,0.0387136787790207,0.0228488555472549,0.0235126470074159,0.0013275829203219,0.0761027183233589,0.3020781118164578,-0.2259753934930989,0.7948717948717947,0.3589743589743589,1.0,0.4285714285714285,0.7056033153070028,0.2711110911826635,4.852874373083395,4.654258302931223,-0.1986160701521724,,,,,8.437694987151191e-15,False
Switzerland,logistic,17,4,1,22300729,40300840,40300841,557,240,123,83,41,78,0.934959349593496,0.8977012292520314,0.7315217391304348,-0.1661794901215966,0.0056253906521286,0.9032519535639264,0.9674951148503368,0.4077264124158733,0.986917379335291,0.1342619968467139,0.3271411544895938,0.0870978528098949,0.1720067540356031,0.0561489219800833,0.067760241689669,0.1042465123459341,0.1993435588766839,0.1251122930078573,0.0198856406134085,0.0246730844489162,0.1004392085589411,0.1249688377227949,0.0152793786436221,0.1096894590791728,0.1252771995504992,0.1249473864652155,0.0354714565428524,0.01387471235498,8,59,0.934959349593496,target_prevalence,0.1140359245517222,0.0619073500287495,0.0521285745229727,0.0781875434344534,0.0521179378229614,0.2052531652440467,0.2603390801266971,-0.0550859148826504,0.7948717948717947,0.5128205128205127,0.6666666666666666,0.4285714285714285,0.2422429530457835,0.5446491253788401,4.770086032449363,5.256652149515978,0.4865661170666149,,,,,2.664535259100376e-15,False
Switzerland,lightgbm,17,4,1,22300729,41300840,41300841,557,240,123,83,41,78,0.934959349593496,0.8892284186401834,0.7847826086956522,-0.1044458099445312,0.002187651920272,0.8879727037732731,0.9804548620821087,0.4277536961314908,0.5531170567621277,0.1363100045677326,0.1841294906081607,0.1263269391839767,0.0447106925472882,0.0277682187021625,0.0336587600580928,0.0110519324891953,0.232880928224143,0.0075832704632051,-0.0111358603911743,0.0066971557706185,0.0008861146925865,0.043281605441205,0.014485743450993,0.028795861990212,-0.0334531332965517,0.048619674222962,-0.0022560805348585,0.0156503920760957,8,59,0.934959349593496,target_prevalence,0.0627295403655956,0.0336772185022767,0.0290523218633189,0.0200521271762571,-0.0180003893741235,0.1280231176314562,0.1854319952719457,-0.0574088776404894,0.5384615384615383,0.5384615384615383,0.4285714285714285,0.4285714285714285,0.793768305398407,0.5959906011783296,4.503250118845089,4.116343148828407,-0.3869069700166818,,,,,8.881784197001252e-15,False
VA Long Beach,logistic,17,4,1,23300729,50300840,50300841,504,216,200,87,44,65,0.745,0.9184600874560576,0.715752072641137,-0.2027080148149206,0.0122609963131268,0.9136305419102092,0.8492173563168619,0.3664837177888793,0.5850385871099691,0.1135953414804053,0.1926569184491256,0.0726546904000143,0.0370919051331521,-0.0032709909753602,0.0064460157827397,0.0306458893504124,0.1572585166822793,0.0594131443751321,-0.0048069284171489,0.010711385423721,0.048701758951411,0.054423288113477,0.0096082704049016,0.0448150177085753,0.0695965245009588,0.0492297642493054,0.0129626405641687,0.0084601302832733,51,54,0.745,target_prevalence,0.0394559438271268,0.0002898979445085,0.0391660458826183,0.0349059676165154,-0.0085201565322058,0.1023224164487094,0.1577564745555735,-0.0554340581068641,0.8205128205128204,0.6923076923076922,1.0,0.4285714285714285,0.8206723142487694,0.9294096498302504,4.571176285761056,4.2365327598649705,-0.3346435258960856,,,,,1.7763568394002505e-15,False
VA Long Beach,lightgbm,17,4,1,23300729,51300840,51300841,504,216,200,87,44,65,0.745,0.9139158021092344,0.6503487300960652,-0.2635670720131692,0.0055731801423304,0.9180715696814372,0.8136354285178446,0.3887467379777213,0.7378356486796008,0.1204046875783815,0.2270290928465158,0.1104450620600179,0.0315360664655448,0.0190472797194205,0.042766787197889,-0.0112307207323442,0.2729515887784889,0.0687320091793676,-0.0021498371430653,0.0501773222650675,0.0185546869143,0.0578106381683726,0.0402557237570665,0.017554914411306,0.0910205214467043,0.0464434969120308,0.0704254824854777,0.0299291620446573,51,54,0.745,target_prevalence,0.0462347446978268,0.0371087980544623,0.0091259466433645,-0.0010523870444898,-0.0203566673757087,0.0950800925750663,0.1662113470085992,-0.0711312544335328,0.846153846153846,0.8205128205128204,1.0,0.6666666666666666,0.6818795311638688,0.3320038867829156,5.396100694769368,5.373275349711514,-0.0228253450578534,,,,,1.2434497875801752e-14,False
Cleveland,logistic,18,4,2,20300729,20300940,20300941,431,186,303,79,48,36,0.4587458745874587,0.8229971042471043,0.8366380066678364,0.0136409024207321,0.0080839768339767,0.8543482077775851,0.8312616697281023,0.5513394416840619,0.5796717021762161,0.1730695323195953,0.1786318343494728,0.0896728939888,0.0980906922406534,0.0007151728156266,0.022429873855237,0.0756608183854163,0.2286373669660263,0.1104733564105463,-0.0072829711980805,0.0216045623493415,0.0888687940612047,0.1116029223610005,0.0228071435288617,0.0887957788321388,0.1241636957300516,0.0967830170910409,0.0361798462451258,0.0070292784535572,37,56,0.4587458745874587,target_prevalence,0.0712770744272144,0.0150740795438393,0.0562029948833751,0.0659319066343957,0.0194578235020412,0.1976765723098885,0.2674125361467336,-0.069735963836845,0.769230769230769,0.6410256410256409,0.6666666666666666,0.6666666666666666,0.3371296974045747,0.3657061746075629,4.773910144005368,5.761809011409055,0.987898867403688,,,,,2.664535259100376e-15,False
Cleveland,lightgbm,18,4,2,20300729,21300940,21300941,431,186,303,79,48,36,0.4587458745874587,0.7974782818532818,0.8431303737497806,0.0456520918964987,0.0196066602316601,0.8255118903448532,0.837568833512945,0.642842548221084,0.5374199348574767,0.1864281862971248,0.1686499080991988,0.0965899400288734,0.0450327176483474,0.0040143875704028,0.0130387719378697,0.0319939457104777,0.2070828146234127,0.0788852095268358,-8.617527812582182e-05,0.0180482586034448,0.060836950923391,0.078802950255077,0.0187676280221253,0.0600353222329517,0.0778882271531186,0.0798821919005531,0.026767015957852,0.0093295012490377,37,56,0.4587458745874587,target_prevalence,0.0471247773056202,0.0123019154714101,0.0348228618342101,0.0334084037723439,-0.0028289161237323,0.1818972315203705,0.1642936146734813,0.0176036168468892,0.6153846153846153,0.769230769230769,0.6666666666666666,1.0,0.6060466543401315,0.399385673162822,5.020391924275885,5.187080645566866,0.1666887212909804,,,,,1.1435297153639112e-14,False
Hungary,logistic,18,4,2,21300729,30300940,30300941,438,188,294,66,43,24,0.3605442176870748,0.8763040238450074,0.8353071055800882,-0.0409969182649191,0.0117983109786388,0.9144265648169236,0.8002790059612258,0.4178624957751633,0.5298121785975961,0.1309777587362192,0.179492937089471,0.0938504814241117,0.085923826783234,0.0272778702339496,0.0372378159334143,0.0486860108498196,0.2014850074786418,0.0812078659846079,-0.0035202833424689,0.0089876872592533,0.0722201787253546,0.0752733355104207,0.0072393366120726,0.0680339988983481,0.0599304030649612,0.1024853289042546,0.0027192105486298,0.0152561639698768,33,61,0.3605442176870748,target_prevalence,0.1033651479044892,0.0367148715456721,0.0666502763588171,0.0576681436043183,-0.0179642655089974,0.101058753380051,0.2910049693831629,-0.1899462160031118,0.7435897435897434,0.3333333333333332,0.4285714285714285,0.4285714285714285,0.3455832028758552,0.25847574508146,4.632354971927703,4.116717252988585,-0.5156377189391179,,,,,1.7763568394002505e-15,False
Hungary,lightgbm,18,4,2,21300729,31300940,31300941,438,188,294,66,43,24,0.3605442176870748,0.836562344759066,0.8375150541951023,0.0009527094360363,0.0106805762543468,0.880826873419665,0.7630868763084326,0.5334734403492268,0.5797999314329922,0.1630557814624037,0.1819370146140525,0.124444473864912,0.0658304119448905,0.0213678897269881,0.0250916029591051,0.0407388089857854,0.2690407942565465,0.0831110464460343,-0.0042404093295373,0.0223612035724546,0.0607498428735797,0.0841387652802955,0.0241768899491388,0.0599618753311567,0.0867957944615562,0.0794262984305124,0.028871103508371,0.0158513036365382,33,61,0.3605442176870748,target_prevalence,0.0528808940925405,0.0430853853075411,0.0097955087849994,0.0252671588853924,0.030943300200786,0.1229084195863682,0.2159432871673611,-0.0930348675809929,0.8205128205128204,0.564102564102564,0.6666666666666666,0.6666666666666666,0.51722363517806,0.6327542095695186,5.01651077836597,5.158027840897487,0.1415170625315172,,,,,1.4210854715202004e-14,True
Switzerland,logistic,18,4,2,22300729,40300940,40300941,557,240,123,83,41,78,0.934959349593496,0.8862421001458435,0.7282608695652175,-0.1579812305806259,0.0279186054587123,0.8935017218444012,0.9676137259606488,0.427977905525733,0.558130732835172,0.1379541735722493,0.1790934232501823,0.0960066118928909,0.1256299027268535,0.0718760885594128,0.0933455264755356,0.0322843762513179,0.2245195176255432,0.0503069284569392,-0.0291866834212311,0.0127171309985794,0.0375897974583598,0.0731908400670302,0.0250426415544501,0.0481481985125801,0.0240011235219747,0.0766127333919037,-0.0014514465563,0.0268857085534588,8,59,0.934959349593496,target_prevalence,0.1189151136343932,0.0757477327812061,0.043167380853187,0.0377258785522524,-0.0108830046018691,0.1776641265644724,0.2750666037779916,-0.0974024772135192,0.7179487179487178,0.5128205128205127,0.6666666666666666,0.6666666666666666,0.2077851514915421,0.2475155447594508,4.02533544531482,4.091613974448333,0.0662785291335135,,,,,1.7763568394002505e-15,False
Switzerland,lightgbm,18,4,2,22300729,41300940,41300941,557,240,123,83,41,78,0.934959349593496,0.8749565942079311,0.7945652173913044,-0.0803913768166267,0.012118897145635,0.8695064028031064,0.9769056158997264,0.4768462956825603,0.5391490304234968,0.1477819111329094,0.168352320356451,0.1142487173183068,0.1243873081461804,0.0812547124178476,0.0669945602429037,0.0573927479032767,0.2466099084149158,0.0080072471038798,-0.0426163911871282,0.001513984433161,0.0064932626707187,0.0758201862441028,0.0284773593710677,0.047342826873035,-0.0699459446180587,0.0859604388258183,-0.0294812970375166,0.0325092659038388,8,59,0.934959349593496,target_prevalence,0.1033048538361412,0.1019944233142703,0.0013104305218709,0.0293515892125738,0.0560823173814057,0.1023047268710023,0.2184125112171996,-0.1161077843461973,0.5384615384615383,0.564102564102564,0.25,0.4285714285714285,0.2105807691578839,0.444806289883447,4.8144022734154825,4.396225969131945,-0.4181763042835378,,,,,7.105427357601002e-15,False
VA Long Beach,logistic,18,4,2,23300729,50300940,50300941,504,216,200,87,44,65,0.745,0.9111720826545486,0.6996973285958679,-0.2114747540586807,0.0111463602846608,0.9005687176873123,0.8433863814650753,0.3823144333970201,0.5846796392593707,0.1182379148376922,0.1904889542686936,0.0835662691271435,0.042151203130609,0.0035420925781428,0.0150429610297208,0.0271082421008882,0.2110121273351246,0.058861664099918,-0.0002316977974554,0.0131154762827296,0.0457461878171883,0.0502190839739138,0.0147591597633643,0.0354599242105494,0.0764995827244164,0.0412237454754196,0.0097610201998016,0.0164699323656576,51,54,0.745,target_prevalence,0.0446913725316294,0.013697076453504,0.0309942960781253,0.0290512690895068,-0.0038860539772371,0.1037012326504476,0.256538883372285,-0.1528376507218373,0.564102564102564,0.6153846153846153,0.25,0.4285714285714285,0.5167806815908137,0.6119651954266613,5.052704665345123,4.9386461069220005,-0.1140585584231228,,,,,2.664535259100376e-15,False
VA Long Beach,lightgbm,18,4,2,23300729,51300940,51300941,504,216,200,87,44,65,0.745,0.887336019891966,0.6396236346887748,-0.2477123852031911,0.0406413444225328,0.8840527161800776,0.8143351122645577,0.4533535268682616,0.918924731732268,0.1333885033721926,0.2750082434915785,0.1121626829112444,0.0351076281047808,0.0221406262926737,0.0353562766980388,-0.000248648593258,0.2313844675263587,0.0407259043859956,0.0002433359841348,0.0173567297202398,0.0233691746657557,0.0229810506741374,0.0159441982154638,0.0070368524586735,0.0769398915530531,0.004511917218938,0.0202394470769254,0.0144740123635542,51,54,0.745,target_prevalence,0.0395973978643146,0.0194607809142608,0.0201366169500537,0.0099439841783978,-0.0203852655433117,0.0872440854422301,0.2065462638645374,-0.1193021784223072,0.9230769230769228,0.6923076923076922,1.0,0.4285714285714285,0.6551385696613786,0.5149150541921499,5.0637679734564855,5.32990246279941,0.2661344893429245,,,,,1.1546319456101628e-14,False
Cleveland,logistic,19,4,3,20300729,20301040,20301041,431,186,303,79,48,36,0.4587458745874587,0.8398889961389961,0.8318564660466747,-0.0080325300923214,0.0043436293436293,0.8657165316639509,0.8060252303885609,0.4898894363907763,0.5220831584307295,0.1606010401045174,0.1683840852054614,0.0733078065876159,0.0532777511992546,-0.0073230264063299,0.0050048386911945,0.04827291250806,0.1896418569748467,0.0631277203254935,0.0113137800757095,0.036746363549658,0.0263813567758354,0.0619888024719365,0.0366820817882674,0.025306720683669,0.0493240359403825,0.0769314047106045,0.0359672686016042,0.0375254584977119,37,56,0.4587458745874587,target_prevalence,0.0861596874251185,0.0106655284447458,0.0754941589803727,0.0618835357442164,-0.0272212464723126,0.1770923950933625,0.2237539159274469,-0.0466615208340843,0.6666666666666665,0.6153846153846153,0.6666666666666666,0.4285714285714285,0.3535822972379563,0.7099066062079814,3.875386213044661,4.517342457817097,0.6419562447724365,,,,,1.7763568394002505e-15,False
Cleveland,lightgbm,19,4,3,20300729,21301040,21301041,431,186,303,79,48,36,0.4587458745874587,0.8071307915057915,0.8477364449903492,0.0406056534845576,0.006515444015444,0.8175084612780901,0.8418034963485378,0.5879780271935566,0.5480048761345533,0.1658230918627223,0.1716155160854821,0.0968646504600781,0.0664565050723767,0.0102995299578291,0.0227774357370367,0.04367906933534,0.2257530904249227,0.0412229284481662,-0.0077598455199047,0.0041597986331685,0.0370631298149977,0.0401636964612316,0.003712488933625,0.0364512075276066,0.0283850367665184,0.054060820129814,-0.0012615949252983,0.0095811921916353,37,56,0.4587458745874587,target_prevalence,0.0848993059261316,0.0107391740366128,0.0741601318895187,0.0589196006124294,-0.0304810625541787,0.0905002756048916,0.0959219635580399,-0.0054216879531482,0.8717948717948716,0.8205128205128204,0.6666666666666666,0.6666666666666666,0.127234581489496,0.2557382840581267,4.539715135271447,4.772466975653741,0.2327518403822939,,,,,1.3322676295501878e-14,False
Hungary,logistic,19,4,3,21300729,30301040,30301041,438,188,294,66,43,24,0.3605442176870748,0.8534525583705911,0.8664692894419913,0.0130167310714002,0.0124192747143567,0.8874194494844811,0.807946773353051,0.4511939628770673,0.4899967200417655,0.1375338823638824,0.1590759749954209,0.0782009236414555,0.035332402417396,0.0034385449223091,0.0105895056002669,0.0247428968171291,0.2285535620913877,0.0512333487809182,0.0042923604564342,0.0253481210251065,0.0258852277558116,0.0549035963283682,0.028391048332309,0.0265125479960591,0.0643925290120193,0.0380741685498171,0.0362581286875154,0.0144381133626976,33,61,0.3605442176870748,target_prevalence,0.0596557525107639,0.0142220182135439,0.04543373429722,0.0350883155571745,-0.0206908374800909,0.080826380297389,0.3119310367498248,-0.2311046564524358,0.9230769230769228,0.2051282051282051,1.0,0.6666666666666666,0.4473776220238046,0.5047352503063273,4.394579408515794,4.003893947695927,-0.3906854608198671,,,,,2.220446049250313e-15,False
Hungary,lightgbm,19,4,3,21300729,31301040,31301041,438,188,294,66,43,24,0.3605442176870748,0.8312220566318926,0.8248193496587716,-0.006402706973121,0.0072031793343269,0.8821733256929399,0.7176036144477396,0.5268891947644926,0.5613120333258488,0.1593669192393124,0.1799677127156866,0.1365038473872312,0.0418775155094063,0.0102086112734619,0.0099779863637804,0.0318995291456258,0.2808023946195143,0.0446243827648742,0.0023766628870015,0.0151485562166793,0.0294758265481949,0.0440659789352923,0.0170101469452966,0.0270558319899957,0.0426223007417391,0.0466264647880093,0.021823040048551,0.0084740723848076,33,61,0.3605442176870748,target_prevalence,0.0783248481525013,0.0171148107756068,0.0612100373768945,0.0465547832612601,-0.0293105082312686,0.1231434358519915,0.1979816357302675,-0.074838199878276,0.769230769230769,0.4871794871794871,0.6666666666666666,0.6666666666666666,0.6438699578948267,0.7146146042373549,4.726118994582516,4.674786062469284,-0.0513329321132314,,,,,9.769962616701378e-15,True
Switzerland,logistic,19,4,3,22300729,40301040,40301041,557,240,123,83,41,78,0.934959349593496,0.8874227376901174,0.7195652173913043,-0.167857520298813,0.0122925203139107,0.8898237232851929,0.9659039468434936,0.4209888023833702,0.9141322201616066,0.137065361740118,0.3095312016067632,0.0556653236756489,0.0791582894391775,0.018817162257905,0.0266504834881978,0.0525078059509796,0.1319090992508203,0.1181518106518874,0.0023895886144631,0.0086952571520462,0.1094565534998412,0.086851915042966,0.0121700496237667,0.0746818654191992,0.1541320644827036,0.0821715568210711,0.0047008695443674,0.012689644759725,8,59,0.934959349593496,target_prevalence,0.0947528317894799,0.0255699012449676,0.0691829305445123,0.060845368247746,-0.0166751245935327,0.178457159333443,0.2030612667425565,-0.0246041074091135,0.6666666666666665,0.6666666666666665,0.6666666666666666,0.4285714285714285,0.1603326414413071,0.5893503501536721,4.498785062936986,4.821961949163784,0.3231768862267978,,,,,1.7763568394002505e-15,False
Switzerland,lightgbm,19,4,3,22300729,41301040,41301041,557,240,123,83,41,78,0.934959349593496,0.8765886519897215,0.8380434782608697,-0.0385451737288518,0.0064587818598512,0.885729742043986,0.9856698341971144,0.4564973317848129,0.3747112497265354,0.1463862142178804,0.1176769949126546,0.1146116610934259,0.1416938796315084,0.08372484293318,0.0767455545854765,0.0649483250460319,0.236577912657859,0.0458622893312407,-0.0208538967535539,-0.0061901272932368,0.0520524166244776,0.0623357253957411,0.0110293894777539,0.0513063359179871,0.0269255357243851,0.0647990429380963,-0.0259845250767123,0.0136042704902386,8,59,0.934959349593496,target_prevalence,0.1193925767571009,0.0769118846716568,0.042480692085444,0.053714508565738,0.0224676329605878,0.0780385421143205,0.2109420654829098,-0.1329035233685893,0.846153846153846,0.4871794871794871,1.0,0.6666666666666666,0.1189253333011915,0.2746317444585469,4.643340270603852,4.239938945823785,-0.4034013247800665,,,,,8.881784197001252e-15,False
VA Long Beach,logistic,19,4,3,23300729,50301040,50301041,504,216,200,87,44,65,0.745,0.9125439423818916,0.7069351230425056,-0.2056088193393859,0.0128611849438394,0.9056597384935504,0.8531859841007329,0.3824044055993662,0.6027337968261095,0.1190813933278764,0.188775224829926,0.1080711109970462,0.0586541875688161,0.0086652655249294,0.014193728447902,0.0444604591209141,0.2126985692575025,0.0668457074792194,0.0035978006069339,0.0191018704796897,0.0477438369995297,0.0581194951871486,0.0167468092668848,0.0413726859202637,0.0846543039936498,0.0490371109647891,0.023908117852761,0.0142956231066184,51,54,0.745,target_prevalence,0.0517830981512966,0.0268807037136894,0.0249023944376071,0.0346814267792606,0.019558064683307,0.1090519902140005,0.2661206498125125,-0.1570686595985119,0.6923076923076922,0.3333333333333332,0.6666666666666666,0.4285714285714285,0.5976995265169955,0.4800770147359687,5.648008573239144,5.274226886360285,-0.3737816868788588,,,,,1.7763568394002505e-15,False
VA Long Beach,lightgbm,19,4,3,23300729,51301040,51301041,504,216,200,87,44,65,0.745,0.9232615965017578,0.6789051190946177,-0.24435647740714,0.0118322901483324,0.9254554794723486,0.8353445154446946,0.3667857634233321,0.7961358664991104,0.1114437595852393,0.238206521819407,0.1104384018117412,0.0421859376672377,0.0179246631354862,0.0268580412188707,0.015327896448367,0.1819141083182228,0.0260850221951684,0.0084895773669035,0.0101685160600686,0.0159165061350997,0.0226823282414165,0.0058959747952145,0.016786353446202,0.0330292955701722,0.0191407488201646,0.0188879880291588,0.0014490440909785,51,54,0.745,target_prevalence,0.0525469958667131,0.0195276872383375,0.0330193086283756,0.0241736025383713,-0.0176914121800085,0.0864233032937546,0.1844384514672531,-0.0980151481734985,0.8717948717948716,0.6923076923076922,0.6666666666666666,0.6666666666666666,0.5936409297979401,0.4892296441196285,5.730864332882231,5.835702571482111,0.1048382385998802,,,,,9.325873406851317e-15,False
