refit_pair,split_index,refit_index,task_index,code_module,period,source_presentation,target_presentation,horizon_day,model,feature_schema,n_source_activity_features,n_excluded_source_id_only_activity_features,excluded_source_id_only_activity_features,n_excluded_target_only_activity_features,excluded_target_only_activity_features,n_source,n_target,n_source_train,n_source_id,n_explanation,source_prevalence,target_prevalence,id_auroc,target_auroc,delta_auroc,id_average_precision,target_average_precision,id_log_loss,target_log_loss,delta_log_loss,id_brier,target_brier,delta_brier,null_abs_delta_auroc,shift_energy_u2,same_model_sample_null_energy_u2,refit_sample_null_energy_u2,calibrated_excess_u2,paired_refit_l2,class_macro_shift_u2,class_macro_sample_null_u2,class_macro_refit_null_u2,class_macro_excess_u2,class_weighted_shift_u2,class_weighted_refit_null_u2,class_weighted_excess_u2,class0_shift_u2,class1_shift_u2,class0_refit_null_u2,class1_refit_null_u2,class0_n,class1_n,class_weighting_prevalence,class_weighting_scheme,reverse_shift_energy_u2,reverse_refit_sample_null_energy_u2,reverse_calibrated_excess_u2,symmetrized_calibrated_excess_u2,symmetry_gap_u2,model_config_json,model_config_sha256,shift_js,null_js,paired_excess_js,shift_rank_tau,null_rank_tau,shift_top5_jaccard,null_top5_jaccard,shift_sign_consistency,null_sign_consistency,source_mean_attribution_l1,target_mean_attribution_l1,delta_mean_attribution_l1,max_additivity_error,silent_explanation_shift
0,0,0,0,AAA,J,2013J,2014J,14,logistic,source_train_only_activity_types,9,0,,0,,370,350,259,111,53,0.2486486486486486,0.2771428571428571,0.6407056798623064,0.5150971843038181,-0.1256084955584883,0.3504192220488484,0.2948856353968717,0.7130924565352853,0.9290811800264368,0.2159887234911515,0.2464796147559124,0.3250431935536764,0.0785635787977639,0.0481927710843375,0.0115004042444238,0.0049731655298113,0.0369983209639658,-0.0254979167195419,0.445639593821188,-0.0059058757561313,0.0364111392024901,0.0796572475531611,-0.0855631233092924,-0.0035520844983162,0.054090469487732,-0.0576425539860483,-0.0006249338315463,-0.0111868176807162,0.0222958865089292,0.1370186085973931,41,14,0.2771428571428571,target_prevalence,0.0217834904880033,0.0276613468009932,-0.0058778563129899,-0.0156878865162659,-0.019620060406552,"{""C"": 1.0, ""class_weight"": ""balanced"", ""max_iter"": 5000, ""solver"": ""lbfgs""}",0ec0160f1649f42124ca093cb28e50d00a77309027bbdbb0b9ac6257ff1aa269,0.0797022671142014,0.4936236403381455,-0.413921373223944,0.9051383399209486,0.0988142292490118,0.6666666666666666,0.0,0.37250919761639,0.5282067112127659,6.447253227624586,5.50514583028127,-0.9421073973433156,5.3290705182007506e-15,False
0,0,0,0,AAA,J,2013J,2014J,14,lightgbm,source_train_only_activity_types,9,0,,0,,370,350,259,111,53,0.2486486486486486,0.2771428571428571,0.6514629948364887,0.621347948331364,-0.0301150465051247,0.5119071941700344,0.3906131959961038,0.6375559175482444,0.7496441227626266,0.1120882052143822,0.188638187912514,0.2445613046324212,0.0559231167199071,0.0374354561101548,-0.0002346897211346,0.0019833444382061,0.0064592770282253,-0.00669396674936,0.337691091117871,0.0057460465343011,-0.0051394061964123,0.0435608126905198,-0.0378147661562187,0.0145094736546217,0.0419298555894163,-0.0274203819347945,0.0254075817401487,-0.0139154886715465,0.039901614066249,0.0472200113147907,41,14,0.2771428571428571,target_prevalence,-0.0040538214969805,0.019948996607951,-0.0240028181049316,-0.0153483924271458,0.0173088513555716,"{""class_weight"": ""balanced"", ""colsample_bytree"": 1.0, ""deterministic"": true, ""force_col_wise"": true, ""learning_rate"": 0.035, ""min_child_samples"": 12, ""n_estimators"": 180, ""n_jobs"": 1, ""num_leaves"": 15, ""objective"": ""binary"", ""reg_lambda"": 1.0, ""subsample"": 1.0, ""verbosity"": -1}",7340a032adf73dcca6285d723e7b8782f8c2625f4216107ab44a30759e1137a7,0.0714821404023866,0.358077046803349,-0.2865949064009624,0.8893280632411068,0.1663369597826151,1.0,0.0,0.7259234440102708,0.6020694356039019,4.298141543735761,4.589361250221333,0.2912197064855721,7.549516567451064e-15,False
0,0,0,0,AAA,J,2013J,2014J,56,logistic,source_train_only_activity_types,9,0,,0,,365,342,255,110,52,0.2383561643835616,0.260233918128655,0.6607142857142857,0.6466225518497135,-0.0140917338645721,0.3309452855689985,0.4159101972757997,0.7434111697300357,0.7542552485350137,0.0108440788049779,0.2570322386533137,0.2650261362124876,0.0079938975591739,0.0402930402930402,-0.0006873988685653,0.0055749911639078,0.0535215466196429,-0.0542089454882083,0.3458803452571573,-0.0118277896936035,-0.0095478980355167,0.0798713629032814,-0.0916991525968849,-0.0067649775656893,0.0565896924741955,-0.0633546700398848,-0.0012699741585628,-0.0223856052286443,0.031320562374334,0.1284221634322288,42,13,0.260233918128655,target_prevalence,-0.0037902547741864,0.0487882642101287,-0.0525785189843152,-0.0533937322362617,-0.0016304265038931,"{""C"": 1.0, ""class_weight"": ""balanced"", ""max_iter"": 5000, ""solver"": ""lbfgs""}",0ec0160f1649f42124ca093cb28e50d00a77309027bbdbb0b9ac6257ff1aa269,0.0524982744170756,0.4502727905480671,-0.3977745161309915,0.9683794466403164,0.2964426877470356,1.0,0.25,0.5877742380734009,0.6454251722157534,6.588696594804668,6.897783859367587,0.309087264562919,3.552713678800501e-15,False
0,0,0,0,AAA,J,2013J,2014J,56,lightgbm,source_train_only_activity_types,9,0,,0,,365,342,255,110,52,0.2383561643835616,0.260233918128655,0.5833333333333334,0.614691122263179,0.0313577889298456,0.3747310420174138,0.3513938351278779,0.8251181377289086,0.7825656252924121,-0.0425525124364964,0.2518726167652045,0.250374057939218,-0.0014985588259865,0.0302197802197802,-0.0031354474790522,-0.0008099117201764,0.0443494880693796,-0.0474849355484319,0.4164053473101636,0.0345711355345099,0.0483929765058885,0.0646339305391453,-0.0300627950046354,0.0127839096090067,0.0459407887429408,-0.0331568791339341,-0.0108632014564783,0.0800054725254981,0.0256518909397433,0.1036159701385474,42,13,0.260233918128655,target_prevalence,0.0047506164991771,0.0377274585105397,-0.0329768420113625,-0.0402308887798972,-0.0145080935370693,"{""class_weight"": ""balanced"", ""colsample_bytree"": 1.0, ""deterministic"": true, ""force_col_wise"": true, ""learning_rate"": 0.035, ""min_child_samples"": 12, ""n_estimators"": 180, ""n_jobs"": 1, ""num_leaves"": 15, ""objective"": ""binary"", ""reg_lambda"": 1.0, ""subsample"": 1.0, ""verbosity"": -1}",7340a032adf73dcca6285d723e7b8782f8c2625f4216107ab44a30759e1137a7,0.0556513215680464,0.3842130434363069,-0.3285617218682605,0.9047619047619048,0.4356444184782777,1.0,0.25,0.9424042669313194,0.3693442403924753,4.622911138861631,4.344225298274711,-0.2786858405869195,9.769962616701378e-15,False
0,0,0,1,BBB,B,2013B,2014B,14,logistic,source_train_only_activity_types,10,0,,1,clicks_oucollaborate,1606,1289,1124,482,160,0.5006226650062267,0.4375484871993794,0.7030009813880616,0.6633724627048179,-0.0396285186832436,0.711991554016553,0.5837677178140321,0.6633266279433734,0.737182095129428,0.0738554671860546,0.2270039173264365,0.2571913275447693,0.0301874102183327,0.011139615364749,0.0131812992925228,0.0011150145427717,0.0109544613925287,0.0022268378999941,0.2031575127939186,0.007179394026072,-0.0037857704843105,0.0135081576575576,-0.0063287636314855,0.0081608565421978,0.0124543877387822,-0.0042935311965843,0.0150371901955517,-0.0006784021434076,0.0050714531525795,0.0219448621625356,80,80,0.4375484871993794,target_prevalence,0.0046766687165847,0.0151791424967475,-0.0105024737801628,-0.0041378179400843,0.012729311680157,"{""C"": 1.0, ""class_weight"": ""balanced"", ""max_iter"": 5000, ""solver"": ""lbfgs""}",0ec0160f1649f42124ca093cb28e50d00a77309027bbdbb0b9ac6257ff1aa269,0.1501568066181467,0.1815395333793811,-0.0313827267612344,0.8840579710144928,0.6739130434782609,0.6666666666666666,0.6666666666666666,0.7333369026365658,0.4266564401272708,3.470688404908546,3.4890086537430878,0.0183202488345415,2.664535259100376e-15,False
0,0,0,1,BBB,B,2013B,2014B,14,lightgbm,source_train_only_activity_types,10,0,,1,clicks_oucollaborate,1606,1289,1124,482,160,0.5006226650062267,0.4375484871993794,0.697560303713779,0.6907495720224994,-0.0068107316912795,0.6962282862849123,0.6279691166771173,0.6924194539486022,0.711698866307239,0.0192794123586368,0.236089637439769,0.2446541401173835,0.0085645026776145,0.0043215509374837,0.0061717829978562,-0.0018083132356132,0.0223975823493314,-0.0162257993514751,0.3021576752974133,0.0045883019599475,0.0067338855575352,0.0334491570311017,-0.0288608550711542,0.0039920224559095,0.0341582647900307,-0.0301662423341212,-0.0001856376717601,0.0093622415916551,0.0391264234985521,0.0277718905636514,80,80,0.4375484871993794,target_prevalence,0.0003844590906664,0.0210282081599503,-0.0206437490692838,-0.0184347742103795,0.0044179497178086,"{""class_weight"": ""balanced"", ""colsample_bytree"": 1.0, ""deterministic"": true, ""force_col_wise"": true, ""learning_rate"": 0.035, ""min_child_samples"": 12, ""n_estimators"": 180, ""n_jobs"": 1, ""num_leaves"": 15, ""objective"": ""binary"", ""reg_lambda"": 1.0, ""subsample"": 1.0, ""verbosity"": -1}",7340a032adf73dcca6285d723e7b8782f8c2625f4216107ab44a30759e1137a7,0.0495057715661059,0.2457240390959,-0.196218267529794,0.8985507246376812,0.7753623188405797,0.6666666666666666,0.6666666666666666,0.7014169080695348,0.2501459771096944,3.118376056461508,3.1696233901746043,0.0512473337130963,5.773159728050814e-15,False
0,0,0,1,BBB,B,2013B,2014B,56,logistic,source_train_only_activity_types,10,0,,1,clicks_oucollaborate,1470,1247,1029,441,160,0.454421768707483,0.4170008019246191,0.7532572614107884,0.7393106549571475,-0.0139466064536408,0.7522270917589322,0.6976911392644761,0.597407466960494,0.6377520755832797,0.0403446086227857,0.2035404443860669,0.2117196593048417,0.0081792149187748,0.0075726141078839,0.009554499756911,-0.0020981304053954,0.0165433388868231,-0.006988839129912,0.2652031317762167,0.0273559807306419,-9.19160747145098e-05,0.0211362701688024,0.0062197105618395,0.0273958734425398,0.0204002625589088,0.0069956108836309,0.0275963005941038,0.0271156608671801,0.0167024465478495,0.0255700937897552,80,80,0.4170008019246191,target_prevalence,0.0445864087662741,0.0122297586925237,0.0323566500737503,0.0126839054719191,-0.0393454892036624,"{""C"": 1.0, ""class_weight"": ""balanced"", ""max_iter"": 5000, ""solver"": ""lbfgs""}",0ec0160f1649f42124ca093cb28e50d00a77309027bbdbb0b9ac6257ff1aa269,0.0587004299414251,0.327775984942998,-0.2690755550015729,0.9347826086956522,0.4202898550724637,1.0,0.4285714285714285,0.7565965130189058,0.591164930574071,4.653281122648059,4.8281352565848605,0.1748541339368019,3.552713678800501e-15,False
0,0,0,1,BBB,B,2013B,2014B,56,lightgbm,source_train_only_activity_types,10,0,,1,clicks_oucollaborate,1470,1247,1029,441,160,0.454421768707483,0.4170008019246191,0.7335684647302904,0.7412178605438577,0.0076493958135673,0.751117230467575,0.7170202854665052,0.6153576138896859,0.6206982993853793,0.0053406854956934,0.2089631207090521,0.2130380632303605,0.0040749425213083,0.0224688796680498,0.0110568477678378,-0.0020213445524809,0.006500383533974,0.0045564642338637,0.2557111156840923,0.026161584247459,0.0026204345960721,0.0180344159343525,0.0081271683131064,0.028708604835262,0.0188326696976466,0.0098759351376154,0.0415052300106976,0.0108179384842204,0.0228432200059838,0.0132256118627213,80,80,0.4170008019246191,target_prevalence,0.0113593264935029,0.0104863639122766,0.0008729625812262,0.002714713407545,0.0036835016526375,"{""class_weight"": ""balanced"", ""colsample_bytree"": 1.0, ""deterministic"": true, ""force_col_wise"": true, ""learning_rate"": 0.035, ""min_child_samples"": 12, ""n_estimators"": 180, ""n_jobs"": 1, ""num_leaves"": 15, ""objective"": ""binary"", ""reg_lambda"": 1.0, ""subsample"": 1.0, ""verbosity"": -1}",7340a032adf73dcca6285d723e7b8782f8c2625f4216107ab44a30759e1137a7,0.0700352996406441,0.233711747396709,-0.1636764477560648,0.9202898550724636,0.5942028985507246,0.6666666666666666,0.6666666666666666,0.7885867946467199,0.5474888620896652,3.50083253171126,3.689271681231355,0.1884391495200952,7.993605777301127e-15,True
0,0,0,2,BBB,J,2013J,2014J,14,logistic,source_train_only_activity_types,10,0,,0,,1851,1791,1295,556,160,0.4219340896812534,0.3618090452261306,0.7318751242791808,0.6505574727541774,-0.0813176515250033,0.681374489176096,0.5089862722971801,0.6017192284948019,0.6561160734017736,0.0543968449069717,0.2074560704637002,0.2273696264062614,0.0199135559425612,0.0016437992974083,0.0054050424848772,0.0001807364311157,0.0142698905424167,-0.0088648480575394,0.1999340168959055,0.0104560618733609,-0.0012802085636561,0.0184662317018118,-0.0080101698284509,0.01236878541635,0.0168306593651092,-0.0044618739487591,0.0173766434198125,0.0035354803269092,0.0125484336108332,0.0243840297927905,80,80,0.3618090452261306,target_prevalence,0.0123326918989652,0.0131535017256045,-0.0008208098266392,-0.0048428289420893,-0.0080440382309001,"{""C"": 1.0, ""class_weight"": ""balanced"", ""max_iter"": 5000, ""solver"": ""lbfgs""}",0ec0160f1649f42124ca093cb28e50d00a77309027bbdbb0b9ac6257ff1aa269,0.1175138273758134,0.2793631692225727,-0.1618493418467593,0.8405797101449275,0.572463768115942,1.0,0.6666666666666666,0.7960741429634021,0.3851942938276146,2.9381241625245367,2.9684436024907024,0.0303194399661657,5.3290705182007506e-15,False
0,0,0,2,BBB,J,2013J,2014J,14,lightgbm,source_train_only_activity_types,10,0,,0,,1851,1791,1295,556,160,0.4219340896812534,0.3618090452261306,0.7280572678464904,0.5968212306794984,-0.1312360371669919,0.6604285238545015,0.4607678098180886,0.6126750693786007,0.7313376053916453,0.1186625360130445,0.2126665993742161,0.2636771296586081,0.051010530284392,0.0216875455690329,0.0318927346426794,-0.0010986481909007,0.0137371056356456,0.0181556290070337,0.2970209905261572,0.0376472588645556,0.0030673737539464,0.0261790951926228,0.0114681636719328,0.0431257675785669,0.0225293499196357,0.0205964176589311,0.057469499484342,0.0178250182447692,0.012973653204906,0.0393845371803395,80,80,0.3618090452261306,target_prevalence,0.0425080933625833,0.0148110616949165,0.0276970316676667,0.0229263303373502,-0.0095414026606329,"{""class_weight"": ""balanced"", ""colsample_bytree"": 1.0, ""deterministic"": true, ""force_col_wise"": true, ""learning_rate"": 0.035, ""min_child_samples"": 12, ""n_estimators"": 180, ""n_jobs"": 1, ""num_leaves"": 15, ""objective"": ""binary"", ""reg_lambda"": 1.0, ""subsample"": 1.0, ""verbosity"": -1}",7340a032adf73dcca6285d723e7b8782f8c2625f4216107ab44a30759e1137a7,0.2336482732303997,0.2261812892641602,0.0074669839662394,0.7318840579710145,0.7681159420289855,0.6666666666666666,0.4285714285714285,0.7142622468337448,0.5939505153756519,2.7118189661673755,3.03181510417842,0.3199961380110441,5.773159728050814e-15,False
0,0,0,2,BBB,J,2013J,2014J,56,logistic,source_train_only_activity_types,10,0,,0,,1785,1750,1249,536,160,0.3994397759103641,0.3417142857142857,0.7487664712370117,0.6929420405982906,-0.0558244306387211,0.6804484025612235,0.5273907002002522,0.5985065863663349,0.7569534241741676,0.1584468378078326,0.2047262829434477,0.228650203888587,0.0239239209451392,0.0097811574853428,0.0468537701740051,-0.0008337534148631,0.0126169283007724,0.0342368418732326,0.2313336393213804,0.06371687604255,-0.002205061940998,0.0274183742765361,0.0362985017660138,0.0729553591663121,0.022285253360167,0.0506701058061451,0.0928998100977554,0.0345339419873445,0.0112036421399913,0.0436331064130809,80,80,0.3417142857142857,target_prevalence,0.0254699516770207,0.0176950303765635,0.0077749213004572,0.0210058815868449,0.0264619205727754,"{""C"": 1.0, ""class_weight"": ""balanced"", ""max_iter"": 5000, ""solver"": ""lbfgs""}",0ec0160f1649f42124ca093cb28e50d00a77309027bbdbb0b9ac6257ff1aa269,0.299076712717448,0.2815377946764927,0.0175389180409553,0.782608695652174,0.4710144927536232,0.4285714285714285,0.25,0.254298238292088,0.5545057946839477,3.626361167342054,5.059755857058139,1.433394689716085,1.0658141036401504e-14,False
0,0,0,2,BBB,J,2013J,2014J,56,lightgbm,source_train_only_activity_types,10,0,,0,,1785,1750,1249,536,160,0.3994397759103641,0.3417142857142857,0.7541939977941603,0.6732351472500929,-0.0809588505440673,0.7240206984047626,0.5177828758331048,0.5690070577240801,0.8077516508761479,0.2387445931520677,0.1924052052127579,0.278916731754751,0.0865115265419931,0.0108115168050153,0.0788892414533617,-0.0024491933825567,0.0070508175433279,0.0718384239100338,0.2452955406081122,0.0635210620289928,0.0123566947758177,0.0161212381446897,0.0473998238843031,0.0786436020621438,0.0138707071048018,0.064772894957342,0.1112908184514011,0.0157513056065846,0.0090121599500979,0.0232303163392815,80,80,0.3417142857142857,target_prevalence,0.1075890121745894,0.0044732332958965,0.1031157788786928,0.0874771013943633,-0.031277354968659,"{""class_weight"": ""balanced"", ""colsample_bytree"": 1.0, ""deterministic"": true, ""force_col_wise"": true, ""learning_rate"": 0.035, ""min_child_samples"": 12, ""n_estimators"": 180, ""n_jobs"": 1, ""num_leaves"": 15, ""objective"": ""binary"", ""reg_lambda"": 1.0, ""subsample"": 1.0, ""verbosity"": -1}",7340a032adf73dcca6285d723e7b8782f8c2625f4216107ab44a30759e1137a7,0.1197460344879984,0.2331254702170453,-0.1133794357290469,0.7971014492753623,0.4492753623188406,0.6666666666666666,0.25,0.3393849566834956,0.6472748251844982,3.0277063407275984,3.484155029719607,0.4564486889920087,1.0436096431476471e-14,False
0,0,0,3,DDD,B,2013B,2014B,14,logistic,source_train_only_activity_types,11,0,,1,clicks_oucollaborate,1197,1050,837,360,160,0.5747702589807853,0.5447619047619048,0.7227432035616179,0.6968831377827194,-0.0258600657788985,0.7998587667160051,0.7258736308461582,0.6193976043839644,0.6921708361822703,0.0727732317983058,0.2145738375064846,0.2370681309995153,0.0224942934930306,0.0115878879732247,0.019893820640915,-0.001048325510321,0.0266091310508359,-0.0067153104099209,0.2716881941491082,0.0242949915153836,-0.0001083900704517,0.0362736285629267,-0.011978637047543,0.0236431465482201,0.0377380651950775,-0.0140949186468574,0.0315762384890188,0.0170137445417484,0.0199155597995397,0.0526316973263136,76,80,0.5447619047619048,target_prevalence,0.0246415821166227,0.028523632764049,-0.0038820506474262,-0.0052986805286735,-0.0028332597624946,"{""C"": 1.0, ""class_weight"": ""balanced"", ""max_iter"": 5000, ""solver"": ""lbfgs""}",0ec0160f1649f42124ca093cb28e50d00a77309027bbdbb0b9ac6257ff1aa269,0.0799201205069766,0.3865155631244407,-0.3065954426174641,0.9199999999999998,0.2866666666666666,1.0,0.4285714285714285,0.4991373753680178,0.268949587656218,4.552032023945425,3.9515473387600415,-0.6004846851853824,3.552713678800501e-15,False
0,0,0,3,DDD,B,2013B,2014B,14,lightgbm,source_train_only_activity_types,11,0,,1,clicks_oucollaborate,1197,1050,837,360,160,0.5747702589807853,0.5447619047619048,0.7115026364813236,0.6859913099452848,-0.0255113265360388,0.7872069198835028,0.7143957366780787,0.6546957453657252,0.7353860221085096,0.0806902767427844,0.2275037496061044,0.2526315452425647,0.0251277956364603,0.0099144327618325,0.0254892499196873,-0.002233430565831,0.0138317311156843,0.011657518804003,0.2812816587950997,0.0216025912087282,-0.0021852043468147,0.0171565877031452,0.0044460035055829,0.0204759120654217,0.0168577844142984,0.0036181276511232,0.0341878369584285,0.0090173454590279,0.0204942840147318,0.0138188913915586,76,80,0.5447619047619048,target_prevalence,0.010040332077996,0.0111704659405491,-0.001130133862553,0.005263692470725,0.0127876526665561,"{""class_weight"": ""balanced"", ""colsample_bytree"": 1.0, ""deterministic"": true, ""force_col_wise"": true, ""learning_rate"": 0.035, ""min_child_samples"": 12, ""n_estimators"": 180, ""n_jobs"": 1, ""num_leaves"": 15, ""objective"": ""binary"", ""reg_lambda"": 1.0, ""subsample"": 1.0, ""verbosity"": -1}",7340a032adf73dcca6285d723e7b8782f8c2625f4216107ab44a30759e1137a7,0.0689921040771333,0.2735317857036958,-0.2045396816265625,0.8533333333333332,0.4599999999999999,0.6666666666666666,0.6666666666666666,0.7893620692921468,0.5834598190911099,3.613925482153928,3.508112865084132,-0.1058126170697968,7.549516567451064e-15,False
0,0,0,3,DDD,B,2013B,2014B,56,logistic,source_train_only_activity_types,11,0,,1,clicks_oucollaborate,1085,971,759,326,159,0.5299539170506913,0.5077239958805355,0.7517095470172654,0.7114201329067191,-0.0402894141105463,0.7671101070144755,0.7075140032465058,0.617769855799156,0.6816930236867134,0.0639231678875573,0.2089992400162993,0.2306617373933915,0.0216624973770921,0.005931466999131,0.0289821904745752,-0.0019249016555655,0.01091851362913,0.0180636768454451,0.2176443231326578,0.0287121518560427,-0.0007379561664679,0.0173460356977825,0.0113661161582601,0.0285904379900981,0.0174077421468795,0.0111826958432186,0.0365910961115214,0.020833207600564,0.0133515715595733,0.0213404998359917,76,80,0.5077239958805355,target_prevalence,0.0385692451872652,0.0117402263598886,0.0268290188273765,0.0224463478364108,-0.0087653419819313,"{""C"": 1.0, ""class_weight"": ""balanced"", ""max_iter"": 5000, ""solver"": ""lbfgs""}",0ec0160f1649f42124ca093cb28e50d00a77309027bbdbb0b9ac6257ff1aa269,0.0387457983655253,0.2866495542274108,-0.2479037558618854,0.9199999999999998,0.4133333333333333,0.6666666666666666,0.6666666666666666,0.329892164912715,0.4670586634021346,5.950077759929314,6.141648081916906,0.1915703219875917,1.4210854715202004e-14,False
0,0,0,3,DDD,B,2013B,2014B,56,lightgbm,source_train_only_activity_types,11,0,,1,clicks_oucollaborate,1085,971,759,326,159,0.5299539170506913,0.5077239958805355,0.7534096490233859,0.7320796591613128,-0.0213299898620731,0.7986132319924161,0.746893513413024,0.6288557524544137,0.7644876228471641,0.1356318703927503,0.2125088506804285,0.2489832953892872,0.0364744447088586,0.0199856435830593,0.0366587891497179,0.0006410210435415,0.0061755870962539,0.0304832020534639,0.2439431943247038,0.0446421930991499,0.0005180352264463,0.011605350195944,0.0330368429032058,0.0446043071445552,0.0116500802134109,0.0329542269311442,0.0470946772265847,0.0421897089717152,0.0087098270652553,0.0145008733266328,76,80,0.5077239958805355,target_prevalence,0.0329075650816994,0.0091117281922317,0.0237958368894676,0.0271395194714658,0.0066873651639963,"{""class_weight"": ""balanced"", ""colsample_bytree"": 1.0, ""deterministic"": true, ""force_col_wise"": true, ""learning_rate"": 0.035, ""min_child_samples"": 12, ""n_estimators"": 180, ""n_jobs"": 1, ""num_leaves"": 15, ""objective"": ""binary"", ""reg_lambda"": 1.0, ""subsample"": 1.0, ""verbosity"": -1}",7340a032adf73dcca6285d723e7b8782f8c2625f4216107ab44a30759e1137a7,0.1008281916659172,0.2634694138900698,-0.1626412222241525,0.8866666666666665,0.4599999999999999,0.6666666666666666,0.6666666666666666,0.5263064332757211,0.7579669554485454,4.31927856019599,4.4779757586038444,0.1586971984078546,7.105427357601002e-15,False
0,0,0,4,DDD,J,2013J,2014J,14,logistic,source_train_only_activity_types,10,0,,0,,1675,1479,1172,503,160,0.5068656716417911,0.4645030425963489,0.7133617963314358,0.6948046696954995,-0.0185571266359363,0.7007761187497837,0.6319525459169621,0.634078669290686,0.6719583726469003,0.0378797033562142,0.2187302676939386,0.2261243051901784,0.0073940374962397,0.0053921568627453,0.0074598096567691,0.0010754947197482,0.008284358872406,-0.0008245492156369,0.179787906101666,0.009946092320399,0.0005553298408665,0.0104070315015707,-0.0004609391811717,0.0104220910686639,0.010228172240756,0.0001939188279078,0.016650874688817,0.0032413099519809,0.0078876710563808,0.0129263919467607,80,80,0.4645030425963489,target_prevalence,0.010882061391379,0.0098610958337987,0.0010209655575803,9.820817097169754e-05,-0.0018455147732172,"{""C"": 1.0, ""class_weight"": ""balanced"", ""max_iter"": 5000, ""solver"": ""lbfgs""}",0ec0160f1649f42124ca093cb28e50d00a77309027bbdbb0b9ac6257ff1aa269,0.0761626432362979,0.2624947831581853,-0.1863321399218874,0.9202898550724636,0.5289855072463768,0.6666666666666666,0.6666666666666666,0.3738568345626888,0.7675965335831691,3.788693437819769,3.806444238606987,0.0177508007872178,7.105427357601002e-15,False
0,0,0,4,DDD,J,2013J,2014J,14,lightgbm,source_train_only_activity_types,10,0,,0,,1675,1479,1172,503,160,0.5068656716417911,0.4645030425963489,0.6584598355471221,0.652965241939041,-0.005494593608081,0.6709856967016041,0.6248463878231227,0.6917915456289265,0.6931005132151938,0.0013089675862673,0.2425770620275834,0.2451823577633864,0.002605295735803,0.0429633143580012,0.0030294709546949,-0.0006343572637614,0.0066683448451521,-0.0036388738904571,0.2732134737553193,-0.0022681774959739,-0.0001299099736427,0.0134617812100472,-0.0157299587060211,-0.0022256090368455,0.0130376614879818,-0.0152632705248274,-0.0016685703431082,-0.0028677846488395,0.0074877519820985,0.0194358104379958,80,80,0.4645030425963489,target_prevalence,0.010588247781648,0.0055014341791528,0.0050868136024951,0.0007239698560189,-0.0087256874929522,"{""class_weight"": ""balanced"", ""colsample_bytree"": 1.0, ""deterministic"": true, ""force_col_wise"": true, ""learning_rate"": 0.035, ""min_child_samples"": 12, ""n_estimators"": 180, ""n_jobs"": 1, ""num_leaves"": 15, ""objective"": ""binary"", ""reg_lambda"": 1.0, ""subsample"": 1.0, ""verbosity"": -1}",7340a032adf73dcca6285d723e7b8782f8c2625f4216107ab44a30759e1137a7,0.0624897833610132,0.2440695698653799,-0.1815797865043666,0.9347826086956522,0.5289855072463768,1.0,0.1111111111111111,0.5765923199191679,0.6428075025979438,2.7736250839766567,2.868504561325576,0.0948794773489192,6.661338147750939e-15,False
0,0,0,4,DDD,J,2013J,2014J,56,logistic,source_train_only_activity_types,10,0,,0,,1574,1417,1101,473,160,0.4739517153748411,0.4410726887791108,0.7317304934021801,0.7426323232323233,0.0109018298301432,0.7247233896360727,0.6859682672366367,0.672570999743888,0.6529729235193146,-0.0195980762245734,0.2149371064894595,0.2217825174412695,0.00684541095181,0.0027610441767068,0.0193576147451023,-0.0007844428809525,0.0204152330086837,-0.0010576182635813,0.2551229951591089,0.0225457319815634,-0.0005854392499859,0.0375976531236699,-0.0150519211421065,0.0229342519778468,0.0363599292584055,-0.0134256772805587,0.0258423357823637,0.0192491281807631,0.0270955290693009,0.0480997771780389,80,80,0.4410726887791108,target_prevalence,0.018228726228357,0.0194001394605199,-0.0011714132321629,-0.0011145157478721,0.0001137949685815,"{""C"": 1.0, ""class_weight"": ""balanced"", ""max_iter"": 5000, ""solver"": ""lbfgs""}",0ec0160f1649f42124ca093cb28e50d00a77309027bbdbb0b9ac6257ff1aa269,0.0951866036043375,0.2710660527832633,-0.1758794491789257,0.8478260869565217,0.5579710144927535,0.6666666666666666,0.4285714285714285,0.353079900332005,0.5424293523296403,5.024661870892634,5.618539615101908,0.5938777442092746,3.552713678800501e-15,False
0,0,0,4,DDD,J,2013J,2014J,56,lightgbm,source_train_only_activity_types,10,0,,0,,1574,1417,1101,473,160,0.4739517153748411,0.4410726887791108,0.7657236087205966,0.7012787878787878,-0.0644448208418088,0.7479453818682978,0.6581313741320803,0.5992447058292311,0.6892490971687026,0.0900043913394715,0.1989913777472931,0.2431795033272281,0.044188125579935,0.0029941193344807,0.1019918934318665,0.0010015171026182,0.0133046710505049,0.0886872223813615,0.2318228460063336,0.1164209669266108,-0.0009699026036813,0.015505050198856,0.1009159167277548,0.124360053398721,0.0167729099234644,0.1075871434752565,0.1837843533396654,0.0490575805135561,0.0262628779220309,0.004747222475681,80,80,0.4410726887791108,target_prevalence,0.3058858886782039,0.0217854840268941,0.2841004046513097,0.1863938135163356,-0.1954131822699481,"{""class_weight"": ""balanced"", ""colsample_bytree"": 1.0, ""deterministic"": true, ""force_col_wise"": true, ""learning_rate"": 0.035, ""min_child_samples"": 12, ""n_estimators"": 180, ""n_jobs"": 1, ""num_leaves"": 15, ""objective"": ""binary"", ""reg_lambda"": 1.0, ""subsample"": 1.0, ""verbosity"": -1}",7340a032adf73dcca6285d723e7b8782f8c2625f4216107ab44a30759e1137a7,0.0898144114163991,0.1674161042359803,-0.0776016928195812,0.8768115942028986,0.7246376811594203,0.6666666666666666,0.6666666666666666,0.9083378100797572,0.5179695394435797,3.2676955920466044,3.676505786896427,0.4088101948498224,8.437694987151191e-15,False
0,0,0,5,EEE,J,2013J,2014J,14,logistic,source_train_only_activity_types,9,0,,2,clicks_ouwiki|clicks_page,933,1027,653,280,138,0.3483386923901393,0.3339824732229795,0.6958959407939,0.7267232707619389,0.0308273299680388,0.5323724344973453,0.5414019198764399,0.6780866198709121,0.634570126210459,-0.043516493660453,0.2327570350977601,0.2181155508506979,-0.0146414842470621,0.0091948867459072,0.0050602692699655,-0.0025438864938878,0.0233950082763725,-0.018334739006407,0.3083700629242805,0.0053207592357179,-0.0019470969498409,0.0423848328490006,-0.0370640736132827,0.0052420933518421,0.0332768189160739,-0.0280347255642317,0.0050838388171243,0.0055576796543114,0.0149539521771069,0.0698157135208943,80,49,0.3339824732229795,target_prevalence,0.0024042455428352,0.0235922397458692,-0.0211879942030339,-0.0197613666047205,0.0028532551966268,"{""C"": 1.0, ""class_weight"": ""balanced"", ""max_iter"": 5000, ""solver"": ""lbfgs""}",0ec0160f1649f42124ca093cb28e50d00a77309027bbdbb0b9ac6257ff1aa269,0.0750861145464222,0.3439326371712786,-0.2688465226248564,0.8656126482213439,0.4624505928853755,1.0,0.25,0.679369101080209,0.7144690348066041,4.947949807213033,5.572667422730747,0.6247176155177145,3.552713678800501e-15,False
0,0,0,5,EEE,J,2013J,2014J,14,lightgbm,source_train_only_activity_types,9,0,,2,clicks_ouwiki|clicks_page,933,1027,653,280,138,0.3483386923901393,0.3339824732229795,0.6911863646557523,0.6867466284759518,-0.0044397361798005,0.5549824901768328,0.5208691065815066,0.6703052070504205,0.673702393821593,0.0033971867711725,0.2242822224103898,0.2272162493947923,0.0029340269844025,0.0239403453689168,0.009184491564636,0.0013540259771511,0.0145309385985115,-0.0053464470338754,0.2857039790645907,-0.0003721054842552,-0.0026023627966164,0.022784658374111,-0.0231567638583662,0.0007492662519082,0.0217785681966334,-0.0210293019447252,0.003005163644894,-0.0037493746134044,0.0197545861973677,0.0258147305508543,80,49,0.3339824732229795,target_prevalence,0.0063957138010918,0.0206872115149997,-0.0142914977139078,-0.0098189723738916,0.0089450506800323,"{""class_weight"": ""balanced"", ""colsample_bytree"": 1.0, ""deterministic"": true, ""force_col_wise"": true, ""learning_rate"": 0.035, ""min_child_samples"": 12, ""n_estimators"": 180, ""n_jobs"": 1, ""num_leaves"": 15, ""objective"": ""binary"", ""reg_lambda"": 1.0, ""subsample"": 1.0, ""verbosity"": -1}",7340a032adf73dcca6285d723e7b8782f8c2625f4216107ab44a30759e1137a7,0.0747617273449239,0.235654092474381,-0.1608923651294571,0.9130434782608696,0.6205533596837944,1.0,0.25,0.6421283094652596,0.6559159779870872,3.450526376205284,3.5602450914358745,0.1097187152305911,6.661338147750939e-15,False
0,0,0,5,EEE,J,2013J,2014J,56,logistic,source_train_only_activity_types,9,0,,2,clicks_ouwiki|clicks_page,906,997,634,272,134,0.3278145695364238,0.3139418254764293,0.6866826303186591,0.7786372213814623,0.0919545910628032,0.5777560737033234,0.6458933276808178,0.6628897171938517,0.5685677040175168,-0.0943220131763349,0.2218596301024238,0.190313795215363,-0.0315458348870607,0.0571621538650457,0.0036362515585984,-0.0031131771873723,0.0171348593105462,-0.0134986077519478,0.2443141303425831,0.025714086818161,0.0076064264583384,0.0232727523167309,0.00244133450143,0.0289850610805053,0.0205604085952102,0.0084246524852951,0.0345042791080728,0.0169238945282492,0.0159837854963638,0.030561719137098,80,44,0.3139418254764293,target_prevalence,0.0048557801802076,0.013551223705734,-0.0086954435255264,-0.0110970256387371,-0.0048031642264214,"{""C"": 1.0, ""class_weight"": ""balanced"", ""max_iter"": 5000, ""solver"": ""lbfgs""}",0ec0160f1649f42124ca093cb28e50d00a77309027bbdbb0b9ac6257ff1aa269,0.0554304098620303,0.284083898853704,-0.2286534889916737,0.9604743083003952,0.5731225296442688,1.0,0.4285714285714285,0.473481910836516,0.5122516455870616,6.8854934167892905,7.261741008830818,0.376247592041528,4.440892098500626e-15,False
0,0,0,5,EEE,J,2013J,2014J,56,lightgbm,source_train_only_activity_types,9,0,,2,clicks_ouwiki|clicks_page,906,997,634,272,134,0.3278145695364238,0.3139418254764293,0.7467919199361455,0.7569386058330063,0.0101466858968608,0.6606280821917627,0.6656371656228488,0.5914863806528046,0.6201074130030365,0.0286210323502319,0.1923110459494827,0.2067322644994825,0.0144212185499998,0.0870019033585067,0.0942740024894479,6.711396115394175e-05,0.0100884822097795,0.0841855202796683,0.2966384775742995,0.0831056279467939,0.0023867470576978,0.0191421967103284,0.0639634312364654,0.0938919798714572,0.0192088084119995,0.0746831714594576,0.1120921316365224,0.0541191242570654,0.0193212044369217,0.0189631889837351,80,44,0.3139418254764293,target_prevalence,0.0262000937794659,0.0082233965199424,0.0179766972595235,0.0510811087695959,0.0662088230201448,"{""class_weight"": ""balanced"", ""colsample_bytree"": 1.0, ""deterministic"": true, ""force_col_wise"": true, ""learning_rate"": 0.035, ""min_child_samples"": 12, ""n_estimators"": 180, ""n_jobs"": 1, ""num_leaves"": 15, ""objective"": ""binary"", ""reg_lambda"": 1.0, ""subsample"": 1.0, ""verbosity"": -1}",7340a032adf73dcca6285d723e7b8782f8c2625f4216107ab44a30759e1137a7,0.1557224947692254,0.2285139657533244,-0.072791470984099,0.9285714285714284,0.619047619047619,0.6666666666666666,0.4285714285714285,0.794036003133973,0.3785023973536396,3.71405737751263,4.223742435348493,0.5096850578358629,8.881784197001252e-15,True
0,0,0,6,FFF,B,2013B,2014B,14,logistic,source_train_only_activity_types,13,0,,1,clicks_oucollaborate,1520,1309,1064,456,160,0.4861842105263158,0.5011459129106188,0.7563717563717564,0.7007502894707355,-0.0556214669010208,0.7297299866840176,0.6768770660579344,0.6798791922810888,0.6791860928902379,-0.0006930993908509,0.2047193216934529,0.2275260355914108,0.0228067138979578,0.0052745052745052,0.009879788081046,-0.0013505780631897,0.033729801471028,-0.0238500133899819,0.2769113988258029,0.0229848964107557,-0.0019145785907122,0.0521987622624112,-0.0292138658516555,0.0229438866587522,0.0522631375264605,-0.0293192508677082,0.0408788182016121,0.0050909746198993,0.0241096887155676,0.0802878358092547,80,80,0.5011459129106188,target_prevalence,0.0096317629810199,0.0302977318298995,-0.0206659688488795,-0.0222579911194307,-0.0031840445411024,"{""C"": 1.0, ""class_weight"": ""balanced"", ""max_iter"": 5000, ""solver"": ""lbfgs""}",0ec0160f1649f42124ca093cb28e50d00a77309027bbdbb0b9ac6257ff1aa269,0.1113205596324432,0.3379192807048231,-0.2265987210723797,0.8689458689458691,0.452991452991453,0.6666666666666666,0.4285714285714285,0.4311580497376707,0.2827673230644422,4.92808184667916,4.714819847215113,-0.2132619994640476,7.105427357601002e-15,False
0,0,0,6,FFF,B,2013B,2014B,14,lightgbm,source_train_only_activity_types,13,0,,1,clicks_oucollaborate,1520,1309,1064,456,160,0.4861842105263158,0.5011459129106188,0.7436282436282435,0.6894002353116947,-0.0542280083165488,0.7526387651773954,0.6763331858664684,0.6233866035983364,0.6888693523273474,0.0654827487290109,0.2118227142198016,0.2367353133073433,0.0249125990875417,0.0178640178640179,0.0139992829489548,-0.0008027559217128,0.0063789612771021,0.0076203216718527,0.2398544029165799,0.0206136172972739,-0.0016458353658077,0.0132154812029899,0.007398136094284,0.0205931443430129,0.0132327823972888,0.007360361945724,0.0295466496731909,0.011680584921357,0.0056663934238802,0.0207645689820995,80,80,0.5011459129106188,target_prevalence,0.0137792748629825,0.0114240137096773,0.0023552611533052,0.0049877914125789,0.0052650605185474,"{""class_weight"": ""balanced"", ""colsample_bytree"": 1.0, ""deterministic"": true, ""force_col_wise"": true, ""learning_rate"": 0.035, ""min_child_samples"": 12, ""n_estimators"": 180, ""n_jobs"": 1, ""num_leaves"": 15, ""objective"": ""binary"", ""reg_lambda"": 1.0, ""subsample"": 1.0, ""verbosity"": -1}",7340a032adf73dcca6285d723e7b8782f8c2625f4216107ab44a30759e1137a7,0.0550124605805818,0.2087775844648411,-0.1537651238842593,0.8782608695652174,0.6359876816911944,0.6666666666666666,0.25,0.9395580900337556,0.653616925110744,3.414663815676864,3.453509367448653,0.0388455517717893,7.105427357601002e-15,False
0,0,0,6,FFF,B,2013B,2014B,56,logistic,source_train_only_activity_types,13,0,,1,clicks_oucollaborate,1407,1257,984,423,160,0.4442075337597725,0.4797136038186158,0.7844726120416478,0.7476683858992499,-0.0368042261423978,0.7437610444815858,0.6972614189757843,0.5978983463297576,0.6833843294711855,0.0854859831414279,0.1947147523012712,0.2180516951442481,0.0233369428429768,0.0035989135355364,0.033941731962875,-0.0025940450149049,0.0099052888454077,0.0240364431174673,0.1885993158956303,0.0332774768347931,-0.0015321437282406,0.0149692675879097,0.0183082092468833,0.0335375597147339,0.0149899187970081,0.0185476409177258,0.0396877548756865,0.0268671987938997,0.0154782591533345,0.0144602760224849,80,80,0.4797136038186158,target_prevalence,0.0414472916869608,0.0084483375907394,0.0329989540962214,0.0285176986068444,-0.008962510978754,"{""C"": 1.0, ""class_weight"": ""balanced"", ""max_iter"": 5000, ""solver"": ""lbfgs""}",0ec0160f1649f42124ca093cb28e50d00a77309027bbdbb0b9ac6257ff1aa269,0.0514618824111958,0.3377462039643922,-0.2862843215531963,0.9202279202279204,0.3732193732193732,0.6666666666666666,0.1111111111111111,0.1670910392286555,0.6205230665943794,6.439113683623151,6.561103333494953,0.1219896498718018,1.4210854715202004e-14,False
0,0,0,6,FFF,B,2013B,2014B,56,lightgbm,source_train_only_activity_types,13,0,,1,clicks_oucollaborate,1407,1257,984,423,160,0.4442075337597725,0.4797136038186158,0.780466274332277,0.7628993158570044,-0.0175669584752725,0.768999684607746,0.7381137233767716,0.5856411709638186,0.6347069768582486,0.0490658058944299,0.1949401901050137,0.2077275052933141,0.0127873151883003,0.0360344047080127,0.0495681060845829,0.0007842976406794,0.0088121542261184,0.0407559518584644,0.2391897950657212,0.0293974796532479,-0.0010755549779409,0.0136371360713012,0.0157603435819466,0.0298619879907576,0.0136520884201683,0.0162098995705893,0.0408462439718698,0.017948715334626,0.0140056674933771,0.0132686046492254,80,80,0.4797136038186158,target_prevalence,0.0992561099659425,0.0079949075278012,0.0912612024381412,0.0660085771483028,-0.0505052505796768,"{""class_weight"": ""balanced"", ""colsample_bytree"": 1.0, ""deterministic"": true, ""force_col_wise"": true, ""learning_rate"": 0.035, ""min_child_samples"": 12, ""n_estimators"": 180, ""n_jobs"": 1, ""num_leaves"": 15, ""objective"": ""binary"", ""reg_lambda"": 1.0, ""subsample"": 1.0, ""verbosity"": -1}",7340a032adf73dcca6285d723e7b8782f8c2625f4216107ab44a30759e1137a7,0.0869001036781365,0.2537325050551152,-0.1668324013769787,0.8461538461538463,0.5213675213675214,0.4285714285714285,0.4285714285714285,0.2570831311926897,0.5553309839518307,4.1834671704811,4.32689252972681,0.1434253592457102,6.217248937900877e-15,True
0,0,0,7,FFF,J,2013J,2014J,14,logistic,source_train_only_activity_types,13,0,,1,clicks_htmlactivity,1998,1886,1398,600,160,0.4519519519519519,0.4077412513255567,0.7003331127536199,0.735145342170243,0.0348122294166231,0.6786963586943595,0.6374031365269589,0.6885999805763446,0.6401251064674901,-0.0484748741088545,0.2319444735344102,0.2154492887183136,-0.0164951848160966,0.0027366839017934,0.0103365896994759,-0.0021253034643965,0.0041860080565074,0.0061505816429685,0.1696410633848969,0.0043815705394534,0.0003689002163011,0.0127864196719884,-0.008404849132535,0.0049162021536402,0.0126097828945173,-0.0076935807408771,0.0072790280807071,0.0014841129981996,0.0118291295504068,0.0137437097935699,80,80,0.4077412513255567,target_prevalence,0.016442655650466,0.0037298715610453,0.0127127840894207,0.0094316828661946,-0.0065622024464522,"{""C"": 1.0, ""class_weight"": ""balanced"", ""max_iter"": 5000, ""solver"": ""lbfgs""}",0ec0160f1649f42124ca093cb28e50d00a77309027bbdbb0b9ac6257ff1aa269,0.0517136539301589,0.2407232103661122,-0.1890095564359532,0.9202279202279204,0.54985754985755,0.6666666666666666,0.6666666666666666,0.5820272877314044,0.2495656079239336,4.924157070493988,5.239800793446409,0.3156437229524211,1.7763568394002505e-15,False
0,0,0,7,FFF,J,2013J,2014J,14,lightgbm,source_train_only_activity_types,13,0,,1,clicks_htmlactivity,1998,1886,1398,600,160,0.4519519519519519,0.4077412513255567,0.6988862593793111,0.7082027025296488,0.0093164431503376,0.6623943262205219,0.6227692236010391,0.6616149951518641,0.6371571210921193,-0.0244578740597447,0.2264265804107562,0.2190154138673673,-0.0074111665433889,0.0135936921679247,0.0061264713598845,-0.0020768024422587,0.0043509160703712,0.0017755552895132,0.2234384271825701,0.00543792319518,-0.0015903780130065,0.005313046094445,0.0001248771007349,0.0054993947681986,0.0052761980142975,0.0002231967539011,0.0057710708581488,0.0051047755322112,0.0051133464416916,0.0055127457471984,80,80,0.4077412513255567,target_prevalence,0.0224487086608567,0.0038515173431085,0.0185971913177482,0.0101863733036307,-0.0168216360282349,"{""class_weight"": ""balanced"", ""colsample_bytree"": 1.0, ""deterministic"": true, ""force_col_wise"": true, ""learning_rate"": 0.035, ""min_child_samples"": 12, ""n_estimators"": 180, ""n_jobs"": 1, ""num_leaves"": 15, ""objective"": ""binary"", ""reg_lambda"": 1.0, ""subsample"": 1.0, ""verbosity"": -1}",7340a032adf73dcca6285d723e7b8782f8c2625f4216107ab44a30759e1137a7,0.0508862402056174,0.1682776367494687,-0.1173913965438512,0.9316239316239318,0.6961490678177517,0.6666666666666666,0.4285714285714285,0.7379625579191426,0.5791915471193264,3.058589603898068,3.0580376268479688,-0.0005519770500992,5.10702591327572e-15,True
0,0,0,7,FFF,J,2013J,2014J,56,logistic,source_train_only_activity_types,14,0,,1,clicks_htmlactivity,1915,1793,1340,575,160,0.4281984334203655,0.3770217512548801,0.7843427978352732,0.7833800384588896,-0.0009627593763835,0.7141862481097567,0.6832480728928333,0.5741076195027724,0.5584369822096389,-0.0156706372931335,0.1911722037351038,0.1870493573753902,-0.0041228463597136,0.0154446833222131,0.0144584756246376,0.0017358160632537,0.0057769543790415,0.0086815212455961,0.1479850568080258,0.0187751061336706,0.0010162835125401,0.0100460507752893,0.0087290553583812,0.0212096599649306,0.0097561506305614,0.0114535093343691,0.0286734168353694,0.0088767954319718,0.0088673864680396,0.011224715082539,80,80,0.3770217512548801,target_prevalence,0.0038018630095947,0.0055432613066503,-0.0017413982970555,0.0034700614742702,0.0104229195426516,"{""C"": 1.0, ""class_weight"": ""balanced"", ""max_iter"": 5000, ""solver"": ""lbfgs""}",0ec0160f1649f42124ca093cb28e50d00a77309027bbdbb0b9ac6257ff1aa269,0.0629439292092949,0.2158388077109915,-0.1528948785016965,0.8941798941798942,0.582010582010582,1.0,0.6666666666666666,0.8773313748027947,0.2241616614029469,5.1681213134925015,5.364340363414739,0.1962190499222371,3.552713678800501e-15,True
0,0,0,7,FFF,J,2013J,2014J,56,lightgbm,source_train_only_activity_types,14,0,,1,clicks_htmlactivity,1915,1793,1340,575,160,0.4281984334203655,0.3770217512548801,0.7898534608446389,0.7705484894555896,-0.0193049713890492,0.7441277583986494,0.6995250992921721,0.5624481900604231,0.5739257877661281,0.011477597705705,0.1878878576929608,0.1936879009416144,0.0058000432486536,0.0109719030321002,0.0065788506093871,-0.0001623600797948,0.0130372132784771,-0.00645836266909,0.2496554650860169,0.0076027438010886,-0.0026717625072585,0.0161101978088098,-0.0085074540077212,0.0087558242146789,0.0159852689391378,-0.0072294447244589,0.0122908916050963,0.0029145959970809,0.0156022670529779,0.0166181285646417,80,80,0.3770217512548801,target_prevalence,0.0168685501753377,0.0111182525178679,0.0057502976574697,-0.0003540325058101,-0.0122086603265598,"{""class_weight"": ""balanced"", ""colsample_bytree"": 1.0, ""deterministic"": true, ""force_col_wise"": true, ""learning_rate"": 0.035, ""min_child_samples"": 12, ""n_estimators"": 180, ""n_jobs"": 1, ""num_leaves"": 15, ""objective"": ""binary"", ""reg_lambda"": 1.0, ""subsample"": 1.0, ""verbosity"": -1}",7340a032adf73dcca6285d723e7b8782f8c2625f4216107ab44a30759e1137a7,0.0670416050905627,0.282142747293648,-0.2151011422030853,0.7824933687002652,0.507980519965971,1.0,0.1111111111111111,0.8223878675375493,0.460719881216095,3.6115869935282494,3.6196091744994106,0.0080221809711602,8.437694987151191e-15,False
0,0,0,8,GGG,J,2013J,2014J,14,logistic,source_train_only_activity_types,6,0,,1,clicks_quiz,926,719,648,278,134,0.3606911447084233,0.3824756606397774,0.5769662921348315,0.5967649467649467,0.0197986546301152,0.4346752789227678,0.4605366403368411,0.7462627250275092,0.7517600296758866,0.0054973046483773,0.2669535984310772,0.2668019700817912,-0.000151628349286,0.0285955056179774,0.0057388322563037,-0.002301481119297,0.0187967113876699,-0.0130578791313662,0.257799115877497,0.0194825911866735,0.0045402756244489,0.030826660936544,-0.0113440697498704,0.0242041910843823,0.0270917754569702,-0.0028875843725878,0.0395703445976357,-0.0006051622242885,0.0149368227127949,0.0467164991602931,80,50,0.3824756606397774,target_prevalence,0.0037059626736247,0.020517403807391,-0.0168114411337663,-0.0149346601325662,0.0037535620024,"{""C"": 1.0, ""class_weight"": ""balanced"", ""max_iter"": 5000, ""solver"": ""lbfgs""}",0ec0160f1649f42124ca093cb28e50d00a77309027bbdbb0b9ac6257ff1aa269,0.0787441794994698,0.338864950442412,-0.2601207709429421,0.8947368421052632,0.5052631578947369,0.6666666666666666,0.4285714285714285,0.4901593107096738,0.4867481541142756,4.30373723403606,5.012172089943788,0.7084348559077283,3.552713678800501e-15,False
0,0,0,8,GGG,J,2013J,2014J,14,lightgbm,source_train_only_activity_types,6,0,,1,clicks_quiz,926,719,648,278,134,0.3606911447084233,0.3824756606397774,0.5710674157303371,0.6291973791973793,0.0581299634670421,0.4097973487135098,0.5039114811420864,0.7670460984145303,0.7972708832441813,0.0302247848296509,0.2654343107611052,0.2767604700379185,0.0113261592768132,0.0254494382022473,0.062009283935921,0.0001325818673937,0.0090449784995338,0.0529643054363872,0.3270598014267919,0.0972232583188294,-0.0010620405293728,0.0104679776418528,0.0867552806769765,0.0871046844656077,0.0102640792963883,0.0768406051692194,0.0541744145290873,0.1402721021085715,0.0096005047993142,0.0113354504843914,80,50,0.3824756606397774,target_prevalence,0.0464082378003098,0.0125954560823365,0.0338127817179733,0.0433885435771802,0.0191515237184139,"{""class_weight"": ""balanced"", ""colsample_bytree"": 1.0, ""deterministic"": true, ""force_col_wise"": true, ""learning_rate"": 0.035, ""min_child_samples"": 12, ""n_estimators"": 180, ""n_jobs"": 1, ""num_leaves"": 15, ""objective"": ""binary"", ""reg_lambda"": 1.0, ""subsample"": 1.0, ""verbosity"": -1}",7340a032adf73dcca6285d723e7b8782f8c2625f4216107ab44a30759e1137a7,0.1660998298899444,0.254861696296696,-0.0887618664067515,0.8842105263157894,0.6210526315789474,0.6666666666666666,0.4285714285714285,0.3035626631174474,0.7492786064005399,2.778083720840548,3.1730670278873165,0.3949833070467687,9.325873406851317e-15,False
0,0,0,8,GGG,J,2013J,2014J,56,logistic,source_train_only_activity_types,6,0,,1,clicks_quiz,919,698,643,276,136,0.3558215451577802,0.3638968481375358,0.6577046548956661,0.6507590267432788,-0.0069456281523873,0.4873103263208833,0.4973706612309562,0.7092337084265533,0.7306353599956629,0.0214016515691095,0.2458741858210375,0.2512421979363733,0.0053680121153357,0.0016051364365969,0.0238627267023974,-0.0038948608977589,0.0084641844289933,0.015398542273404,0.1698394588223018,0.0394525180594894,-0.0026321539265535,0.0161569946613798,0.0232955233981095,0.0450188809382602,0.0166350839260422,0.0283837970122179,0.0599015774772896,0.0190034586416892,0.0179133436441923,0.0144006456785674,80,49,0.3638968481375358,target_prevalence,0.0207967307263508,0.009306503608432,0.0114902271179188,0.0134443846956614,0.0039083151554852,"{""C"": 1.0, ""class_weight"": ""balanced"", ""max_iter"": 5000, ""solver"": ""lbfgs""}",0ec0160f1649f42124ca093cb28e50d00a77309027bbdbb0b9ac6257ff1aa269,0.068463101317112,0.1959762033306242,-0.1275131020135121,0.8631578947368421,0.6842105263157895,0.6666666666666666,1.0,0.1053708210673408,0.5444793464572162,4.661144988086056,5.215281224262292,0.5541362361762356,7.105427357601002e-15,False
0,0,0,8,GGG,J,2013J,2014J,56,lightgbm,source_train_only_activity_types,6,0,,1,clicks_quiz,919,698,643,276,136,0.3558215451577802,0.3638968481375358,0.6506535198349003,0.6007483861814571,-0.0499051336534431,0.5037867839774745,0.4701262212518399,0.6607547766596382,0.739710658046345,0.0789558813867067,0.2281259915478219,0.2592957228587346,0.0311697313109126,0.029064434762669,0.0247076289452419,0.0008031668486775,0.0084345962739429,0.016273032671299,0.3447993735101038,0.0150537386270019,-0.0028967146537764,0.022358025009782,-0.00730428638278,0.0151522974903746,0.0204160927878328,-0.0052637952974582,0.0154158127671815,0.0146916644868224,0.0152239792680949,0.0294920707514692,80,49,0.3638968481375358,target_prevalence,0.0277322652839401,0.019731005824263,0.008001259459677,0.012137146065488,0.0082717732116219,"{""class_weight"": ""balanced"", ""colsample_bytree"": 1.0, ""deterministic"": true, ""force_col_wise"": true, ""learning_rate"": 0.035, ""min_child_samples"": 12, ""n_estimators"": 180, ""n_jobs"": 1, ""num_leaves"": 15, ""objective"": ""binary"", ""reg_lambda"": 1.0, ""subsample"": 1.0, ""verbosity"": -1}",7340a032adf73dcca6285d723e7b8782f8c2625f4216107ab44a30759e1137a7,0.1246619522797131,0.2254360547691623,-0.1007741024894492,0.6947368421052632,0.5578947368421052,0.6666666666666666,0.4285714285714285,0.4360588461069631,0.7113689307506854,3.0035042421137823,3.2918022909166247,0.2882980488028424,6.661338147750939e-15,False
1,0,1,0,AAA,J,2013J,2014J,14,logistic,source_train_only_activity_types,9,0,,0,,370,350,259,111,53,0.2486486486486486,0.2771428571428571,0.6901893287435457,0.623731714274072,-0.0664576144694736,0.4946849884543398,0.3883198553065451,0.6822137674063251,0.8049569448134257,0.1227431774071006,0.2327231555848725,0.27724208914234,0.0445189335574674,0.053356282271945,0.0057562333696252,-0.0017966989705015,0.0198206208219057,-0.0140643874522804,0.2829922906985815,-0.0021710174260992,-0.0051054385702207,0.0328948591459641,-0.0350658765720633,0.0009879358000051,0.0276398396572847,-0.0266519038572795,0.0049163776324682,-0.0092584124846667,0.0211047513187987,0.0446849669731295,41,14,0.2771428571428571,target_prevalence,0.0066903869544943,0.0123677517101928,-0.0056773647556985,-0.0098708761039895,-0.0083870226965818,"{""C"": 1.0, ""class_weight"": ""balanced"", ""max_iter"": 5000, ""solver"": ""lbfgs""}",0ec0160f1649f42124ca093cb28e50d00a77309027bbdbb0b9ac6257ff1aa269,0.0591341897454868,0.4042749832487728,-0.3451407935032859,0.8735177865612648,0.4229249011857707,0.6666666666666666,0.25,0.523072132888287,0.2520148228270158,5.630183202270745,5.596386176901021,-0.0337970253697239,3.552713678800501e-15,False
1,0,1,0,AAA,J,2013J,2014J,14,lightgbm,source_train_only_activity_types,9,0,,0,,370,350,259,111,53,0.2486486486486486,0.2771428571428571,0.6148881239242685,0.6022370726539261,-0.0126510512703423,0.466451918981356,0.375947849652798,0.6832539175905386,0.7438994275862184,0.0606455099956798,0.2242563631604676,0.2406547698390997,0.0163984066786321,0.0314113597246127,-0.0001195267946741,-0.000889545309839,0.0116653978237227,-0.0117849246183969,0.3289073085756098,-0.0001790443082971,1.3057086088313907e-05,0.0146968203611046,-0.0148758646694018,0.0083005071985247,0.0140242532949252,-0.0057237460964005,0.0188455904826493,-0.0192036790992436,0.0131878557895482,0.016205784932661,41,14,0.2771428571428571,target_prevalence,0.0025490150393674,0.0122228878892068,-0.0096738728498394,-0.0107293987341182,-0.0021110517685575,"{""class_weight"": ""balanced"", ""colsample_bytree"": 1.0, ""deterministic"": true, ""force_col_wise"": true, ""learning_rate"": 0.035, ""min_child_samples"": 12, ""n_estimators"": 180, ""n_jobs"": 1, ""num_leaves"": 15, ""objective"": ""binary"", ""reg_lambda"": 1.0, ""subsample"": 1.0, ""verbosity"": -1}",7340a032adf73dcca6285d723e7b8782f8c2625f4216107ab44a30759e1137a7,0.0914129167898817,0.2526224027577839,-0.1612094859679022,0.8492063492063492,0.6653478391304604,0.6666666666666666,0.25,0.8202313653963874,0.6313082150558978,4.270818832455488,4.412051121724153,0.1412322892686655,9.769962616701378e-15,False
1,0,1,0,AAA,J,2013J,2014J,56,logistic,source_train_only_activity_types,9,0,,0,,365,342,255,110,52,0.2383561643835616,0.260233918128655,0.6396520146520146,0.6300572900475196,-0.0095947246044949,0.4388691413481878,0.4000770518935093,0.6688752828732268,0.7316690166744244,0.0627937338011975,0.2318791236717913,0.2454359516037361,0.0135568279319448,0.0476190476190476,-0.0029998304220638,-0.0052350641102144,0.039967442778917,-0.0429672732009808,0.342624199815391,0.0217777307455725,0.0024411411258358,0.0695903524085016,-0.0478126216629291,0.0306498843789284,0.0502290636121209,-0.0195791792331924,0.0402794169809855,0.0032760445101595,0.0292149818697076,0.1099657229472956,42,13,0.260233918128655,target_prevalence,-0.0050976838652576,0.0334328858654199,-0.0385305697306775,-0.0407489214658292,-0.0044367034703032,"{""C"": 1.0, ""class_weight"": ""balanced"", ""max_iter"": 5000, ""solver"": ""lbfgs""}",0ec0160f1649f42124ca093cb28e50d00a77309027bbdbb0b9ac6257ff1aa269,0.0490353846449809,0.4078757693170566,-0.3588403846720756,0.9130434782608696,0.067193675889328,1.0,0.0,0.734345562064315,0.6199145009872079,6.414218484074532,6.754598887869447,0.3403804037949145,2.664535259100376e-15,False
1,0,1,0,AAA,J,2013J,2014J,56,lightgbm,source_train_only_activity_types,9,0,,0,,365,342,255,110,52,0.2383561643835616,0.260233918128655,0.5311355311355312,0.5715681485100147,0.0404326173744834,0.303141971063615,0.3267490701536639,0.8576950351181001,0.8127103966579482,-0.0449846384601518,0.2590199441970371,0.2545804534177481,-0.004439490779289,0.076007326007326,-0.0035218849881478,-0.0064837783366135,0.01236640984058,-0.0158882948287279,0.3491661771821164,-0.0047130415072453,-0.0071733493720178,0.042225472397064,-0.0469385139043093,-0.0025490456281025,0.0297243479687656,-0.0322733935968682,-0.0002003183934231,-0.0092257646210675,0.0161560543819541,0.0682948904121739,42,13,0.260233918128655,target_prevalence,-0.0060162808041768,0.0087559880960897,-0.0147722689002666,-0.0153302818644972,-0.0011160259284613,"{""class_weight"": ""balanced"", ""colsample_bytree"": 1.0, ""deterministic"": true, ""force_col_wise"": true, ""learning_rate"": 0.035, ""min_child_samples"": 12, ""n_estimators"": 180, ""n_jobs"": 1, ""num_leaves"": 15, ""objective"": ""binary"", ""reg_lambda"": 1.0, ""subsample"": 1.0, ""verbosity"": -1}",7340a032adf73dcca6285d723e7b8782f8c2625f4216107ab44a30759e1137a7,0.0731301214339982,0.2710108028509895,-0.1978806814169912,0.9285714285714284,0.6349206349206349,1.0,0.6666666666666666,0.7786738608082311,0.6095320264370636,4.630880259820662,4.392644215370245,-0.2382360444504172,9.15933995315754e-15,False
1,0,1,1,BBB,B,2013B,2014B,14,logistic,source_train_only_activity_types,10,0,,1,clicks_oucollaborate,1606,1289,1124,482,160,0.5006226650062267,0.4375484871993794,0.7153113754928462,0.7093665932990951,-0.005944782193751,0.7137777079513423,0.6503994139896998,0.6580500590135735,0.6632367600223916,0.0051867010088181,0.2211249120617192,0.2248601400654364,0.0037352280037172,0.0033573802103957,0.002115549089337,-0.0014397288137851,0.0121889406073907,-0.0100733915180536,0.1878468449101306,0.0069906653359114,-0.0002996698892349,0.0131323952805716,-0.0061417299446602,0.0074903601331867,0.0128385284915382,-0.0053481683583514,0.0109913274085074,0.0029900032633153,0.0107796357087451,0.0154851548523982,80,80,0.4375484871993794,target_prevalence,0.0052040885273937,0.0095826389952007,-0.004378550467807,-0.0072259709929303,-0.0056948410502465,"{""C"": 1.0, ""class_weight"": ""balanced"", ""max_iter"": 5000, ""solver"": ""lbfgs""}",0ec0160f1649f42124ca093cb28e50d00a77309027bbdbb0b9ac6257ff1aa269,0.1156599608771163,0.2338999781256632,-0.1182400172485469,0.8695652173913043,0.6014492753623188,0.6666666666666666,0.4285714285714285,0.7972148035270851,0.6494563017208123,4.234888352315169,4.262713676747923,0.0278253244327544,3.552713678800501e-15,False
1,0,1,1,BBB,B,2013B,2014B,14,lightgbm,source_train_only_activity_types,10,0,,1,clicks_oucollaborate,1606,1289,1124,482,160,0.5006226650062267,0.4375484871993794,0.6956577882612214,0.6804035216434337,-0.0152542666177877,0.6936682796519601,0.6070665832317053,0.6825103241049509,0.7180868187470671,0.0355764946421162,0.2343747396760552,0.2472097441399368,0.0128350044638816,0.0204972366178267,0.0003221117100011,-0.0006349288124283,0.0088344950780508,-0.0085123833680496,0.2530824710635605,-0.0002589312144825,0.0007231193986257,0.0129965486341428,-0.0132554798486254,-0.0005723410696304,0.0128396571595776,-0.013411998229208,-0.0027681567007286,0.0022502942717634,0.0117404423564124,0.0142526549118732,80,80,0.4375484871993794,target_prevalence,0.0009769039732031,0.013201582410229,-0.0122246784370259,-0.0103685309025377,0.0037122950689762,"{""class_weight"": ""balanced"", ""colsample_bytree"": 1.0, ""deterministic"": true, ""force_col_wise"": true, ""learning_rate"": 0.035, ""min_child_samples"": 12, ""n_estimators"": 180, ""n_jobs"": 1, ""num_leaves"": 15, ""objective"": ""binary"", ""reg_lambda"": 1.0, ""subsample"": 1.0, ""verbosity"": -1}",7340a032adf73dcca6285d723e7b8782f8c2625f4216107ab44a30759e1137a7,0.0363344167155365,0.2536277867467389,-0.2172933700312024,0.9130434782608696,0.608695652173913,0.6666666666666666,0.6666666666666666,0.8743554285574938,0.5450069022849728,3.032829424087052,3.056825261411086,0.0239958373240343,6.661338147750939e-15,False
1,0,1,1,BBB,B,2013B,2014B,56,logistic,source_train_only_activity_types,10,0,,1,clicks_oucollaborate,1470,1247,1029,441,160,0.454421768707483,0.4170008019246191,0.7467842323651451,0.6651439001163898,-0.0816403322487553,0.7307665404974828,0.545976898082005,0.5941093475501347,0.827669163642728,0.2335598160925933,0.2047568200359628,0.2768544737983238,0.0720976537623609,0.0149585062240665,0.0401409079790934,-0.0007271394200017,0.0076905801372072,0.0324503278418862,0.2069425259872974,0.0351252648660742,-0.0019877587486164,0.0105004417572272,0.024624823108847,0.0396909117063066,0.0099115786598952,0.0297793330464113,0.0626294272321114,0.0076211025000371,0.0069530394269227,0.0140478440875317,80,80,0.4170008019246191,target_prevalence,0.057992856964175,0.0098861381618811,0.0481067188022939,0.04027852332209,-0.0156563909604077,"{""C"": 1.0, ""class_weight"": ""balanced"", ""max_iter"": 5000, ""solver"": ""lbfgs""}",0ec0160f1649f42124ca093cb28e50d00a77309027bbdbb0b9ac6257ff1aa269,0.1655489897210154,0.3042062726976668,-0.1386572829766514,0.7898550724637681,0.4130434782608695,0.6666666666666666,0.25,0.5929259402245571,0.7968345523947971,4.916662809282777,5.174095624748635,0.257432815465858,3.552713678800501e-15,False
1,0,1,1,BBB,B,2013B,2014B,56,lightgbm,source_train_only_activity_types,10,0,,1,clicks_oucollaborate,1470,1247,1029,441,160,0.454421768707483,0.4170008019246191,0.7329875518672198,0.7299095333827108,-0.0030780184845089,0.7507014118293142,0.717677686070179,0.5925482858379701,0.6150296365829486,0.0224813507449784,0.2049451484067623,0.2075468910000177,0.0026017425932554,0.0104771784232362,0.0050021573871034,-0.0018182452990112,0.012971118758013,-0.0079689613709096,0.2752594531699697,0.0033613842644686,-0.0013345681542991,0.0206255625845902,-0.0172641783201215,0.0042834735368592,0.0203689836880412,-0.0160855101511819,0.0089161925865511,-0.0021934240576138,0.0190798916474081,0.0221712335217724,80,80,0.4170008019246191,target_prevalence,0.0089113047959821,0.0153937933614851,-0.0064824885655029,-0.0072257249682062,-0.0014864728054067,"{""class_weight"": ""balanced"", ""colsample_bytree"": 1.0, ""deterministic"": true, ""force_col_wise"": true, ""learning_rate"": 0.035, ""min_child_samples"": 12, ""n_estimators"": 180, ""n_jobs"": 1, ""num_leaves"": 15, ""objective"": ""binary"", ""reg_lambda"": 1.0, ""subsample"": 1.0, ""verbosity"": -1}",7340a032adf73dcca6285d723e7b8782f8c2625f4216107ab44a30759e1137a7,0.0738354679899738,0.2151656192045231,-0.1413301512145493,0.8623188405797101,0.6304347826086957,0.6666666666666666,0.6666666666666666,0.7607950734619621,0.7166061787506132,3.391363919788084,3.5239460123249047,0.1325820925368206,1.1546319456101628e-14,False
1,0,1,2,BBB,J,2013J,2014J,14,logistic,source_train_only_activity_types,10,0,,0,,1851,1791,1295,556,160,0.4219340896812534,0.3618090452261306,0.7244780274408431,0.596231894624283,-0.12824613281656,0.6682580892966181,0.4329062557579495,0.6141781135651313,0.797224671589994,0.1830465580248627,0.2113538551929659,0.2840117777241471,0.0726579225311812,0.0051435010273744,0.0570871458051041,0.0034483555706007,0.0080398214868573,0.0490473243182467,0.1547758867444117,0.0443450665185038,0.0038473065996512,0.0127239800769066,0.0316210864415971,0.0485650036116397,0.0112712218920448,0.0372937817195949,0.0596135661827592,0.0290765668542484,0.0074676368262246,0.0179803233275887,80,80,0.3618090452261306,target_prevalence,0.0930611779522991,0.0119546578619911,0.081106520090308,0.0650769222042773,-0.0320591957720613,"{""C"": 1.0, ""class_weight"": ""balanced"", ""max_iter"": 5000, ""solver"": ""lbfgs""}",0ec0160f1649f42124ca093cb28e50d00a77309027bbdbb0b9ac6257ff1aa269,0.2716367685973621,0.2252495636163164,0.0463872049810456,0.8043478260869565,0.5434782608695652,0.4285714285714285,0.6666666666666666,0.4291371779375429,0.3089906715869718,3.2636173659830208,4.2086896071292905,0.9450722411462698,5.3290705182007506e-15,False
1,0,1,2,BBB,J,2013J,2014J,14,lightgbm,source_train_only_activity_types,10,0,,0,,1851,1791,1295,556,160,0.4219340896812534,0.3618090452261306,0.7289719626168223,0.6255508570687923,-0.1034211055480299,0.6507542932329495,0.4826912592018637,0.6061530906236596,0.6784438318555642,0.0722907412319046,0.2085146328236277,0.2397095582082736,0.0311949253846459,0.0007821303108637,0.0291472227011438,-0.0013002799818025,0.0064436376304611,0.0227035850706826,0.2485929210851432,0.02271363038088,0.0007980196248709,0.006801840446805,0.015911789934075,0.0232585180593659,0.0068862692917884,0.0163722487675774,0.0246851330721287,0.0207421276896314,0.0071073193586542,0.0064963615349558,80,80,0.3618090452261306,target_prevalence,0.0198556012185667,0.0029142458207048,0.0169413553978619,0.0198224702342722,0.0057622296728207,"{""class_weight"": ""balanced"", ""colsample_bytree"": 1.0, ""deterministic"": true, ""force_col_wise"": true, ""learning_rate"": 0.035, ""min_child_samples"": 12, ""n_estimators"": 180, ""n_jobs"": 1, ""num_leaves"": 15, ""objective"": ""binary"", ""reg_lambda"": 1.0, ""subsample"": 1.0, ""verbosity"": -1}",7340a032adf73dcca6285d723e7b8782f8c2625f4216107ab44a30759e1137a7,0.1676095758228045,0.2168097327154031,-0.0492001568925985,0.7898550724637681,0.5942028985507246,0.6666666666666666,0.4285714285714285,0.6873726068998852,0.352471046084104,2.568170923682445,2.748007991809216,0.1798370681267704,7.105427357601002e-15,False
1,0,1,2,BBB,J,2013J,2014J,56,logistic,source_train_only_activity_types,10,0,,0,,1785,1750,1249,536,160,0.3994397759103641,0.3417142857142857,0.7526266906600105,0.6908807715533258,-0.0617459191066847,0.7054995950502019,0.5435918038056551,0.5898771918128987,0.7892755843832869,0.1993983925703882,0.2024250703830094,0.2298894797357159,0.0274644093527064,0.009534451732745,0.0930883985978561,-0.0019948070070269,0.0067081544953526,0.0863802441025035,0.187781645584687,0.0966781969799439,-0.0006965917024709,0.0121443595217054,0.0845338374582385,0.1102892528416877,0.0109564823449562,0.0993327704967314,0.1396734095396039,0.0536829844202839,0.0083920399200609,0.0158966791233499,80,80,0.3417142857142857,target_prevalence,0.0487931252881005,0.0065975548907796,0.0421955703973209,0.0642879072499122,0.0441846737051825,"{""C"": 1.0, ""class_weight"": ""balanced"", ""max_iter"": 5000, ""solver"": ""lbfgs""}",0ec0160f1649f42124ca093cb28e50d00a77309027bbdbb0b9ac6257ff1aa269,0.3393445931771215,0.3542245607380223,-0.0148799675609007,0.7536231884057971,0.2608695652173913,0.6666666666666666,0.4285714285714285,0.7504339270841345,0.8062117025172457,4.333143842362839,6.029078392443779,1.6959345500809402,7.105427357601002e-15,False
1,0,1,2,BBB,J,2013J,2014J,56,lightgbm,source_train_only_activity_types,10,0,,0,,1785,1750,1249,536,160,0.3994397759103641,0.3417142857142857,0.7422940732570965,0.6525026999721293,-0.0897913732849672,0.7116179100403875,0.5156494259801124,0.5918394484840455,0.8719575230187111,0.2801180745346656,0.2017173115729309,0.3032824823081033,0.1015651707351724,0.0024960817321645,0.0715506514713655,-0.0008124487282029,0.0071664709822598,0.0643841804891057,0.2597607657448462,0.0894820002917028,-0.0037151816436337,0.0079322908148782,0.0815497094768246,0.1091859474535754,0.0089297998452959,0.1002561476082795,0.1517237106405784,0.0272402899428272,0.0110832669939957,0.0047813146357607,80,80,0.3417142857142857,target_prevalence,0.0844847201684453,0.0088176766557894,0.0756670435126559,0.0700256120008808,-0.0112828630235501,"{""class_weight"": ""balanced"", ""colsample_bytree"": 1.0, ""deterministic"": true, ""force_col_wise"": true, ""learning_rate"": 0.035, ""min_child_samples"": 12, ""n_estimators"": 180, ""n_jobs"": 1, ""num_leaves"": 15, ""objective"": ""binary"", ""reg_lambda"": 1.0, ""subsample"": 1.0, ""verbosity"": -1}",7340a032adf73dcca6285d723e7b8782f8c2625f4216107ab44a30759e1137a7,0.1425324583153684,0.237038648459979,-0.0945061901446105,0.7681159420289855,0.5217391304347826,0.6666666666666666,0.6666666666666666,0.5616089240678359,0.7062265849160718,3.1054419615105964,3.555370733269379,0.4499287717587825,8.881784197001252e-15,False
1,0,1,3,DDD,B,2013B,2014B,14,logistic,source_train_only_activity_types,11,0,,1,clicks_oucollaborate,1197,1050,837,360,160,0.5747702589807853,0.5447619047619048,0.7248587035458306,0.6825752699183663,-0.0422834336274643,0.7887801845991471,0.703755952787948,0.6340268482668132,0.6972051706657355,0.0631783223989223,0.2165154996228114,0.2393864648694625,0.0228709652466511,0.0084304253102206,0.0158865481031761,-0.0029000003142203,0.0074948228210435,0.0083917252821326,0.1731314159125698,0.0119803715034237,0.0005300463450045,0.0143592840071385,-0.0023789125037148,0.0117561241356856,0.0143727201337897,-0.0026165959981041,0.0144852623132641,0.0094754806935832,0.0142091996136944,0.0145093684005826,76,80,0.5447619047619048,target_prevalence,0.0250064281662514,0.0068417718155326,0.0181646563507187,0.0132781908164257,-0.0097729310685861,"{""C"": 1.0, ""class_weight"": ""balanced"", ""max_iter"": 5000, ""solver"": ""lbfgs""}",0ec0160f1649f42124ca093cb28e50d00a77309027bbdbb0b9ac6257ff1aa269,0.0642570909621683,0.2397740946483105,-0.1755170036861422,0.94,0.5266666666666665,1.0,0.6666666666666666,0.6962265398624119,0.2207556636778129,4.859681035885236,4.692922195897282,-0.1667588399879545,3.552713678800501e-15,False
1,0,1,3,DDD,B,2013B,2014B,14,lightgbm,source_train_only_activity_types,11,0,,1,clicks_oucollaborate,1197,1050,837,360,160,0.5747702589807853,0.5447619047619048,0.7108237820087777,0.6687428680106504,-0.0420809139981273,0.7722488526992922,0.7020441940257579,0.6593207542506411,0.7239490756456288,0.0646283213949877,0.2266593805684708,0.2507197309556356,0.0240603503871647,0.0034889962426194,0.0092185612056647,-0.0006379504434352,0.0133923514535989,-0.0041737902479341,0.2918887156837934,0.0118606605564725,-0.0026936809358082,0.0242944524717862,-0.0124337919153137,0.0117546815098753,0.0240200689210269,-0.0122653874111515,0.0130444690556961,0.0106768520572488,0.0273593751132469,0.0212295298303255,76,80,0.5447619047619048,target_prevalence,0.0065867163348318,0.0143439791118636,-0.0077572627770318,-0.0059655265124829,0.0035834725290977,"{""class_weight"": ""balanced"", ""colsample_bytree"": 1.0, ""deterministic"": true, ""force_col_wise"": true, ""learning_rate"": 0.035, ""min_child_samples"": 12, ""n_estimators"": 180, ""n_jobs"": 1, ""num_leaves"": 15, ""objective"": ""binary"", ""reg_lambda"": 1.0, ""subsample"": 1.0, ""verbosity"": -1}",7340a032adf73dcca6285d723e7b8782f8c2625f4216107ab44a30759e1137a7,0.0813471569185269,0.2425591562800834,-0.1612119993615565,0.8199999999999998,0.4399999999999999,0.6666666666666666,0.4285714285714285,0.5766772604303728,0.6054208636245476,3.740373066861236,3.55832403458895,-0.1820490322722849,8.437694987151191e-15,False
1,0,1,3,DDD,B,2013B,2014B,56,logistic,source_train_only_activity_types,11,0,,1,clicks_oucollaborate,1085,971,759,326,159,0.5299539170506913,0.5077239958805355,0.7496316445653406,0.7325910020623456,-0.0170406425029949,0.7703679442630496,0.7423137301907289,0.6245735132095789,0.6577840796953063,0.0332105664857274,0.2097544094576873,0.2235526897465113,0.013798280288824,0.0254259700026445,0.0424760755712728,-0.0019960386389035,0.0186462777640774,0.0238297978071954,0.2250275428145939,0.0129437468464864,0.0006788159251916,0.0256431835432788,-0.0126994366967923,0.01283136320669,0.0258947717458658,-0.0130634085391758,0.0202187144626425,0.0056687792303304,0.0093570405624786,0.041929326524079,76,80,0.5077239958805355,target_prevalence,0.0560236649308149,0.0187187210070139,0.037304943923801,0.0305673708654982,-0.0134751461166056,"{""C"": 1.0, ""class_weight"": ""balanced"", ""max_iter"": 5000, ""solver"": ""lbfgs""}",0ec0160f1649f42124ca093cb28e50d00a77309027bbdbb0b9ac6257ff1aa269,0.0245376740706219,0.2912576018149069,-0.266719927744285,0.973333333333333,0.4999999999999999,0.6666666666666666,0.25,0.5594280418676987,0.318192444020271,6.467103150329822,6.4317475523407,-0.0353555979891222,1.0658141036401504e-14,True
1,0,1,3,DDD,B,2013B,2014B,56,lightgbm,source_train_only_activity_types,11,0,,1,clicks_oucollaborate,1085,971,759,326,159,0.5299539170506913,0.5077239958805355,0.7561298122331784,0.7289288533188488,-0.0272009589143296,0.7947105996151845,0.7464172621475547,0.6205103125356616,0.7455468511841888,0.1250365386485272,0.2075111509686411,0.2460978433955633,0.0385866924269221,0.0091427707884695,0.0317578862648976,3.982975414501544e-05,0.0143275809898805,0.0174303052750171,0.2351559155702437,0.0561962964920282,-0.0008655870541195,0.016216795313645,0.0399795011783832,0.0560820263194618,0.0161741519821939,0.0399078743372679,0.0635933856628248,0.0487992073212316,0.018977240302912,0.0134563503243779,76,80,0.5077239958805355,target_prevalence,0.0374572674632096,0.0073724009426038,0.0300848665206057,0.0237575858978114,-0.0126545612455886,"{""class_weight"": ""balanced"", ""colsample_bytree"": 1.0, ""deterministic"": true, ""force_col_wise"": true, ""learning_rate"": 0.035, ""min_child_samples"": 12, ""n_estimators"": 180, ""n_jobs"": 1, ""num_leaves"": 15, ""objective"": ""binary"", ""reg_lambda"": 1.0, ""subsample"": 1.0, ""verbosity"": -1}",7340a032adf73dcca6285d723e7b8782f8c2625f4216107ab44a30759e1137a7,0.0832126648175225,0.2173086228175987,-0.1340959580000761,0.8999999999999998,0.5999999999999999,1.0,0.6666666666666666,0.7243707273569356,0.4468590199533524,3.873725285294305,3.968208814285737,0.0944835289914323,7.105427357601002e-15,False
1,0,1,4,DDD,J,2013J,2014J,14,logistic,source_train_only_activity_types,10,0,,0,,1675,1479,1172,503,160,0.5068656716417911,0.4645030425963489,0.7074003795066413,0.6844904650581506,-0.0229099144484906,0.7001373469727223,0.6252134632607097,0.6306624466349899,0.6653368029365861,0.0346743563015962,0.2187616755901315,0.229464878390055,0.0107032027999234,0.0003636938646425,0.0077351090989403,0.0008500944456275,0.0065280873875248,0.0012070217114155,0.1850881075595151,0.0049899439973425,-0.0003565174834222,0.0078114702797755,-0.0028215262824329,0.0053428161620695,0.0075345229829987,-0.0021917068209292,0.0099604004890677,1.948750561742152e-05,0.003910469785177,0.0117124707743739,80,80,0.4645030425963489,target_prevalence,0.0061043617848998,0.0058600044798726,0.0002443573050271,0.0007256895082213,0.0009626644063883,"{""C"": 1.0, ""class_weight"": ""balanced"", ""max_iter"": 5000, ""solver"": ""lbfgs""}",0ec0160f1649f42124ca093cb28e50d00a77309027bbdbb0b9ac6257ff1aa269,0.0755077057076747,0.2466671961219362,-0.1711594904142615,0.8550724637681159,0.6304347826086957,0.6666666666666666,0.6666666666666666,0.2234650962148395,0.32149655936391,3.4746227677831336,3.5323099355997427,0.0576871678166091,5.3290705182007506e-15,False
1,0,1,4,DDD,J,2013J,2014J,14,lightgbm,source_train_only_activity_types,10,0,,0,,1675,1479,1172,503,160,0.5068656716417911,0.4645030425963489,0.6967109424414928,0.6589126343493156,-0.0377983080921772,0.6790706866574848,0.623316363710646,0.6586431558880672,0.6864325465515735,0.0277893906635062,0.2283178014968951,0.2419810233118406,0.0136632218149455,0.0026091081593926,0.004545688877772,-0.0020892756274421,0.0128393011372185,-0.0082936122594464,0.3181532624180158,0.0036441288776105,0.0013962180515245,0.0284427507512853,-0.0247986218736747,0.0037590425337641,0.0274374456771768,-0.0236784031434127,0.0052627698057171,0.002025487949504,0.0142823107074153,0.0426031907951552,80,80,0.4645030425963489,target_prevalence,0.0019328595187496,0.012272775830146,-0.0103399163113964,-0.0093167642854214,0.0020463040519499,"{""class_weight"": ""balanced"", ""colsample_bytree"": 1.0, ""deterministic"": true, ""force_col_wise"": true, ""learning_rate"": 0.035, ""min_child_samples"": 12, ""n_estimators"": 180, ""n_jobs"": 1, ""num_leaves"": 15, ""objective"": ""binary"", ""reg_lambda"": 1.0, ""subsample"": 1.0, ""verbosity"": -1}",7340a032adf73dcca6285d723e7b8782f8c2625f4216107ab44a30759e1137a7,0.0750091830960487,0.2517610685699725,-0.1767518854739237,0.8405797101449275,0.6014492753623188,1.0,0.25,0.4498530683726828,0.5929978716766482,2.8932717925845965,2.9267700326404573,0.0334982400558607,5.3290705182007506e-15,False
1,0,1,4,DDD,J,2013J,2014J,56,logistic,source_train_only_activity_types,10,0,,0,,1574,1417,1101,473,160,0.4739517153748411,0.4410726887791108,0.7544463568559954,0.7022484848484849,-0.0521978720075104,0.7524853419150993,0.6122773094747371,0.6062779681198716,0.6998655806058329,0.0935876124859613,0.2036310933912224,0.2391837431694781,0.0355526497782556,0.0304611302352266,0.0405755909439561,0.0037067081267419,0.0278421003609463,0.0127334905830098,0.290532541024639,0.0217479611335252,0.004030284867953,0.0458905608387175,-0.0241425997051923,0.0212662037511269,0.0440053705977675,-0.0227391668466405,0.0176602353200021,0.0258356869470482,0.029894665201435,0.0618864564759999,80,80,0.4410726887791108,target_prevalence,0.0263752235875792,0.0273565982914469,-0.0009813747038677,0.005876057939571,0.0137148652868775,"{""C"": 1.0, ""class_weight"": ""balanced"", ""max_iter"": 5000, ""solver"": ""lbfgs""}",0ec0160f1649f42124ca093cb28e50d00a77309027bbdbb0b9ac6257ff1aa269,0.0715215809118357,0.3791184041770802,-0.3075968232652444,0.891304347826087,0.3478260869565217,0.6666666666666666,0.4285714285714285,0.2181761738576609,0.3999554831097819,5.120431758795282,5.234764806969432,0.1143330481741502,7.105427357601002e-15,False
1,0,1,4,DDD,J,2013J,2014J,56,lightgbm,source_train_only_activity_types,10,0,,0,,1574,1417,1101,473,160,0.4739517153748411,0.4410726887791108,0.7599325874928284,0.6928989898989899,-0.0670335975938385,0.7568858459778165,0.6490403233452857,0.6091194311842941,0.8105419000710821,0.2014224688867879,0.2013222219778254,0.2882235778413944,0.0869013558635689,0.0103270223752151,0.1847149055643076,-0.001855188478198,0.0076844195900264,0.1770304859742811,0.2548542848476611,0.2196905585750447,-0.0014489524748882,0.0170469727461242,0.2026435858289204,0.234323224187647,0.0176607492613857,0.2166624749262612,0.3438491644017361,0.0955319527483532,0.0222548848546601,0.0118390606375884,80,80,0.4410726887791108,target_prevalence,0.2323176237684994,0.0062416599974507,0.2260759637710486,0.2015532248726649,-0.0490454777967674,"{""class_weight"": ""balanced"", ""colsample_bytree"": 1.0, ""deterministic"": true, ""force_col_wise"": true, ""learning_rate"": 0.035, ""min_child_samples"": 12, ""n_estimators"": 180, ""n_jobs"": 1, ""num_leaves"": 15, ""objective"": ""binary"", ""reg_lambda"": 1.0, ""subsample"": 1.0, ""verbosity"": -1}",7340a032adf73dcca6285d723e7b8782f8c2625f4216107ab44a30759e1137a7,0.134844254546992,0.198388588774045,-0.063544334227053,0.8405797101449275,0.7246376811594203,0.6666666666666666,1.0,0.8885918252078917,0.7072849466221804,3.3696100211831834,3.8208135282107305,0.4512035070275471,7.105427357601002e-15,False
1,0,1,5,EEE,J,2013J,2014J,14,logistic,source_train_only_activity_types,9,0,,2,clicks_ouwiki|clicks_page,933,1027,653,280,138,0.3483386923901393,0.3339824732229795,0.6762166405023547,0.716988048352173,0.0407714078498182,0.5593138443687891,0.5674429491967422,0.6544629027669635,0.597653303403279,-0.0568095993636844,0.2292774965919735,0.2059823944238868,-0.0232951021680866,0.0096434178066832,0.0040034332000811,-0.0015343197213622,0.0234794557891842,-0.019476022589103,0.3710225345206701,0.0095841003142148,-0.0026451144098542,0.044707934472229,-0.0351238341580142,0.0118563602764953,0.03412850454421,-0.0222721442677146,0.0164275342768602,0.0027406663515694,0.0128455458033857,0.0765703231410724,80,49,0.3339824732229795,target_prevalence,0.0092788404193273,0.023144310649829,-0.0138654702305016,-0.0166707464098023,-0.0056105523586014,"{""C"": 1.0, ""class_weight"": ""balanced"", ""max_iter"": 5000, ""solver"": ""lbfgs""}",0ec0160f1649f42124ca093cb28e50d00a77309027bbdbb0b9ac6257ff1aa269,0.070862598373388,0.3607649941452346,-0.2899023957718466,0.9130434782608696,0.549407114624506,1.0,0.6666666666666666,0.5753834550367839,0.7817298576723171,3.035980440045259,3.262810194689656,0.2268297546443971,2.664535259100376e-15,False
1,0,1,5,EEE,J,2013J,2014J,14,lightgbm,source_train_only_activity_types,9,0,,2,clicks_ouwiki|clicks_page,933,1027,653,280,138,0.3483386923901393,0.3339824732229795,0.7098564700605516,0.7047593473479618,-0.0050971227125898,0.6033140400873573,0.5467191586205878,0.6243970836299866,0.6251070807109381,0.0007099970809515,0.2124586177004,0.2157118934357651,0.0032532757353651,0.0071204305898182,0.0015166557822333,-0.0001111647325303,0.0115540809555563,-0.010037425173323,0.3212762432427945,0.0012550102270246,-0.001157852980209,0.013174121838397,-0.0119191116113723,0.0017203049423871,0.0133250214633138,-0.0116047165209266,0.0026563523756383,-0.0001463319215889,0.0136285907967241,0.0127196528800699,80,49,0.3339824732229795,target_prevalence,0.0043468018969155,0.009041430300434,-0.0046946284035185,-0.0073660267884207,-0.0053427967698044,"{""class_weight"": ""balanced"", ""colsample_bytree"": 1.0, ""deterministic"": true, ""force_col_wise"": true, ""learning_rate"": 0.035, ""min_child_samples"": 12, ""n_estimators"": 180, ""n_jobs"": 1, ""num_leaves"": 15, ""objective"": ""binary"", ""reg_lambda"": 1.0, ""subsample"": 1.0, ""verbosity"": -1}",7340a032adf73dcca6285d723e7b8782f8c2625f4216107ab44a30759e1137a7,0.0521130766098017,0.2215298269472689,-0.1694167503374671,0.8972332015810277,0.5968379446640317,1.0,0.4285714285714285,0.6198972322844862,0.5929822352642004,3.196395905507532,3.191684514589847,-0.0047113909176847,5.3290705182007506e-15,False
1,0,1,5,EEE,J,2013J,2014J,56,logistic,source_train_only_activity_types,9,0,,2,clicks_ouwiki|clicks_page,906,997,634,272,134,0.3278145695364238,0.3139418254764293,0.7318720451894148,0.7594959176428825,0.0276238724534676,0.6305242861575506,0.6171886191793884,0.6061629020711019,0.6192633716148764,0.0131004695437745,0.2056924906348919,0.2133274641403671,0.0076349735054751,0.009946583164487,0.005791798084196,-0.002525626297458,0.0247381641689327,-0.0189463660847366,0.2877003993038058,0.0119948787483596,-0.0001783532772137,0.0272996391227319,-0.0153047603743723,0.014887004092901,0.0236553395610742,-0.0087683354681731,0.0197669783939331,0.0042227791027861,0.0175061979826435,0.0370930802628203,80,44,0.3139418254764293,target_prevalence,0.0059563259107385,0.0195151482771573,-0.0135588223664187,-0.0162525942255777,-0.0053875437183179,"{""C"": 1.0, ""class_weight"": ""balanced"", ""max_iter"": 5000, ""solver"": ""lbfgs""}",0ec0160f1649f42124ca093cb28e50d00a77309027bbdbb0b9ac6257ff1aa269,0.0733775371796318,0.2876107571316609,-0.214233219952029,0.8498023715415021,0.5731225296442688,0.6666666666666666,0.6666666666666666,0.4431859692671311,0.6263847616503485,4.642355715397507,4.540474048303132,-0.1018816670943749,2.664535259100376e-15,False
1,0,1,5,EEE,J,2013J,2014J,56,lightgbm,source_train_only_activity_types,9,0,,2,clicks_ouwiki|clicks_page,906,997,634,272,134,0.3278145695364238,0.3139418254764293,0.7192239209185239,0.7391635371709359,0.0199396162524119,0.6112215428673871,0.6484830879390955,0.6181804372373373,0.5893177061446915,-0.0288627310926458,0.2050451909468285,0.1939700293432302,-0.0110751616035983,0.039417940688893,0.0179077713889601,0.0007859753413337,0.0171109487486391,0.0007968226403209,0.2849950416671125,0.015718317934927,0.0053319150636221,0.0171963523616403,-0.0014780344267132,0.0170135350078054,0.0154533290878709,0.0015602059199344,0.0191989956213413,0.0122376402485128,0.0125122709493813,0.0218804337738993,80,44,0.3139418254764293,target_prevalence,0.0058981790543069,0.0067266925462354,-0.0008285134919284,-1.5845425803739932e-05,0.0016253361322494,"{""class_weight"": ""balanced"", ""colsample_bytree"": 1.0, ""deterministic"": true, ""force_col_wise"": true, ""learning_rate"": 0.035, ""min_child_samples"": 12, ""n_estimators"": 180, ""n_jobs"": 1, ""num_leaves"": 15, ""objective"": ""binary"", ""reg_lambda"": 1.0, ""subsample"": 1.0, ""verbosity"": -1}",7340a032adf73dcca6285d723e7b8782f8c2625f4216107ab44a30759e1137a7,0.0719192646427042,0.22483561955294,-0.1529163549102357,0.9047619047619048,0.5816779232094049,1.0,0.6666666666666666,0.6338656758127084,0.4022727895191569,3.857792222045936,3.937020574922253,0.0792283528763171,7.993605777301127e-15,True
1,0,1,6,FFF,B,2013B,2014B,14,logistic,source_train_only_activity_types,13,0,,1,clicks_oucollaborate,1520,1309,1064,456,160,0.4861842105263158,0.5011459129106188,0.7348694848694848,0.6852239196205132,-0.0496455652489715,0.7089879169868628,0.6516230544346324,0.6816752941566911,0.7091070708066143,0.0274317766499231,0.2140471767239532,0.2360928396708385,0.0220456629468853,0.0139562639562641,0.0068633513480145,0.000413653224032,0.0199251220481868,-0.0130617707001722,0.2202345845717054,0.0033458484739064,0.0009886235601234,0.0268057968946962,-0.0234599484207898,0.0033411135394236,0.0268277896338342,-0.0234866760944106,0.0054118582199036,0.0012798387279092,0.0172096317174549,0.0364019620719375,80,80,0.5011459129106188,target_prevalence,0.0051203899650493,0.0214725962090117,-0.0163522062439623,-0.0147069884720673,0.00329043554379,"{""C"": 1.0, ""class_weight"": ""balanced"", ""max_iter"": 5000, ""solver"": ""lbfgs""}",0ec0160f1649f42124ca093cb28e50d00a77309027bbdbb0b9ac6257ff1aa269,0.0648123678220456,0.2383918246265485,-0.1735794568045028,0.9316239316239318,0.6581196581196582,1.0,0.6666666666666666,0.9043200525862436,0.5732384305377561,5.2545793427081495,5.2322344713313935,-0.022344871376756,2.8421709430404014e-14,False
1,0,1,6,FFF,B,2013B,2014B,14,lightgbm,source_train_only_activity_types,13,0,,1,clicks_oucollaborate,1520,1309,1064,456,160,0.4861842105263158,0.5011459129106188,0.7298259798259799,0.6889753669741904,-0.0408506128517894,0.7300010944526223,0.6703012684977111,0.6265794525833805,0.6788871476944056,0.052307695111025,0.216049366437241,0.2356587201890518,0.0196093537518108,0.0085470085470085,0.010295639037744,-0.0006401980911807,0.0066485855951695,0.0036470534425744,0.2256742979763496,0.0128935210491278,-0.0015111273450376,0.0135290940783983,-0.0006355730292704,0.0128778972539173,0.0135476937095393,-0.0006697964556219,0.019710703692653,0.0060763384056027,0.0054134550238533,0.0216447331329432,80,80,0.5011459129106188,target_prevalence,0.005502927759993,0.0063535547376859,-0.0008506269776928,0.0013982132324407,0.0044976804202673,"{""class_weight"": ""balanced"", ""colsample_bytree"": 1.0, ""deterministic"": true, ""force_col_wise"": true, ""learning_rate"": 0.035, ""min_child_samples"": 12, ""n_estimators"": 180, ""n_jobs"": 1, ""num_leaves"": 15, ""objective"": ""binary"", ""reg_lambda"": 1.0, ""subsample"": 1.0, ""verbosity"": -1}",7340a032adf73dcca6285d723e7b8782f8c2625f4216107ab44a30759e1137a7,0.0466474193754074,0.1865303776535676,-0.1398829582781602,0.8799999999999999,0.6399999999999999,1.0,0.6666666666666666,0.677209623387217,0.645721591478032,3.395302967531124,3.4038207612125677,0.0085177936814431,6.217248937900877e-15,False
1,0,1,6,FFF,B,2013B,2014B,56,logistic,source_train_only_activity_types,13,0,,1,clicks_oucollaborate,1407,1257,984,423,160,0.4442075337597725,0.4797136038186158,0.782933454051607,0.7643079201342928,-0.0186255339173141,0.7596506579858138,0.7241153128354796,0.5736769872990355,0.6368699431988377,0.0631929558998022,0.1943117281212418,0.2069074798193696,0.0125957516981277,0.0154368492530555,0.0319326937956647,-0.0020698999120293,0.0078641771411043,0.0240685166545603,0.1721202492917771,0.0370207607602097,-0.0013941344126605,0.0155031060036993,0.0215176547565104,0.0372016488257819,0.0156384883971883,0.0215631604285936,0.0414791195528417,0.0325624019675777,0.0188398838196929,0.0121663281877057,80,80,0.4797136038186158,target_prevalence,0.0338107330115615,0.0055961276521155,0.0282146053594459,0.0261415610070031,-0.0041460887048855,"{""C"": 1.0, ""class_weight"": ""balanced"", ""max_iter"": 5000, ""solver"": ""lbfgs""}",0ec0160f1649f42124ca093cb28e50d00a77309027bbdbb0b9ac6257ff1aa269,0.0894656303391287,0.294473201869245,-0.2050075715301162,0.8632478632478634,0.452991452991453,0.6666666666666666,0.4285714285714285,0.189587256448056,0.5470527229386551,5.793548967594483,6.082782903057794,0.2892339354633106,1.4210854715202004e-14,False
1,0,1,6,FFF,B,2013B,2014B,56,lightgbm,source_train_only_activity_types,13,0,,1,clicks_oucollaborate,1407,1257,984,423,160,0.4442075337597725,0.4797136038186158,0.7674966047985514,0.7508063657248923,-0.016690239073659,0.7575443566993394,0.7240129503732081,0.5851087736161084,0.6463776651461706,0.0612688915300622,0.196551902630819,0.2138477404982223,0.0172958378674033,0.009710276143051,0.0300372321840508,-0.0010265823469963,0.0111160875980236,0.0189211445860271,0.2548738121829543,0.0362030232513932,0.0009249348928525,0.02601835810163,0.0101846651497632,0.0363033912389591,0.026017211646269,0.0102861795926901,0.0386767989449285,0.033729247557858,0.0259901013489093,0.0260466148543506,80,80,0.4797136038186158,target_prevalence,0.0263639857544173,0.0094799620234784,0.0168840237309389,0.017902584158483,0.0020371208550882,"{""class_weight"": ""balanced"", ""colsample_bytree"": 1.0, ""deterministic"": true, ""force_col_wise"": true, ""learning_rate"": 0.035, ""min_child_samples"": 12, ""n_estimators"": 180, ""n_jobs"": 1, ""num_leaves"": 15, ""objective"": ""binary"", ""reg_lambda"": 1.0, ""subsample"": 1.0, ""verbosity"": -1}",7340a032adf73dcca6285d723e7b8782f8c2625f4216107ab44a30759e1137a7,0.0997521292769459,0.3014169099910086,-0.2016647807140626,0.8461538461538463,0.5156695156695158,0.6666666666666666,0.1111111111111111,0.4854642055198844,0.6091053786235503,3.9808464612586425,4.136844392809726,0.1559979315510835,6.661338147750939e-15,False
1,0,1,7,FFF,J,2013J,2014J,14,logistic,source_train_only_activity_types,13,0,,1,clicks_htmlactivity,1998,1886,1398,600,160,0.4519519519519519,0.4077412513255567,0.7082403346829821,0.7316143813600661,0.0233740466770839,0.6890868541368009,0.6399071913364597,0.6417768038556821,0.6171950570797247,-0.0245817467759574,0.2221368321808592,0.2110358998097282,-0.0111009323711309,0.003992866676387,0.0044165604615935,-0.0004488962195275,0.0107852942651958,-0.0063687338036022,0.2234769952668382,0.0034004534980141,-0.0021978556949537,0.0174429546222488,-0.0140425011242346,0.0038818860403988,0.015750441189951,-0.0118685551495521,0.0060095965294436,0.0007913104665846,0.0082703099862898,0.0266155992582078,80,80,0.4077412513255567,target_prevalence,0.0160947857793621,0.0107971643434722,0.0052976214358899,-0.0005355561838561,-0.0116663552394922,"{""C"": 1.0, ""class_weight"": ""balanced"", ""max_iter"": 5000, ""solver"": ""lbfgs""}",0ec0160f1649f42124ca093cb28e50d00a77309027bbdbb0b9ac6257ff1aa269,0.0372745579119737,0.2278532529233612,-0.1905786950113875,0.9430199430199432,0.6695156695156697,0.6666666666666666,0.4285714285714285,0.5804106292918652,0.5129409240567208,3.8051384473826415,4.048938703399284,0.2438002560166428,1.7763568394002505e-15,False
1,0,1,7,FFF,J,2013J,2014J,14,lightgbm,source_train_only_activity_types,13,0,,1,clicks_htmlactivity,1998,1886,1398,600,160,0.4519519519519519,0.4077412513255567,0.7017351024574076,0.7232369352703751,0.0215018328129675,0.6623878428554659,0.6375151075604876,0.6583315449742158,0.6185043446383768,-0.0398272003358389,0.2259374291898361,0.2106478681563889,-0.0152895610334471,0.0071445395305015,0.0077308918248708,-0.001530817070298,0.0054327694394489,0.0022981223854218,0.2499770645498197,0.0105272235855206,-0.0012103298266469,0.0085259733033196,0.002001250282201,0.0093993896824934,0.0084184823336806,0.0009809073488127,0.0044148823754362,0.0166395647956051,0.007943421669012,0.0091085249376272,80,80,0.4077412513255567,target_prevalence,0.0008147749759642,0.0042940386296682,-0.0034792636537039,-0.000590570634141,0.0057773860391258,"{""class_weight"": ""balanced"", ""colsample_bytree"": 1.0, ""deterministic"": true, ""force_col_wise"": true, ""learning_rate"": 0.035, ""min_child_samples"": 12, ""n_estimators"": 180, ""n_jobs"": 1, ""num_leaves"": 15, ""objective"": ""binary"", ""reg_lambda"": 1.0, ""subsample"": 1.0, ""verbosity"": -1}",7340a032adf73dcca6285d723e7b8782f8c2625f4216107ab44a30759e1137a7,0.0544248097892677,0.1961411741091057,-0.141716364319838,0.8628571428571428,0.630375080567378,1.0,0.25,0.7314889921936091,0.7486193229793487,2.859046225148837,2.92575710123094,0.0667108760821029,4.884981308350689e-15,False
1,0,1,7,FFF,J,2013J,2014J,56,logistic,source_train_only_activity_types,14,0,,1,clicks_htmlactivity,1915,1793,1340,575,160,0.4281984334203655,0.3770217512548801,0.7718017149776359,0.7884284299131761,0.0166267149355401,0.6979912395099382,0.6902828327455967,0.5983266647970173,0.5544075681587904,-0.0439190966382269,0.2010251254324598,0.1821090241223354,-0.0189161013101244,0.0009637482393063,0.0376111255586699,-0.0006710889741476,0.0093262613224985,0.0282848642361713,0.1702965190620754,0.05157234590098,0.00248381287029,0.0204534243128085,0.0311189215881714,0.0559227737591726,0.0201937261902238,0.0357290475689488,0.0692601398913185,0.0338845519106414,0.0193975541681498,0.0215092944574673,80,80,0.3770217512548801,target_prevalence,0.0378672373873544,0.0104824443444608,0.0273847930428936,0.0278348286395325,0.0009000711932777,"{""C"": 1.0, ""class_weight"": ""balanced"", ""max_iter"": 5000, ""solver"": ""lbfgs""}",0ec0160f1649f42124ca093cb28e50d00a77309027bbdbb0b9ac6257ff1aa269,0.0611431243450522,0.3237949728254316,-0.2626518484803794,0.947089947089947,0.5238095238095238,1.0,0.4285714285714285,0.4823600705639855,0.7694482305699636,5.332362677550754,5.3645237501189085,0.0321610725681544,3.552713678800501e-15,False
1,0,1,7,FFF,J,2013J,2014J,56,lightgbm,source_train_only_activity_types,14,0,,1,clicks_htmlactivity,1915,1793,1340,575,160,0.4281984334203655,0.3770217512548801,0.7868633701534582,0.7722555662091507,-0.0146078039443074,0.7305773044041024,0.7100247815749029,0.5720545828476198,0.5622155746105078,-0.009839008237112,0.1899830975404574,0.1902186784074745,0.0002355808670171,0.0086984456470706,0.014207942189123,-0.0012936211564241,0.0075232325454155,0.0066847096437074,0.2445123447099782,0.0125459488434488,-0.0009401350694315,0.0157843523509023,-0.0032384035074534,0.0124762825794806,0.0150158204948778,-0.0025395379153971,0.0122627025593332,0.0128291951275644,0.0126596865507843,0.0189090181510203,80,80,0.3770217512548801,target_prevalence,0.0460178311673745,0.0067663029033408,0.0392515282640336,0.0229681189538705,-0.0325668186203261,"{""class_weight"": ""balanced"", ""colsample_bytree"": 1.0, ""deterministic"": true, ""force_col_wise"": true, ""learning_rate"": 0.035, ""min_child_samples"": 12, ""n_estimators"": 180, ""n_jobs"": 1, ""num_leaves"": 15, ""objective"": ""binary"", ""reg_lambda"": 1.0, ""subsample"": 1.0, ""verbosity"": -1}",7340a032adf73dcca6285d723e7b8782f8c2625f4216107ab44a30759e1137a7,0.0915316635330801,0.2246220034182714,-0.1330903398851912,0.793103448275862,0.6286472148541113,0.6666666666666666,0.25,0.5548909344650579,0.6958501852912723,3.422953970532082,3.504446478171592,0.0814925076395098,5.773159728050814e-15,False
1,0,1,8,GGG,J,2013J,2014J,14,logistic,source_train_only_activity_types,6,0,,1,clicks_quiz,926,719,648,278,134,0.3606911447084233,0.3824756606397774,0.5847191011235956,0.6404995904995905,0.0557804893759948,0.4204837303682287,0.5229956842866387,0.7632256868570897,0.7551342375326008,-0.0080914493244889,0.2705217591908665,0.2560399001832175,-0.014481859007649,0.0257865168539327,0.0119181249670605,-0.0005821484017192,0.0065443311543005,0.0053737938127599,0.1895577622968254,0.0090402083098129,0.0016928199456893,0.0087955486054346,0.0002446597043783,0.0093655913407406,0.007631715567471,0.0017338757732695,0.0104245301987894,0.0076558864208365,0.003844093254572,0.0137470039562972,80,50,0.3824756606397774,target_prevalence,0.0147084408638103,0.0106720324628671,0.0040364084009431,0.0047051011068515,0.0013373854118168,"{""C"": 1.0, ""class_weight"": ""balanced"", ""max_iter"": 5000, ""solver"": ""lbfgs""}",0ec0160f1649f42124ca093cb28e50d00a77309027bbdbb0b9ac6257ff1aa269,0.1039538154636432,0.229333510115022,-0.1253796946513788,0.8421052631578948,0.6000000000000001,0.4285714285714285,0.6666666666666666,0.8788446401194123,0.6968806499627044,4.616736925072326,5.732544570326723,1.1158076452543968,3.1086244689504387e-15,False
1,0,1,8,GGG,J,2013J,2014J,14,lightgbm,source_train_only_activity_types,6,0,,1,clicks_quiz,926,719,648,278,134,0.3606911447084233,0.3824756606397774,0.5843820224719102,0.5944430794430795,0.0100610569711693,0.416798630391464,0.4906815512004736,0.7720986564270844,0.7842389731276179,0.0121403167005335,0.2626695282450471,0.2790236256622339,0.0163540974171868,0.0301685393258428,0.0302654554064491,0.0008328629023025,0.0069160521783111,0.023349403228138,0.2966486484263402,0.0482506743103681,-0.0028992014534772,0.0046889397105195,0.0435617345998485,0.04745432888734,0.0049399755436895,0.0425143533436505,0.0448626721851778,0.0516386764355583,0.0057569560658403,0.0036209233551987,80,50,0.3824756606397774,target_prevalence,0.0561884648151996,0.0115680956843741,0.0446203691308255,0.0339848861794817,-0.0212709659026875,"{""class_weight"": ""balanced"", ""colsample_bytree"": 1.0, ""deterministic"": true, ""force_col_wise"": true, ""learning_rate"": 0.035, ""min_child_samples"": 12, ""n_estimators"": 180, ""n_jobs"": 1, ""num_leaves"": 15, ""objective"": ""binary"", ""reg_lambda"": 1.0, ""subsample"": 1.0, ""verbosity"": -1}",7340a032adf73dcca6285d723e7b8782f8c2625f4216107ab44a30759e1137a7,0.1202212838949559,0.1749456741393464,-0.0547243902443904,0.8736842105263158,0.7473684210526316,1.0,0.6666666666666666,0.5451442360625504,0.6140147427867111,3.1780267548000767,3.3196933976020984,0.1416666428020216,7.771561172376096e-15,True
1,0,1,8,GGG,J,2013J,2014J,56,logistic,source_train_only_activity_types,6,0,,1,clicks_quiz,919,698,643,276,136,0.3558215451577802,0.3638968481375358,0.6427998165558357,0.6414840036887282,-0.0013158128671075,0.463954731650914,0.4726629099706102,0.6937729930667348,0.7192730278739705,0.0255000348072357,0.2405256050410049,0.2495469006120048,0.0090212955709999,0.0089429030038983,0.0143257244536145,-0.0024273921561311,0.039373780581142,-0.0250480561275275,0.2953490901253663,0.0375303250683905,0.0122855132398857,0.0681513172891556,-0.0306209922207651,0.0377240204171816,0.0569133726767326,-0.019189352259551,0.0382419006128968,0.0368187495238841,0.0268666576077279,0.1094359769705834,80,49,0.3638968481375358,target_prevalence,0.0139775953982052,0.0419794141849324,-0.0280018187867271,-0.0265249374571273,0.0029537626591996,"{""C"": 1.0, ""class_weight"": ""balanced"", ""max_iter"": 5000, ""solver"": ""lbfgs""}",0ec0160f1649f42124ca093cb28e50d00a77309027bbdbb0b9ac6257ff1aa269,0.0505068480785513,0.3462272261938796,-0.2957203781153282,0.9578947368421054,0.3789473684210526,1.0,0.25,0.1337937360943971,0.7856517793676804,3.48979774616635,4.076518515065756,0.5867207688994065,5.3290705182007506e-15,False
1,0,1,8,GGG,J,2013J,2014J,56,lightgbm,source_train_only_activity_types,6,0,,1,clicks_quiz,919,698,643,276,136,0.3558215451577802,0.3638968481375358,0.6272643889016281,0.6481698233666737,0.0209054344650456,0.4510525914361201,0.5195645806639932,0.7171128205614009,0.7273015867519623,0.0101887661905614,0.2511741568962394,0.2556975094428022,0.0045233525465627,0.01742719559734,0.0229097917549071,-0.0027650338539681,0.0049107319982864,0.0179990597566206,0.3271733006156209,0.0305107398266695,0.0031824992017527,0.0089326081847666,0.0215781316419028,0.0309132468598543,0.0081761330980436,0.0227371137618106,0.0319894235591062,0.0290320560942327,0.0061535576030157,0.0117116587665176,80,49,0.3638968481375358,target_prevalence,0.0111717101270035,0.0046880406530104,0.006483669473993,0.0122413646153068,0.0115153902826276,"{""class_weight"": ""balanced"", ""colsample_bytree"": 1.0, ""deterministic"": true, ""force_col_wise"": true, ""learning_rate"": 0.035, ""min_child_samples"": 12, ""n_estimators"": 180, ""n_jobs"": 1, ""num_leaves"": 15, ""objective"": ""binary"", ""reg_lambda"": 1.0, ""subsample"": 1.0, ""verbosity"": -1}",7340a032adf73dcca6285d723e7b8782f8c2625f4216107ab44a30759e1137a7,0.1085110214249428,0.2126452396080345,-0.1041342181830917,0.8941798941798941,0.6385246500851477,1.0,0.25,0.2887335837564547,0.7817797247617634,3.5169486648986736,3.755899532085912,0.238950867187238,8.1601392309949e-15,False
2,0,2,0,AAA,J,2013J,2014J,14,logistic,source_train_only_activity_types,9,0,,0,,370,350,259,111,53,0.2486486486486486,0.2771428571428571,0.6536144578313253,0.5876288659793814,-0.0659855918519439,0.3654095892212694,0.3400659893930626,0.7333758905263701,0.8226722854904792,0.0892963949641091,0.2432364854777808,0.2725424443865792,0.0293059589087983,0.0335628227194492,-0.0028512935966271,-0.0043505928805966,0.0206552709605399,-0.023506564557167,0.321505471103667,0.0160548262335633,-0.0028470099466567,0.0420410045311959,-0.0259861782976326,0.0094783282664752,0.0309793845262017,-0.0215010562597264,0.0012998628458656,0.030809789621261,0.0172232673405037,0.0668587417218881,41,14,0.2771428571428571,target_prevalence,-0.0002894148209026,0.0261364019744642,-0.0264258167953668,-0.0249661906762669,0.0029192522381997,"{""C"": 1.0, ""class_weight"": ""balanced"", ""max_iter"": 5000, ""solver"": ""lbfgs""}",0ec0160f1649f42124ca093cb28e50d00a77309027bbdbb0b9ac6257ff1aa269,0.0730251898108195,0.4160005574774039,-0.3429753676665843,0.9130434782608696,0.2806324110671936,1.0,0.25,0.5505948209666426,0.614325172376267,6.969891904531528,7.233308242503071,0.2634163379715426,2.664535259100376e-15,False
2,0,2,0,AAA,J,2013J,2014J,14,lightgbm,source_train_only_activity_types,9,0,,0,,370,350,259,111,53,0.2486486486486486,0.2771428571428571,0.6596385542168675,0.561916792306752,-0.0977217619101155,0.4568311369818995,0.3740074618426736,0.6074443567005887,0.7280244283768834,0.1205800716762947,0.1921268216269839,0.2329213560750359,0.040794534448052,0.0283993115318417,-0.0003074183763672,-0.0055650546249151,0.0110817618876453,-0.0113891802640126,0.3409170761531999,0.0003099775425703,0.0019035762469681,0.0387678728507932,-0.0384578953082228,0.0071864435105458,0.0279226521529398,-0.020736208642394,0.0157379460604639,-0.0151179909753231,0.014435646926122,0.0631000987754644,41,14,0.2771428571428571,target_prevalence,0.0106595393339343,0.0172380862416243,-0.0065785469076899,-0.0089838635858513,-0.0048106333563226,"{""class_weight"": ""balanced"", ""colsample_bytree"": 1.0, ""deterministic"": true, ""force_col_wise"": true, ""learning_rate"": 0.035, ""min_child_samples"": 12, ""n_estimators"": 180, ""n_jobs"": 1, ""num_leaves"": 15, ""objective"": ""binary"", ""reg_lambda"": 1.0, ""subsample"": 1.0, ""verbosity"": -1}",7340a032adf73dcca6285d723e7b8782f8c2625f4216107ab44a30759e1137a7,0.0697930353421639,0.3118477480747914,-0.2420547127326275,0.8800000000000001,0.3578592476193948,0.6666666666666666,0.1111111111111111,0.5343335855798381,0.6753589704690369,3.858738012067165,3.571293402191598,-0.2874446098755663,1.1768364061026661e-14,False
2,0,2,0,AAA,J,2013J,2014J,56,logistic,source_train_only_activity_types,9,0,,0,,365,342,255,110,52,0.2383561643835616,0.260233918128655,0.7083333333333334,0.6972953768263979,-0.0110379565069355,0.524887205936174,0.4406739016995999,0.6618694307768954,0.7242794843495703,0.0624100535726749,0.2263378001124876,0.2379851998481064,0.0116473997356187,0.0105311355311356,0.0107789340185912,0.0262052319998388,0.0605789003321396,-0.0497999663135483,0.3612309933890673,0.0125046369758448,-0.0032157666988939,0.0902613520289521,-0.0777567150531072,0.0090905906048209,0.066530275460852,-0.057439684856031,0.0053851012509048,0.0196241727007848,0.04077337528328,0.1397493287746242,42,13,0.260233918128655,target_prevalence,0.0132622714454337,0.0583034358658448,-0.045041164420411,-0.0474205653669796,-0.0047588018931373,"{""C"": 1.0, ""class_weight"": ""balanced"", ""max_iter"": 5000, ""solver"": ""lbfgs""}",0ec0160f1649f42124ca093cb28e50d00a77309027bbdbb0b9ac6257ff1aa269,0.0681011773865477,0.4521110922288162,-0.3840099148422684,0.8972332015810277,0.067193675889328,0.6666666666666666,0.0,0.7062368884406865,0.3801942486068591,6.532133345300119,7.101909808725038,0.5697764634249189,1.4210854715202004e-14,False
2,0,2,0,AAA,J,2013J,2014J,56,lightgbm,source_train_only_activity_types,9,0,,0,,365,342,255,110,52,0.2383561643835616,0.260233918128655,0.6080586080586081,0.6139139316960518,0.0058553236374436,0.4001171468803197,0.3796700838107992,0.7331927846082852,0.744230809186302,0.0110380245780168,0.2295611603430745,0.2383700972125924,0.0088089368695179,0.0501373626373626,0.0017835613650936,-0.0014221741927747,0.017018825463851,-0.0152352640987573,0.3684636318434007,0.002079120209935,-0.0086743997388124,0.0182471738398918,-0.0161680536299567,-0.000804462573364,0.0103532511675843,-0.0111577137409483,-0.0039342048625545,0.0080924452824246,0.0017854570476407,0.0347088906321428,42,13,0.260233918128655,target_prevalence,-0.0039901354604408,0.0122231592546717,-0.0162132947151125,-0.0157242794069349,0.0009780306163551,"{""class_weight"": ""balanced"", ""colsample_bytree"": 1.0, ""deterministic"": true, ""force_col_wise"": true, ""learning_rate"": 0.035, ""min_child_samples"": 12, ""n_estimators"": 180, ""n_jobs"": 1, ""num_leaves"": 15, ""objective"": ""binary"", ""reg_lambda"": 1.0, ""subsample"": 1.0, ""verbosity"": -1}",7340a032adf73dcca6285d723e7b8782f8c2625f4216107ab44a30759e1137a7,0.0708598942826917,0.3113718189371735,-0.2405119246544818,0.83399209486166,0.5227733021739333,0.4285714285714285,0.25,0.9079170823181368,0.8196210665700268,4.61584022649581,4.2221697551165125,-0.3936704713792975,1.0047518372857668e-14,False
2,0,2,1,BBB,B,2013B,2014B,14,logistic,source_train_only_activity_types,10,0,,1,clicks_oucollaborate,1606,1289,1124,482,160,0.5006226650062267,0.4375484871993794,0.7049293228422375,0.6937123991195892,-0.0112169237226483,0.7202871616811055,0.6408299543934923,0.6463401323429596,0.6997963595714275,0.0534562272284678,0.2249875304025263,0.2369775784343255,0.0119900480317992,0.0063015443948968,0.0135124203737099,-0.0018720387849314,0.0071836921938352,0.0063287281798746,0.1584622419179154,0.0085185691630062,-0.0042446718255318,0.0069115279848822,0.001607041178124,0.0094009833039965,0.0067633109027392,0.0026376724012572,0.0155833631241025,0.0014537752019098,0.0057248707247441,0.0080981852450202,80,80,0.4375484871993794,target_prevalence,0.0173277542401685,0.0064113635959044,0.010916390644264,0.0086225594120693,-0.0045876624643894,"{""C"": 1.0, ""class_weight"": ""balanced"", ""max_iter"": 5000, ""solver"": ""lbfgs""}",0ec0160f1649f42124ca093cb28e50d00a77309027bbdbb0b9ac6257ff1aa269,0.174376946533611,0.2582282068327605,-0.0838512602991494,0.8840579710144928,0.6231884057971014,0.6666666666666666,0.4285714285714285,0.8620013431866559,0.8353557394514051,4.553882831362364,4.618234868743328,0.0643520373809645,5.689893001203927e-15,False
2,0,2,1,BBB,B,2013B,2014B,14,lightgbm,source_train_only_activity_types,10,0,,1,clicks_oucollaborate,1606,1289,1124,482,160,0.5006226650062267,0.4375484871993794,0.6968027409996385,0.6807911469797017,-0.0160115940199367,0.6776896503798628,0.6220591242471285,0.689294967589768,0.7379859672537764,0.0486909996640083,0.2358145675769448,0.2541622971016606,0.0183477295247158,0.0069385857681514,0.0030230289556681,-0.0012516678805815,0.0132197763957659,-0.0101967474400978,0.2685997360078831,0.0062417620949086,0.0073186462102325,0.0396353803233636,-0.033393618228455,0.00599386039416,0.0367636602330792,-0.0307697998389191,0.0042570087268035,0.0082265154630137,0.016643782830341,0.0626269778163862,80,80,0.4375484871993794,target_prevalence,0.0016748427369684,0.0138728425796819,-0.0121979998427134,-0.0111973736414056,0.0020012524026155,"{""class_weight"": ""balanced"", ""colsample_bytree"": 1.0, ""deterministic"": true, ""force_col_wise"": true, ""learning_rate"": 0.035, ""min_child_samples"": 12, ""n_estimators"": 180, ""n_jobs"": 1, ""num_leaves"": 15, ""objective"": ""binary"", ""reg_lambda"": 1.0, ""subsample"": 1.0, ""verbosity"": -1}",7340a032adf73dcca6285d723e7b8782f8c2625f4216107ab44a30759e1137a7,0.0468470163626577,0.2373642203136251,-0.1905172039509673,0.9345454545454543,0.6860265381653932,1.0,0.4285714285714285,0.7352456815361071,0.3841831950168428,3.2062313884843823,3.2257338568152263,0.019502468330844,7.105427357601002e-15,False
2,0,2,1,BBB,B,2013B,2014B,56,logistic,source_train_only_activity_types,10,0,,1,clicks_oucollaborate,1470,1247,1029,441,160,0.454421768707483,0.4170008019246191,0.7563485477178424,0.745585123267379,-0.0107634244504634,0.7590307920211222,0.7183225920629682,0.5834631410218949,0.7089048424354133,0.1254417014135184,0.1991428707442529,0.2115071208456719,0.012364250101419,0.0040041493775931,0.065904379613195,0.0010178522682693,0.0056394126977079,0.0602649669154871,0.1665777937898461,0.0810393590993962,-0.0005193928465606,0.004539746289502,0.0764996128098942,0.0893748433453147,0.0033723133396929,0.0860025300056217,0.1312536047740836,0.0308251134247088,-0.0024930502728744,0.0115725428518785,80,80,0.4170008019246191,target_prevalence,0.0089598626465587,0.0043161227113354,0.0046437399352233,0.0324543534253552,0.0556212269802637,"{""C"": 1.0, ""class_weight"": ""balanced"", ""max_iter"": 5000, ""solver"": ""lbfgs""}",0ec0160f1649f42124ca093cb28e50d00a77309027bbdbb0b9ac6257ff1aa269,0.26729185082064,0.2956190708732109,-0.0283272200525708,0.8333333333333333,0.391304347826087,0.6666666666666666,0.6666666666666666,0.9149606448273252,0.4896281024542221,4.663426369239653,5.916418339397831,1.2529919701581775,7.105427357601002e-15,False
2,0,2,1,BBB,B,2013B,2014B,56,lightgbm,source_train_only_activity_types,10,0,,1,clicks_oucollaborate,1470,1247,1029,441,160,0.454421768707483,0.4170008019246191,0.7445643153526971,0.7467437308221352,0.0021794154694381,0.7570212723586789,0.7338132812570687,0.6169187550495684,0.6325539249092277,0.0156351698596592,0.2109056712946265,0.2162880340296051,0.0053823627349785,0.0021784232365145,0.0251767818938636,0.0041443094500702,0.0069139933498734,0.0182627885439902,0.2536852870242363,0.0072760077758446,-0.0030920227112817,0.0089134890894519,-0.0016374813136072,0.0084062971825665,0.0095820884560816,-0.0011757912735151,0.0140850458926667,0.0004669696590225,0.0129412350323856,0.0048857431465182,80,80,0.4170008019246191,target_prevalence,0.0328947496844335,0.0138007606842369,0.0190939890001966,0.0186783887720934,-0.0008312004562063,"{""class_weight"": ""balanced"", ""colsample_bytree"": 1.0, ""deterministic"": true, ""force_col_wise"": true, ""learning_rate"": 0.035, ""min_child_samples"": 12, ""n_estimators"": 180, ""n_jobs"": 1, ""num_leaves"": 15, ""objective"": ""binary"", ""reg_lambda"": 1.0, ""subsample"": 1.0, ""verbosity"": -1}",7340a032adf73dcca6285d723e7b8782f8c2625f4216107ab44a30759e1137a7,0.0715013223242585,0.1815528129276471,-0.1100514906033886,0.8840579710144928,0.7898550724637681,1.0,0.4285714285714285,0.5406297420785493,0.6384727676732962,3.3362601414592,3.587547170217067,0.2512870287578668,5.773159728050814e-15,False
2,0,2,2,BBB,J,2013J,2014J,14,logistic,source_train_only_activity_types,10,0,,0,,1851,1791,1295,556,160,0.4219340896812534,0.3618090452261306,0.7214688142109101,0.6505439713554324,-0.0709248428554777,0.6706454815935806,0.5078948019618568,0.6072454522876227,0.6645076437622772,0.0572621914746545,0.2106639887293542,0.2311255190719807,0.0204615303426264,0.0057400410949822,0.0157097939862579,0.0023364502917717,0.0070346495559842,0.0086751444302737,0.1348606208255443,0.0135468210658773,-3.6191232300530896e-05,0.0045477499689891,0.0089990710968882,0.0138226190853003,0.0058580139763797,0.0079646051089205,0.0145447084452443,0.0125489336865104,0.009288523377548,-0.0001930234395698,80,80,0.3618090452261306,target_prevalence,0.0210678488186545,0.0038420163395946,0.0172258324790598,0.0129504884546668,-0.008550688048786,"{""C"": 1.0, ""class_weight"": ""balanced"", ""max_iter"": 5000, ""solver"": ""lbfgs""}",0ec0160f1649f42124ca093cb28e50d00a77309027bbdbb0b9ac6257ff1aa269,0.1375994207045186,0.19801199305084,-0.0604125723463214,0.7898550724637681,0.6811594202898551,1.0,1.0,0.62716059594525,0.3729158533766479,3.496308986660554,3.482421473694732,-0.0138875129658222,2.220446049250313e-15,False
2,0,2,2,BBB,J,2013J,2014J,14,lightgbm,source_train_only_activity_types,10,0,,0,,1851,1791,1295,556,160,0.4219340896812534,0.3618090452261306,0.6949559223172267,0.6234770422215742,-0.0714788800956525,0.6104403247888157,0.4751955361631256,0.6368914923303385,0.6747547796069707,0.0378632872766322,0.2217402781998089,0.2390290965050694,0.0172888183052604,0.0316961622588983,0.0229046846855117,0.0012413204705776,0.013444400965683,0.0094602837198287,0.3134112778332395,0.0192313316151334,0.0002258719879589,0.0150791954547448,0.0041521361603886,0.0183735939008392,0.0137211958516551,0.0046523980491841,0.0161278806125053,0.0223347826177615,0.0101657059817475,0.019992684927742,80,80,0.3618090452261306,target_prevalence,0.0522139825383208,0.0125482302490144,0.0396657522893064,0.0245630180045676,-0.0302054685694777,"{""class_weight"": ""balanced"", ""colsample_bytree"": 1.0, ""deterministic"": true, ""force_col_wise"": true, ""learning_rate"": 0.035, ""min_child_samples"": 12, ""n_estimators"": 180, ""n_jobs"": 1, ""num_leaves"": 15, ""objective"": ""binary"", ""reg_lambda"": 1.0, ""subsample"": 1.0, ""verbosity"": -1}",7340a032adf73dcca6285d723e7b8782f8c2625f4216107ab44a30759e1137a7,0.139616972464791,0.2533620706330665,-0.1137450981682755,0.8333333333333333,0.5797101449275361,0.6666666666666666,0.4285714285714285,0.8192636174110164,0.5195660704822209,2.6375960598155697,2.7437598947343824,0.1061638349188127,5.773159728050814e-15,False
2,0,2,2,BBB,J,2013J,2014J,56,logistic,source_train_only_activity_types,10,0,,0,,1785,1750,1249,536,160,0.3994397759103641,0.3417142857142857,0.7518575491960294,0.690066425120773,-0.0617911240752564,0.674483972291528,0.5421986803049795,0.5947499460755838,1.1100744242358185,0.5153244781602344,0.2033368024228166,0.2453352516206992,0.0419984491978825,0.002263888082661,0.2370165585251082,-0.0016720217928002,0.0117151420899506,0.2253014164351576,0.2240615521782437,0.2214377048389674,6.616390556896112e-05,0.0184245665290438,0.2030131383099236,0.2350515652791789,0.0163477962297204,0.2187037690494584,0.264441776626639,0.1784336330512959,0.0118643715402064,0.0249847615178812,80,80,0.3417142857142857,target_prevalence,0.0437073835761743,0.0084104662524838,0.0352969173236905,0.130299166879424,0.1900044991114671,"{""C"": 1.0, ""class_weight"": ""balanced"", ""max_iter"": 5000, ""solver"": ""lbfgs""}",0ec0160f1649f42124ca093cb28e50d00a77309027bbdbb0b9ac6257ff1aa269,0.4227466773287287,0.3500866334436545,0.0726600438850741,0.7391304347826086,0.4057971014492753,0.25,0.4285714285714285,0.9383372305350178,0.5437044405297604,3.862303049914432,7.681411974139306,3.819108924224874,1.4210854715202004e-14,False
2,0,2,2,BBB,J,2013J,2014J,56,lightgbm,source_train_only_activity_types,10,0,,0,,1785,1750,1249,536,160,0.3994397759103641,0.3417142857142857,0.7557032565159344,0.6726545080824972,-0.0830487484334372,0.725405771318586,0.5266830726966354,0.5859570493197366,0.8545648032774729,0.2686077539577363,0.1971980493528676,0.2931890701602608,0.0959910208073931,0.011275904104023,0.0556489141499773,-9.625697597237526e-05,0.0139066572638666,0.0417422568861106,0.2490799189651812,0.0684718463641386,-0.0008295556336951,0.0061683301442819,0.0623035162198566,0.0789810461705322,0.0071295528854293,0.0718514932851028,0.1016687771605083,0.0352749155677689,0.009204683568484,0.0031319767200799,80,80,0.3417142857142857,target_prevalence,0.1311226818349295,0.0041459288953122,0.1269767529396173,0.0843595049128639,-0.0852344960535066,"{""class_weight"": ""balanced"", ""colsample_bytree"": 1.0, ""deterministic"": true, ""force_col_wise"": true, ""learning_rate"": 0.035, ""min_child_samples"": 12, ""n_estimators"": 180, ""n_jobs"": 1, ""num_leaves"": 15, ""objective"": ""binary"", ""reg_lambda"": 1.0, ""subsample"": 1.0, ""verbosity"": -1}",7340a032adf73dcca6285d723e7b8782f8c2625f4216107ab44a30759e1137a7,0.1512700347201745,0.1944091855115847,-0.0431391507914101,0.8043478260869565,0.6304347826086957,0.4285714285714285,0.25,0.3966742526009972,0.7550906839761802,3.527027261109928,3.5682725676019897,0.0412453064920619,1.0658141036401504e-14,False
2,0,2,3,DDD,B,2013B,2014B,14,logistic,source_train_only_activity_types,11,0,,1,clicks_oucollaborate,1197,1050,837,360,160,0.5747702589807853,0.5447619047619048,0.7365728900255754,0.686616730549785,-0.0499561594757903,0.812431273710979,0.7077733354009133,0.6145745056434442,0.6881751625223352,0.073600656878891,0.2089018482109166,0.2371225236591394,0.0282206754482227,0.0109563954406237,0.0168019670829518,0.0002418966506979,0.026302146932417,-0.0095001798494651,0.2557784507687664,0.0120759546157243,0.0037443782708883,0.0497391969620178,-0.0376632423462934,0.0118508569174443,0.0507464471730895,-0.0388955902556451,0.0145903437986397,0.009561565432809,0.0384879977957913,0.0609903961282442,76,80,0.5447619047619048,target_prevalence,0.0425920028359566,0.0286871434564922,0.0139048593794644,0.0022023397649996,-0.0234050392289296,"{""C"": 1.0, ""class_weight"": ""balanced"", ""max_iter"": 5000, ""solver"": ""lbfgs""}",0ec0160f1649f42124ca093cb28e50d00a77309027bbdbb0b9ac6257ff1aa269,0.0500889570076046,0.3794299607159184,-0.3293410037083137,0.94,0.4066666666666665,1.0,0.25,0.4470938724911249,0.6134639546093384,3.915105544478607,3.8431694237982272,-0.0719361206803794,4.440892098500626e-15,False
2,0,2,3,DDD,B,2013B,2014B,14,lightgbm,source_train_only_activity_types,11,0,,1,clicks_oucollaborate,1197,1050,837,360,160,0.5747702589807853,0.5447619047619048,0.7456348078683969,0.661062264095737,-0.0845725437726598,0.7783647781549674,0.6911315193750753,0.6090748323362056,0.6986184191497304,0.0895435868135248,0.2055763813646205,0.2435359109687165,0.037959529604096,0.0087619588898359,0.004922036983668,-0.0008540006211125,0.0114054287228896,-0.0064833917392215,0.2876453761399363,0.0082302058444601,-0.0022684919703289,0.0193849679766705,-0.0111547621322104,0.0079203502213591,0.0202043778377528,-0.0122840276163936,0.0116913590812265,0.0047690526076937,0.0102319854858579,0.0285379504674831,76,80,0.5447619047619048,target_prevalence,0.0178054560661277,0.01528413642272,0.0025213196434077,-0.0019810360479069,-0.0090047113826293,"{""class_weight"": ""balanced"", ""colsample_bytree"": 1.0, ""deterministic"": true, ""force_col_wise"": true, ""learning_rate"": 0.035, ""min_child_samples"": 12, ""n_estimators"": 180, ""n_jobs"": 1, ""num_leaves"": 15, ""objective"": ""binary"", ""reg_lambda"": 1.0, ""subsample"": 1.0, ""verbosity"": -1}",7340a032adf73dcca6285d723e7b8782f8c2625f4216107ab44a30759e1137a7,0.068298606257298,0.2738368449889894,-0.2055382387316914,0.8666666666666665,0.4133333333333333,1.0,0.25,0.7230817412462566,0.2687433695686531,3.309479707429265,3.1125292477779976,-0.1969504596512674,5.3290705182007506e-15,False
2,0,2,3,DDD,B,2013B,2014B,56,logistic,source_train_only_activity_types,11,0,,1,clicks_oucollaborate,1085,971,759,326,159,0.5299539170506913,0.5077239958805355,0.7407533340889342,0.7441672961205835,0.0034139620316493,0.7768253294680194,0.7484335369525619,0.6383568300115324,0.6407894107583437,0.0024325807468112,0.2158047218305671,0.215206225015943,-0.000598496814624,0.0161698590804337,0.0344903723652265,0.0036960161576822,0.0305364333840874,0.0039539389811391,0.2678551607801953,0.041214922351914,0.0016412870174939,0.0390746052681792,0.0021403170837347,0.0411200220069332,0.0393872904867674,0.0017327315201658,0.047358138017004,0.035071706686824,0.0188334487849026,0.0593157617514558,76,80,0.5077239958805355,target_prevalence,0.0350615259951692,0.0298700534088381,0.005191472586331,0.004572705783735,-0.0012375336051919,"{""C"": 1.0, ""class_weight"": ""balanced"", ""max_iter"": 5000, ""solver"": ""lbfgs""}",0ec0160f1649f42124ca093cb28e50d00a77309027bbdbb0b9ac6257ff1aa269,0.0346510795903455,0.3743895780428579,-0.3397384984525123,0.9666666666666665,0.2466666666666666,1.0,0.25,0.1451842275972657,0.3740129542575182,5.471569982477565,5.39013354515227,-0.0814364373252951,7.105427357601002e-15,True
2,0,2,3,DDD,B,2013B,2014B,56,lightgbm,source_train_only_activity_types,11,0,,1,clicks_oucollaborate,1085,971,759,326,159,0.5299539170506913,0.5077239958805355,0.7647058823529412,0.7194446094698159,-0.0452612728831253,0.8082639800936177,0.7368951602138603,0.6078285060473172,0.8058258853456202,0.1979973792983029,0.2032872517537605,0.2580922995796609,0.0548050478259003,0.0158298386792097,0.081694446019997,-0.0018539898124245,0.0096315977678734,0.0720628482521235,0.21869735131163,0.0456684720554042,-0.0017500379099159,0.0169698598009169,0.0286986122544873,0.045601253610098,0.0168914734564282,0.0287097801536698,0.0500197460815602,0.0413171980292482,0.0220440691674862,0.0118956504343476,76,80,0.5077239958805355,target_prevalence,0.0655219919376545,0.014016443112866,0.0515055488247885,0.061784198538456,0.020557299427335,"{""class_weight"": ""balanced"", ""colsample_bytree"": 1.0, ""deterministic"": true, ""force_col_wise"": true, ""learning_rate"": 0.035, ""min_child_samples"": 12, ""n_estimators"": 180, ""n_jobs"": 1, ""num_leaves"": 15, ""objective"": ""binary"", ""reg_lambda"": 1.0, ""subsample"": 1.0, ""verbosity"": -1}",7340a032adf73dcca6285d723e7b8782f8c2625f4216107ab44a30759e1137a7,0.1701792869489737,0.1886465441006378,-0.018467257151664,0.8066666666666665,0.7066666666666666,1.0,0.6666666666666666,0.3377653820888271,0.6242737108127157,4.355106562484118,4.742121934350743,0.3870153718666245,1.021405182655144e-14,False
2,0,2,4,DDD,J,2013J,2014J,14,logistic,source_train_only_activity_types,10,0,,0,,1675,1479,1172,503,160,0.5068656716417911,0.4645030425963489,0.7127609108159393,0.6982488641877287,-0.0145120466282105,0.7200341838790121,0.6470939902923921,0.6385421105098541,0.6802633841045929,0.0417212735947387,0.2207369099618261,0.2263948984720267,0.0056579885102005,0.0067520556609741,0.012263434296708,0.0005720203174799,0.0275355051903007,-0.0152720708935927,0.2414571092636707,0.0118689205126169,0.0033718197247601,0.0318567418813001,-0.0199878213686831,0.0120468723225327,0.0318765225042244,-0.0198296501816916,0.0143754988637159,0.0093623421615179,0.032135366084205,0.0315781176783951,80,80,0.4645030425963489,target_prevalence,0.0140523836934985,0.028084244464086,-0.0140318607705874,-0.0146519658320901,-0.0012402101230053,"{""C"": 1.0, ""class_weight"": ""balanced"", ""max_iter"": 5000, ""solver"": ""lbfgs""}",0ec0160f1649f42124ca093cb28e50d00a77309027bbdbb0b9ac6257ff1aa269,0.098768564583789,0.26919925217096,-0.1704306875871709,0.8550724637681159,0.6014492753623188,0.4285714285714285,0.4285714285714285,0.3938301658976112,0.3340604053226653,4.427232492071568,4.60918983295945,0.181957340887882,7.105427357601002e-15,False
2,0,2,4,DDD,J,2013J,2014J,14,lightgbm,source_train_only_activity_types,10,0,,0,,1675,1479,1172,503,160,0.5068656716417911,0.4645030425963489,0.707416192283365,0.6825919309543764,-0.0248242613289886,0.6996944138844648,0.6456128281854503,0.6495633630832224,0.6737099098254009,0.0241465467421785,0.224989386827669,0.2339546988672256,0.0089653120395566,0.0271979759645795,0.0047508826148335,-0.0006661989728545,0.0091100676299616,-0.0043591850151281,0.29546651108919,0.0020030531605642,0.0003979620045666,0.0089656775582512,-0.0069626243976869,0.001876760163783,0.0088294772905143,-0.0069527171267312,0.0002241260916172,0.0037819802295113,0.0070471995012711,0.0108841556152313,80,80,0.4645030425963489,target_prevalence,0.008804348656528,0.0117983792581121,-0.0029940306015841,-0.0036766078083561,-0.0013651544135439,"{""class_weight"": ""balanced"", ""colsample_bytree"": 1.0, ""deterministic"": true, ""force_col_wise"": true, ""learning_rate"": 0.035, ""min_child_samples"": 12, ""n_estimators"": 180, ""n_jobs"": 1, ""num_leaves"": 15, ""objective"": ""binary"", ""reg_lambda"": 1.0, ""subsample"": 1.0, ""verbosity"": -1}",7340a032adf73dcca6285d723e7b8782f8c2625f4216107ab44a30759e1137a7,0.0901158328859669,0.2869175380869699,-0.1968017052010029,0.8623188405797101,0.4420289855072464,1.0,0.4285714285714285,0.554581345165725,0.4912704976856169,2.8075565216616414,2.884156492387812,0.0765999707261708,5.773159728050814e-15,False
2,0,2,4,DDD,J,2013J,2014J,56,logistic,source_train_only_activity_types,10,0,,0,,1574,1417,1101,473,160,0.4739517153748411,0.4410726887791108,0.7332544463568559,0.7436646464646465,0.0104102001077905,0.7396760361469518,0.686948908197579,0.6385246206854779,0.6682807977824831,0.0297561770970051,0.2143877882838797,0.2220431199485113,0.0076553316646316,0.0179109294320137,0.0261221223891073,-0.0017059386405059,0.0085024034418434,0.0176197189472638,0.188133502305409,0.0261219130798956,0.0004970570096862,0.0159572734966761,0.0101646395832195,0.0263739559946459,0.0156209595174649,0.0107529964771809,0.0282605047577471,0.0239833214020442,0.0131036393137888,0.0188109076795633,80,80,0.4410726887791108,target_prevalence,0.0314196884291314,0.0092762838255663,0.022143404603565,0.0198815617754144,-0.0045236856563011,"{""C"": 1.0, ""class_weight"": ""balanced"", ""max_iter"": 5000, ""solver"": ""lbfgs""}",0ec0160f1649f42124ca093cb28e50d00a77309027bbdbb0b9ac6257ff1aa269,0.0614173667084271,0.2881425707104414,-0.2267252040020143,0.9057971014492754,0.572463768115942,1.0,0.4285714285714285,0.2840203274336139,0.8424887133334876,5.652830763366542,5.300521911608863,-0.3523088517576793,3.552713678800501e-15,True
2,0,2,4,DDD,J,2013J,2014J,56,lightgbm,source_train_only_activity_types,10,0,,0,,1574,1417,1101,473,160,0.4739517153748411,0.4410726887791108,0.7494083476764198,0.6695272727272727,-0.079881074949147,0.7602111208374012,0.650391630716259,0.617607837174932,0.8790308775076735,0.2614230403327415,0.2084534423914499,0.3169530869984907,0.1084996446070407,0.000340648307516,0.2712713879567202,0.0015553077608978,0.0101267245229783,0.2611446634337419,0.2614919254422115,0.3259711261143758,-0.0005766258463418,0.0109451453246512,0.3150259807897245,0.3457771659682184,0.01085744099156,0.3349197249766584,0.4940259672694351,0.1579162849593164,0.0102009714324937,0.0116893192168087,80,80,0.4410726887791108,target_prevalence,0.1426820636927434,0.0138613121913973,0.128820751501346,0.1949827074675439,0.1323239119323958,"{""class_weight"": ""balanced"", ""colsample_bytree"": 1.0, ""deterministic"": true, ""force_col_wise"": true, ""learning_rate"": 0.035, ""min_child_samples"": 12, ""n_estimators"": 180, ""n_jobs"": 1, ""num_leaves"": 15, ""objective"": ""binary"", ""reg_lambda"": 1.0, ""subsample"": 1.0, ""verbosity"": -1}",7340a032adf73dcca6285d723e7b8782f8c2625f4216107ab44a30759e1137a7,0.1452710278771407,0.2004096978986575,-0.0551386700215167,0.8695652173913043,0.6884057971014493,1.0,0.4285714285714285,0.7984752741733938,0.396577915730502,3.645282107860522,4.187778966012641,0.5424968581521186,7.105427357601002e-15,False
2,0,2,5,EEE,J,2013J,2014J,14,logistic,source_train_only_activity_types,9,0,,2,clicks_ouwiki|clicks_page,933,1027,653,280,138,0.3483386923901393,0.3339824732229795,0.6817111459968603,0.7055649327400132,0.0238537867431528,0.459861887151884,0.5303370018831634,0.6913209409611752,0.653611120059787,-0.0377098209013881,0.2349987499875724,0.2181985016864047,-0.0168002483011676,0.0383494056963443,0.0089649568235155,-0.0006711089870742,0.0269783068678117,-0.0180133500442962,0.3250389117489716,-0.0010921212287906,0.0013473528067458,0.0466682558780019,-0.0477603771067925,0.000304974812116,0.0388355220649305,-0.0385305472528144,0.0031155551172832,-0.0052997975748645,0.0230781748632677,0.0702583368927362,80,49,0.3339824732229795,target_prevalence,0.0045184217371439,0.0248593459825488,-0.0203409242454049,-0.0191771371448505,0.0023275742011086,"{""C"": 1.0, ""class_weight"": ""balanced"", ""max_iter"": 5000, ""solver"": ""lbfgs""}",0ec0160f1649f42124ca093cb28e50d00a77309027bbdbb0b9ac6257ff1aa269,0.1061788805042724,0.3487758444355137,-0.2425969639312412,0.857707509881423,0.5019762845849802,0.6666666666666666,0.25,0.2722371603764861,0.6346243071785306,4.407548659305782,5.152240724488803,0.7446920651830213,2.664535259100376e-15,False
2,0,2,5,EEE,J,2013J,2014J,14,lightgbm,source_train_only_activity_types,9,0,,2,clicks_ouwiki|clicks_page,933,1027,653,280,138,0.3483386923901393,0.3339824732229795,0.6723480601031622,0.6734480759722435,0.0011000158690813,0.549970915328439,0.5073853208712524,0.6849899158827597,0.6608008764351344,-0.0241890394476252,0.2315330494544751,0.2244480854242149,-0.0070849640302601,0.0073446961202062,0.007534254352732,0.0001057311158422,0.006044110577996,0.0014901437747359,0.2857850768710181,0.0031796862701122,-0.0027078304439885,0.0054797702134808,-0.0023000839433686,0.0041453836419974,0.0045387830852367,-0.0003933994432393,0.0060881062141771,0.0002712663260473,0.0026457708565698,0.0083137695703918,80,49,0.3339824732229795,target_prevalence,0.0006875175622567,0.005399253833072,-0.0047117362708152,-0.0016107962480396,0.0062018800455512,"{""class_weight"": ""balanced"", ""colsample_bytree"": 1.0, ""deterministic"": true, ""force_col_wise"": true, ""learning_rate"": 0.035, ""min_child_samples"": 12, ""n_estimators"": 180, ""n_jobs"": 1, ""num_leaves"": 15, ""objective"": ""binary"", ""reg_lambda"": 1.0, ""subsample"": 1.0, ""verbosity"": -1}",7340a032adf73dcca6285d723e7b8782f8c2625f4216107ab44a30759e1137a7,0.0735906697469503,0.2274900092843735,-0.1538993395374231,0.857707509881423,0.6205533596837944,0.6666666666666666,0.1111111111111111,0.652296938224531,0.5412310756837714,4.086715432490929,4.077692547061413,-0.0090228854295162,7.993605777301127e-15,True
2,0,2,5,EEE,J,2013J,2014J,56,logistic,source_train_only_activity_types,9,0,,2,clicks_ouwiki|clicks_page,906,997,634,272,134,0.3278145695364238,0.3139418254764293,0.7399152698471173,0.7635922874278347,0.0236770175807173,0.5836490297357572,0.6300199464674767,0.6056023545605014,0.5997603509385934,-0.005842003621908,0.1993031753410604,0.2051497949054616,0.0058466195644011,0.0187265917602995,0.0113154110398023,0.0021091711510515,0.0121074655028593,-0.0007920544630569,0.2054732860926272,0.0054787704462833,-0.0007481504362835,0.0187489993354656,-0.0132702288891823,0.0063209364384841,0.0145005857982139,-0.0081796493597298,0.0077419496759981,0.0032155912165685,0.0073321036571909,0.0301658950137403,80,44,0.3139418254764293,target_prevalence,0.0057642664485282,0.0104080650064979,-0.0046437985579697,-0.0027179265105133,0.0038517440949127,"{""C"": 1.0, ""class_weight"": ""balanced"", ""max_iter"": 5000, ""solver"": ""lbfgs""}",0ec0160f1649f42124ca093cb28e50d00a77309027bbdbb0b9ac6257ff1aa269,0.0634674491517343,0.3377931228085706,-0.2743256736568362,0.8893280632411068,0.4071146245059288,0.6666666666666666,0.6666666666666666,0.4605388083707764,0.69322492153557,4.933705223937567,5.028645005140123,0.094939781202556,3.552713678800501e-15,False
2,0,2,5,EEE,J,2013J,2014J,56,lightgbm,source_train_only_activity_types,9,0,,2,clicks_ouwiki|clicks_page,906,997,634,272,134,0.3278145695364238,0.3139418254764293,0.7195309142260699,0.7646992881564935,0.0451683739304236,0.6154631313505292,0.673649437249906,0.6374828985443631,0.563535911154177,-0.0739469873901861,0.2094127984027405,0.1840298724618943,-0.0253829259408461,0.0060784674894087,0.0117507581420214,0.0019956969358655,0.0093964838918083,0.0023542742502131,0.2867471651361769,0.013299717265866,0.007924588579509,0.0181324122025173,-0.0048326949366512,0.0125620509672426,0.0142093495289321,-0.0016472985616894,0.0113173633582447,0.0152820711734872,0.0075898421605647,0.0286749822444698,80,44,0.3139418254764293,target_prevalence,0.0012023746638981,0.0080648954989394,-0.0068625208350412,-0.002254123292414,0.0092167950852543,"{""class_weight"": ""balanced"", ""colsample_bytree"": 1.0, ""deterministic"": true, ""force_col_wise"": true, ""learning_rate"": 0.035, ""min_child_samples"": 12, ""n_estimators"": 180, ""n_jobs"": 1, ""num_leaves"": 15, ""objective"": ""binary"", ""reg_lambda"": 1.0, ""subsample"": 1.0, ""verbosity"": -1}",7340a032adf73dcca6285d723e7b8782f8c2625f4216107ab44a30759e1137a7,0.088285117932218,0.2056393369522291,-0.1173542190200111,0.8095238095238095,0.5227733021739331,1.0,0.6666666666666666,0.5958164218110208,0.50098973020023,3.8506686101746648,3.8431041886232578,-0.007564421551407,9.769962616701378e-15,False
2,0,2,6,FFF,B,2013B,2014B,14,logistic,source_train_only_activity_types,13,0,,1,clicks_oucollaborate,1520,1309,1064,456,160,0.4861842105263158,0.5011459129106188,0.7405482405482405,0.6852005752063646,-0.0553476653418759,0.718447748644619,0.6413832530084149,0.688564353301369,0.7242041160587925,0.0356397627574235,0.212794189411262,0.2365185394289047,0.0237243500176426,0.0063910063910063,0.0082211729636719,-0.0006810719785182,0.0126292899944936,-0.0044081170308217,0.1684029274873636,0.0108120598565173,-0.0021189243094398,0.0162660388006348,-0.0054539789441175,0.0107812166326162,0.016289691954332,-0.0055084753217157,0.0242699865520254,-0.0026458668389907,0.0059453794041198,0.0265866981971498,80,80,0.5011459129106188,target_prevalence,0.0056566721245347,0.0146509090333583,-0.0089942369088235,-0.0067011769698226,0.0045861198780018,"{""C"": 1.0, ""class_weight"": ""balanced"", ""max_iter"": 5000, ""solver"": ""lbfgs""}",0ec0160f1649f42124ca093cb28e50d00a77309027bbdbb0b9ac6257ff1aa269,0.0597646266320608,0.2517507334485036,-0.1919861068164427,0.8632478632478634,0.5270655270655271,0.6666666666666666,0.6666666666666666,0.8217897409280126,0.578113409245459,5.960346220215223,5.295800551603523,-0.6645456686117006,1.4210854715202004e-14,False
2,0,2,6,FFF,B,2013B,2014B,14,lightgbm,source_train_only_activity_types,13,0,,1,clicks_oucollaborate,1520,1309,1064,456,160,0.4861842105263158,0.5011459129106188,0.7473434973434974,0.6741434934448884,-0.0732000038986089,0.7593850917266907,0.6501251450351101,0.6132387424324763,0.7001046929859163,0.0868659505534399,0.2085061090412565,0.2419479830165652,0.0334418739753087,0.0055055055055055,0.0026001888500077,-1.7411511998410845e-05,0.0086610486895447,-0.0060608598395369,0.2616665826350081,0.0090448360068416,0.001686525959696,0.0106583070674815,-0.0016134710606399,0.0090331022767674,0.0106641422536243,-0.0016310399768569,0.0141646535625254,0.0039250184511577,0.0081122208471541,0.0132043932878089,80,80,0.5011459129106188,target_prevalence,0.0025073123398781,0.0068540781834977,-0.0043467658436195,-0.0052038128415782,-0.0017140939959174,"{""class_weight"": ""balanced"", ""colsample_bytree"": 1.0, ""deterministic"": true, ""force_col_wise"": true, ""learning_rate"": 0.035, ""min_child_samples"": 12, ""n_estimators"": 180, ""n_jobs"": 1, ""num_leaves"": 15, ""objective"": ""binary"", ""reg_lambda"": 1.0, ""subsample"": 1.0, ""verbosity"": -1}",7340a032adf73dcca6285d723e7b8782f8c2625f4216107ab44a30759e1137a7,0.0473180806169969,0.2285841583171532,-0.1812660777001563,0.9428571428571428,0.5199999999999999,0.6666666666666666,0.4285714285714285,0.9132489934470152,0.5693186292623725,3.2803656752485635,3.2679229738772007,-0.0124427013713628,7.993605777301127e-15,False
2,0,2,6,FFF,B,2013B,2014B,56,logistic,source_train_only_activity_types,13,0,,1,clicks_oucollaborate,1407,1257,984,423,160,0.4442075337597725,0.4797136038186158,0.7734268899954729,0.744539281168064,-0.0288876088274089,0.735285396618165,0.6778348847678629,0.5995283226503084,0.7108413893015099,0.1113130666512014,0.198358715335226,0.2268666484348305,0.0285079330996045,0.0031009506564056,0.0344455436915742,-0.0018312192177887,0.0109815851332082,0.0234639585583659,0.1793208507423887,0.0258304002715711,-0.0016569486879333,0.0173061547630116,0.0085242455085595,0.0261491264153417,0.0170285320572749,0.0091205943580668,0.0336860622856822,0.0179747382574601,0.0104635716039717,0.0241487379220515,80,80,0.4797136038186158,target_prevalence,0.0369192293788255,0.0100513266053849,0.0268679027734406,0.0251659306659032,-0.0034039442150747,"{""C"": 1.0, ""class_weight"": ""balanced"", ""max_iter"": 5000, ""solver"": ""lbfgs""}",0ec0160f1649f42124ca093cb28e50d00a77309027bbdbb0b9ac6257ff1aa269,0.0517015286043008,0.2941326581147407,-0.2424311295104399,0.9259259259259262,0.4131054131054132,0.6666666666666666,0.4285714285714285,0.2404934871570325,0.7798901730155038,7.029038942426955,7.427331706520266,0.3982927640933109,2.8421709430404014e-14,False
2,0,2,6,FFF,B,2013B,2014B,56,lightgbm,source_train_only_activity_types,13,0,,1,clicks_oucollaborate,1407,1257,984,423,160,0.4442075337597725,0.4797136038186158,0.7753055681303757,0.771945572849311,-0.0033599952810646,0.7574135618924291,0.7492666974526851,0.595727661216855,0.6225464933584596,0.0268188321416045,0.1971629274812026,0.2051349782980304,0.0079720508168278,0.0066545948392937,0.0585253460666633,-5.435642034506971e-05,0.0112132379442368,0.0473121081224265,0.2279633070218257,0.0577218206166997,-0.0011466119374834,0.0154672173697347,0.042254603246965,0.0586643572527313,0.0156412585437224,0.0430230987090088,0.0809525765283008,0.0344910647050987,0.0197568204227274,0.0111776143167419,80,80,0.4797136038186158,target_prevalence,0.0758196027937596,0.0083085386215072,0.0675110641722523,0.0574115861473394,-0.0201989560498258,"{""class_weight"": ""balanced"", ""colsample_bytree"": 1.0, ""deterministic"": true, ""force_col_wise"": true, ""learning_rate"": 0.035, ""min_child_samples"": 12, ""n_estimators"": 180, ""n_jobs"": 1, ""num_leaves"": 15, ""objective"": ""binary"", ""reg_lambda"": 1.0, ""subsample"": 1.0, ""verbosity"": -1}",7340a032adf73dcca6285d723e7b8782f8c2625f4216107ab44a30759e1137a7,0.1093665761016623,0.234378793114276,-0.1250122170126137,0.8860398860398863,0.6276753890160056,0.6666666666666666,0.6666666666666666,0.2839959472472618,0.5271016275746749,4.1507034476975,4.322984136815973,0.1722806891184722,6.217248937900877e-15,True
2,0,2,7,FFF,J,2013J,2014J,14,logistic,source_train_only_activity_types,13,0,,1,clicks_htmlactivity,1998,1886,1398,600,160,0.4519519519519519,0.4077412513255567,0.7182112854563196,0.7396670209657347,0.021455735509415,0.6832586188637846,0.6309650449180896,0.6336296630283798,0.6114325750615138,-0.0221970879668659,0.2173653428387786,0.2076381557792963,-0.0097271870594822,0.0043181282876658,0.0127264881285659,-0.0020337971004958,0.0024401242990167,0.0102863638295491,0.1562933400967013,0.0215165965942432,0.0038604977949768,0.0091856750262187,0.0123309215680245,0.0227601071025014,0.0101891082536154,0.0125709988488859,0.0282558518200333,0.0147773413684532,0.0146238217700988,0.0037475282823387,80,80,0.4077412513255567,target_prevalence,0.0139638575186689,0.0022214766302952,0.0117423808883736,0.0110143723589614,-0.0014560170588244,"{""C"": 1.0, ""class_weight"": ""balanced"", ""max_iter"": 5000, ""solver"": ""lbfgs""}",0ec0160f1649f42124ca093cb28e50d00a77309027bbdbb0b9ac6257ff1aa269,0.0493705375234633,0.2675017174860449,-0.2181311799625816,0.9259259259259262,0.4871794871794872,0.6666666666666666,0.4285714285714285,0.4456902056533466,0.355782386118504,3.819269862088798,3.9013149454951503,0.0820450834063524,2.220446049250313e-15,False
2,0,2,7,FFF,J,2013J,2014J,14,lightgbm,source_train_only_activity_types,13,0,,1,clicks_htmlactivity,1998,1886,1398,600,160,0.4519519519519519,0.4077412513255567,0.7120313148420236,0.7073033727486197,-0.0047279420934039,0.6861026514616617,0.6155920325006394,0.6433029175789234,0.6355760069404117,-0.0077269106385117,0.2216534887511563,0.2195205179102794,-0.0021329708408769,0.0021534561850178,0.0062327565838803,0.0008332865845149,0.0100678326857563,-0.0038350761018759,0.29903615745902,0.0044046309113015,0.0028486598457164,0.021153976281678,-0.0167493453703764,0.0046263404203229,0.02139034053051,-0.0167640001101871,0.0056061945147911,0.0032030673078119,0.0224349618371298,0.0198729907262261,80,80,0.4077412513255567,target_prevalence,0.0299221627545598,0.0179308040116658,0.011991358742894,0.004078141320509,-0.0158264348447699,"{""class_weight"": ""balanced"", ""colsample_bytree"": 1.0, ""deterministic"": true, ""force_col_wise"": true, ""learning_rate"": 0.035, ""min_child_samples"": 12, ""n_estimators"": 180, ""n_jobs"": 1, ""num_leaves"": 15, ""objective"": ""binary"", ""reg_lambda"": 1.0, ""subsample"": 1.0, ""verbosity"": -1}",7340a032adf73dcca6285d723e7b8782f8c2625f4216107ab44a30759e1137a7,0.0802566365347562,0.2760185879709843,-0.195761951436228,0.8171428571428571,0.4628571428571428,0.4285714285714285,0.25,0.904793820912552,0.6284062526179021,3.031333587189035,3.0943364775802973,0.0630028903912625,4.884981308350689e-15,False
2,0,2,7,FFF,J,2013J,2014J,56,logistic,source_train_only_activity_types,14,0,,1,clicks_htmlactivity,1915,1793,1340,575,160,0.4281984334203655,0.3770217512548801,0.7715546000444806,0.7782813220110927,0.006726721966612,0.7047408075381121,0.6807626418264674,0.5839655522425894,0.5609567658718453,-0.0230087863707441,0.1982968079879618,0.1886737957197838,-0.0096230122681779,0.0007413447994663,0.0223476835367088,-0.0013676260436529,0.0053985928130489,0.0169490907236598,0.1558350579037742,0.0273561496582687,0.0122311322084846,0.0239661781877044,0.0033899714705643,0.0286481368016809,0.0201563170229115,0.0084918197787694,0.0326090588377203,0.0221032404788172,0.0084761984405986,0.0394561579348102,80,80,0.3770217512548801,target_prevalence,0.0172779709520176,0.0060598842532446,0.0112180866987729,0.0140835887112164,0.0057310040248869,"{""C"": 1.0, ""class_weight"": ""balanced"", ""max_iter"": 5000, ""solver"": ""lbfgs""}",0ec0160f1649f42124ca093cb28e50d00a77309027bbdbb0b9ac6257ff1aa269,0.0545787042837885,0.2148189113331348,-0.1602402070493462,0.9417989417989416,0.5079365079365079,1.0,0.6666666666666666,0.4247873158861921,0.6504593956909059,4.808625695285997,4.712038808883803,-0.0965868864021937,3.3306690738754696e-15,False
2,0,2,7,FFF,J,2013J,2014J,56,lightgbm,source_train_only_activity_types,14,0,,1,clicks_htmlactivity,1915,1793,1340,575,160,0.4281984334203655,0.3770217512548801,0.7899152395779276,0.7557827390569626,-0.034132500520965,0.743228908204077,0.6958457216399275,0.5603971339233701,0.5660660565933116,0.0056689226699414,0.1868680791800493,0.1892306064917013,0.0023625273116519,0.0042194874836287,0.0462011108395702,-0.0007549215564914,0.008632764007673,0.0375683468318971,0.2409679178381585,0.0484379618088264,0.0002680170079222,0.0190854982091771,0.0293524635996493,0.0477785954632888,0.0181749807309013,0.0296036147323874,0.0457571367350194,0.0511187868826335,0.0153835529970491,0.0227874434213051,80,80,0.3770217512548801,target_prevalence,0.0275657778081727,0.0079560806936733,0.0196096971144994,0.0285890219731983,0.0179586497173977,"{""class_weight"": ""balanced"", ""colsample_bytree"": 1.0, ""deterministic"": true, ""force_col_wise"": true, ""learning_rate"": 0.035, ""min_child_samples"": 12, ""n_estimators"": 180, ""n_jobs"": 1, ""num_leaves"": 15, ""objective"": ""binary"", ""reg_lambda"": 1.0, ""subsample"": 1.0, ""verbosity"": -1}",7340a032adf73dcca6285d723e7b8782f8c2625f4216107ab44a30759e1137a7,0.1078483165400574,0.2352290490479222,-0.1273807325078647,0.8888888888888887,0.5059607087065747,0.6666666666666666,0.4285714285714285,0.9228217668175458,0.5539795659641982,3.740685936892047,4.03744247517562,0.296756538283573,7.993605777301127e-15,False
2,0,2,8,GGG,J,2013J,2014J,14,logistic,source_train_only_activity_types,6,0,,1,clicks_quiz,926,719,648,278,134,0.3606911447084233,0.3824756606397774,0.6123595505617978,0.6279279279279278,0.01556837736613,0.4877580924515301,0.5052760748065737,0.6900083097016886,0.6997210779422112,0.0097127682405225,0.2464652462148019,0.2445790856245388,-0.001886160590263,0.0191011235955056,0.0088714986981003,0.0014760089235568,0.0205992239621896,-0.0117277252640893,0.2207614691463876,0.0080520621269884,-0.0005010587858589,0.0204230997833027,-0.0123710376563143,0.0074051497050408,0.021244467243666,-0.0138393175386251,0.0052998134205962,0.0108043108333806,0.0239175566117121,0.0169286429548933,80,50,0.3824756606397774,target_prevalence,0.0124086762128434,0.015427706172008,-0.0030190299591645,-0.0073733776116269,-0.0087086953049247,"{""C"": 1.0, ""class_weight"": ""balanced"", ""max_iter"": 5000, ""solver"": ""lbfgs""}",0ec0160f1649f42124ca093cb28e50d00a77309027bbdbb0b9ac6257ff1aa269,0.0762469431731769,0.2337232050393503,-0.1574762618661734,0.9157894736842106,0.6526315789473685,1.0,0.6666666666666666,0.8234717955101313,0.1936904824800327,3.167070661708241,3.945706251988825,0.7786355902805844,5.3290705182007506e-15,False
2,0,2,8,GGG,J,2013J,2014J,14,lightgbm,source_train_only_activity_types,6,0,,1,clicks_quiz,926,719,648,278,134,0.3606911447084233,0.3824756606397774,0.5151685393258427,0.6258722358722358,0.1107036965463931,0.3649331858982614,0.5043824868156919,0.8442558365430103,0.7951494935981706,-0.0491063429448397,0.294828374298778,0.2759454542221549,-0.0188829200766231,0.0024157303370786,0.0292180587630832,0.0013638329999137,0.0145327409135974,0.0146853178494857,0.2948582249918195,0.0452946410028798,0.0004566084575009,0.0073468424086191,0.0379477985942607,0.0378513390205648,0.0071326015910289,0.0307187374295358,0.0136275751727942,0.0769617068329654,0.0064353681610019,0.0082583166562362,80,50,0.3824756606397774,target_prevalence,0.0302181487621079,0.0035072700718719,0.026710878690236,0.0206980982698609,-0.0120255608407502,"{""class_weight"": ""balanced"", ""colsample_bytree"": 1.0, ""deterministic"": true, ""force_col_wise"": true, ""learning_rate"": 0.035, ""min_child_samples"": 12, ""n_estimators"": 180, ""n_jobs"": 1, ""num_leaves"": 15, ""objective"": ""binary"", ""reg_lambda"": 1.0, ""subsample"": 1.0, ""verbosity"": -1}",7340a032adf73dcca6285d723e7b8782f8c2625f4216107ab44a30759e1137a7,0.1190539795766808,0.2025993109783619,-0.0835453314016811,0.9263157894736842,0.6631578947368422,0.6666666666666666,0.6666666666666666,0.8398554992436994,0.2730058158464021,3.1478213402203283,3.468605865095844,0.3207845248755157,9.880984919163892e-15,False
2,0,2,8,GGG,J,2013J,2014J,56,logistic,source_train_only_activity_types,6,0,,1,clicks_quiz,919,698,643,276,136,0.3558215451577802,0.3638968481375358,0.6195253382251777,0.6132599134567639,-0.0062654247684138,0.4337783678627849,0.4379860098498009,0.7181703127038541,0.7726557034592925,0.0544853907554383,0.2540384418498834,0.2632681121745043,0.0092296703246209,0.0385232744783305,0.0187891769685896,-0.0003178633090935,0.0215985169562151,-0.0028093399876255,0.251963999059394,0.0221597032545624,0.0003108439691365,0.0217013027019972,0.0004584005525651,0.0286622305929278,0.0189704375473203,0.0096917930456074,0.0460479352660312,-0.0017285287569064,0.0116689665021842,0.0317336389018101,80,49,0.3638968481375358,target_prevalence,0.0260497748754016,0.0158910321457975,0.0101587427296041,0.0036747013709893,-0.0129680827172296,"{""C"": 1.0, ""class_weight"": ""balanced"", ""max_iter"": 5000, ""solver"": ""lbfgs""}",0ec0160f1649f42124ca093cb28e50d00a77309027bbdbb0b9ac6257ff1aa269,0.103530092381708,0.2407341133909146,-0.1372040210092066,0.8105263157894737,0.6421052631578947,1.0,0.6666666666666666,0.5033219902116589,0.5653128542074899,4.096951666881026,5.3076721168842615,1.2107204500032358,4.440892098500626e-15,False
2,0,2,8,GGG,J,2013J,2014J,56,lightgbm,source_train_only_activity_types,6,0,,1,clicks_quiz,919,698,643,276,136,0.3558215451577802,0.3638968481375358,0.6423985324466865,0.6202206143151026,-0.0221779181315839,0.4608878634921107,0.47706072923699,0.6978357145129481,0.7495789245973186,0.0517432100843704,0.2440525423689439,0.261783510597419,0.0177309682284751,0.0239050676450354,0.0416783690201983,-0.000198404662966,0.0106253678305371,0.0310530011896612,0.2819270651628562,0.0456684959874168,-0.0052752531406559,0.005896815228563,0.0397716807588538,0.046753166085527,0.0051790873875195,0.0415740786980074,0.0496532314004741,0.0416837605743596,0.0032601097914663,0.0085335206656597,80,49,0.3638968481375358,target_prevalence,0.0212209141008799,0.0084147246568971,0.0128061894439828,0.021929595316822,0.0182468117456783,"{""class_weight"": ""balanced"", ""colsample_bytree"": 1.0, ""deterministic"": true, ""force_col_wise"": true, ""learning_rate"": 0.035, ""min_child_samples"": 12, ""n_estimators"": 180, ""n_jobs"": 1, ""num_leaves"": 15, ""objective"": ""binary"", ""reg_lambda"": 1.0, ""subsample"": 1.0, ""verbosity"": -1}",7340a032adf73dcca6285d723e7b8782f8c2625f4216107ab44a30759e1137a7,0.1347886520203403,0.2114116524785388,-0.0766230004581985,0.8842105263157894,0.6105263157894737,1.0,0.25,0.2778813157641,0.3151815271501325,3.044205221043116,3.4807963649743154,0.4365911439311998,7.993605777301127e-15,True
3,0,3,0,AAA,J,2013J,2014J,14,logistic,source_train_only_activity_types,9,0,,0,,370,350,259,111,53,0.2486486486486486,0.2771428571428571,0.601118760757315,0.6066989935210465,0.0055802327637315,0.3170601197794184,0.3729594593974542,0.7841612578397537,0.8023245444512457,0.018163286611492,0.2554225017215257,0.2572916960171483,0.0018691942956226,0.0245266781411359,-0.0001991277379829,-0.0004929490726295,0.0186462274507188,-0.0188453551887017,0.3027579979195557,-0.0072898555308711,-0.0087335744609159,0.0248919685589065,-0.0321818240897776,-0.0076995423980575,0.0174343497264061,-0.0251338921244636,-0.0082090247841739,-0.0063706862775682,0.0081601314347068,0.0416238056831061,41,14,0.2771428571428571,target_prevalence,0.0053410697722443,0.0115303642512485,-0.0061892944790042,-0.012517324833853,-0.0126560607096975,"{""C"": 1.0, ""class_weight"": ""balanced"", ""max_iter"": 5000, ""solver"": ""lbfgs""}",0ec0160f1649f42124ca093cb28e50d00a77309027bbdbb0b9ac6257ff1aa269,0.0838368121610466,0.3580035987234362,-0.2741667865623896,0.8814229249011858,0.3122529644268775,0.6666666666666666,0.6666666666666666,0.7894246565013179,0.6625277356600225,5.74544610152663,6.60234233440658,0.8568962328799499,3.996802888650564e-15,False
3,0,3,0,AAA,J,2013J,2014J,14,lightgbm,source_train_only_activity_types,9,0,,0,,370,350,259,111,53,0.2486486486486486,0.2771428571428571,0.5826161790017211,0.5597163929750214,-0.0228997860266997,0.3745726223483961,0.3621887946177669,0.6937600749160934,0.7233929463344969,0.0296328714184035,0.234532953747783,0.232805980637731,-0.001726973110052,0.0783132530120481,-0.004276236653464,-0.0014055284954105,0.0055626467632459,-0.00983888341671,0.326016188230042,-0.0053815869647163,0.0052773679130007,0.0099701945381601,-0.0153517815028764,0.0006031816800032,0.010280423091207,-0.0096772414112037,0.008045778584334,-0.0188089525137666,0.0106662201379448,0.0092741689383754,41,14,0.2771428571428571,target_prevalence,-0.0069374118621386,0.0106535177880485,-0.0175909296501872,-0.0137149065334486,0.0077520462334771,"{""class_weight"": ""balanced"", ""colsample_bytree"": 1.0, ""deterministic"": true, ""force_col_wise"": true, ""learning_rate"": 0.035, ""min_child_samples"": 12, ""n_estimators"": 180, ""n_jobs"": 1, ""num_leaves"": 15, ""objective"": ""binary"", ""reg_lambda"": 1.0, ""subsample"": 1.0, ""verbosity"": -1}",7340a032adf73dcca6285d723e7b8782f8c2625f4216107ab44a30759e1137a7,0.0493568496874009,0.3492926125726337,-0.2999357628852328,0.9285714285714284,0.364357150000014,0.6666666666666666,0.4285714285714285,0.8247305634300854,0.7210985295826209,3.822712370232265,3.714271322486325,-0.1084410477459396,7.993605777301127e-15,False
3,0,3,0,AAA,J,2013J,2014J,56,logistic,source_train_only_activity_types,9,0,,0,,365,342,255,110,52,0.2383561643835616,0.260233918128655,0.6282051282051282,0.6243282852955545,-0.0038768429095736,0.47365584869182,0.3697406510786888,0.8010275289593847,1.06201275155124,0.2609852225918552,0.275237413330461,0.3023446766877043,0.0271072633572432,0.0842490842490841,-0.003234940437874,-0.0047130096699123,0.0416325857319365,-0.0448675261698106,0.3420808733174789,0.0073241173277269,7.971528870753808e-05,0.0614783484261333,-0.0541542310984063,0.0060246487473562,0.0446952973206771,-0.0386706485733209,0.0046142499223196,0.0100339847331342,0.0264795467306089,0.0964771501216577,42,13,0.260233918128655,target_prevalence,-0.0042184285915937,0.0382375587340973,-0.042455987325691,-0.0436617567477508,-0.0024115388441195,"{""C"": 1.0, ""class_weight"": ""balanced"", ""max_iter"": 5000, ""solver"": ""lbfgs""}",0ec0160f1649f42124ca093cb28e50d00a77309027bbdbb0b9ac6257ff1aa269,0.055263942124384,0.3420248422698652,-0.2867609001454811,0.9130434782608696,0.3359683794466403,1.0,0.4285714285714285,0.9088815944611676,0.6562351104196714,10.08664806398235,9.915103592048936,-0.1715444719334158,5.773159728050814e-15,False
3,0,3,0,AAA,J,2013J,2014J,56,lightgbm,source_train_only_activity_types,9,0,,0,,365,342,255,110,52,0.2383561643835616,0.260233918128655,0.6618589743589743,0.6656304125771639,0.0037714382181895,0.4139203193787498,0.3931931735878473,0.6946980538832449,0.7210082222849288,0.0263101684016838,0.2192935501232351,0.2271933012989919,0.0078997511757567,0.1765109890109889,0.0009189752533906,-0.0055975282373594,0.0067771015716702,-0.0058581263182795,0.3158923068740223,-0.0097294853466669,-0.0173683501713727,0.0055055458638325,-0.0152350312104994,-0.0066103490793124,0.0090820837239681,-0.0156924328032805,-0.003224945081818,-0.0162340256115157,0.0129639357916762,-0.001952844064011,42,13,0.260233918128655,target_prevalence,0.002999249802501,0.0038276005439175,-0.0008283507414165,-0.003343238529848,-0.005029775576863,"{""class_weight"": ""balanced"", ""colsample_bytree"": 1.0, ""deterministic"": true, ""force_col_wise"": true, ""learning_rate"": 0.035, ""min_child_samples"": 12, ""n_estimators"": 180, ""n_jobs"": 1, ""num_leaves"": 15, ""objective"": ""binary"", ""reg_lambda"": 1.0, ""subsample"": 1.0, ""verbosity"": -1}",7340a032adf73dcca6285d723e7b8782f8c2625f4216107ab44a30759e1137a7,0.0642598168934747,0.2726297974394947,-0.20836998054602,0.8730158730158729,0.4462186808181736,0.6666666666666666,0.6666666666666666,0.8849207187576776,0.8492990264633353,4.725617614508523,4.729715027861617,0.0040974133530937,6.661338147750939e-15,False
3,0,3,1,BBB,B,2013B,2014B,14,logistic,source_train_only_activity_types,10,0,,1,clicks_oucollaborate,1606,1289,1124,482,160,0.5006226650062267,0.4375484871993794,0.6880391177837848,0.6350843727072635,-0.0529547450765213,0.7065037723485472,0.5464931538502575,0.6831634105137038,0.8072146441744784,0.1240512336607746,0.2336438690578934,0.2751123394818426,0.0414684704239491,0.0054234603398701,0.0185781183785279,-0.0022670190309705,0.0044464415418913,0.0141316768366365,0.1793967770335048,0.0269099787717536,0.0003442509675612,0.0085625157955667,0.0183474629761868,0.0300708873584516,0.0087247176038566,0.021346169754595,0.052216880437926,0.0016030771055812,0.0098611377265333,0.0072638938646001,80,80,0.4375484871993794,target_prevalence,0.008907720186031,0.0030111831030764,0.0058965370829546,0.0100141069597955,0.0082351397536819,"{""C"": 1.0, ""class_weight"": ""balanced"", ""max_iter"": 5000, ""solver"": ""lbfgs""}",0ec0160f1649f42124ca093cb28e50d00a77309027bbdbb0b9ac6257ff1aa269,0.1889358295844236,0.2436355002669787,-0.0546996706825551,0.7971014492753623,0.5144927536231884,0.6666666666666666,0.6666666666666666,0.7827801546452887,0.7751343094517389,5.044941366034314,5.509274375182489,0.4643330091481754,3.552713678800501e-15,False
3,0,3,1,BBB,B,2013B,2014B,14,lightgbm,source_train_only_activity_types,10,0,,1,clicks_oucollaborate,1606,1289,1124,482,160,0.5006226650062267,0.4375484871993794,0.710852085880064,0.667695035460993,-0.043157050419071,0.7048269696400348,0.6134181251417489,0.667147842465196,0.7471523746574874,0.0800045321922914,0.2304562448536816,0.2620298634232034,0.0315736185695217,0.0035209448873124,0.0079966238763212,0.0006495700536872,0.023529243166311,-0.0155326192899898,0.3389996709622639,0.0052631133009111,-0.003876904522763,0.0309416893957728,-0.0256785760948616,0.0053232334980308,0.0289013437863752,-0.0235781102883443,0.0057444482952415,0.0047817783065808,0.014606251566496,0.0472771272250496,80,80,0.4375484871993794,target_prevalence,0.0182773143440017,0.020053476767348,-0.0017761624233463,-0.008654390856668,-0.0137564568666435,"{""class_weight"": ""balanced"", ""colsample_bytree"": 1.0, ""deterministic"": true, ""force_col_wise"": true, ""learning_rate"": 0.035, ""min_child_samples"": 12, ""n_estimators"": 180, ""n_jobs"": 1, ""num_leaves"": 15, ""objective"": ""binary"", ""reg_lambda"": 1.0, ""subsample"": 1.0, ""verbosity"": -1}",7340a032adf73dcca6285d723e7b8782f8c2625f4216107ab44a30759e1137a7,0.0610575206424912,0.3250379462547151,-0.2639804256122238,0.9420289855072465,0.6159420289855072,0.6666666666666666,0.4285714285714285,0.8429031549401735,0.5993319141942797,3.038302944965789,2.9718595002996864,-0.0664434446661021,5.3290705182007506e-15,False
3,0,3,1,BBB,B,2013B,2014B,56,logistic,source_train_only_activity_types,10,0,,1,clicks_oucollaborate,1470,1247,1029,441,160,0.454421768707483,0.4170008019246191,0.7571784232365145,0.7087556872288647,-0.0484227360076497,0.7491550931971229,0.6315583814477123,0.5765368121529114,0.7150445645308997,0.1385077523779883,0.1980770445582898,0.2478845866540296,0.0498075420957398,0.0095435684647303,0.0209881818643953,-0.0019354829720316,0.0051830421190396,0.0158051397453556,0.1719271499074411,0.0354554180449129,-0.000785634996973,0.0120177549200214,0.0234376631248915,0.0392382348880176,0.010329285789791,0.0289089490982265,0.0582436914910557,0.0126671445987701,0.001846155860131,0.0221893539799117,80,80,0.4170008019246191,target_prevalence,0.0351292405458956,0.006975728739839,0.0281535118060565,0.0219793257757061,-0.0123483720607008,"{""C"": 1.0, ""class_weight"": ""balanced"", ""max_iter"": 5000, ""solver"": ""lbfgs""}",0ec0160f1649f42124ca093cb28e50d00a77309027bbdbb0b9ac6257ff1aa269,0.1780361936892592,0.2550303604801077,-0.0769941667908484,0.8405797101449275,0.5507246376811594,0.6666666666666666,0.6666666666666666,0.6723433948365604,0.5224340827559684,3.9500946842455584,4.466496999716092,0.516402315470534,3.552713678800501e-15,False
3,0,3,1,BBB,B,2013B,2014B,56,lightgbm,source_train_only_activity_types,10,0,,1,clicks_oucollaborate,1470,1247,1029,441,160,0.454421768707483,0.4170008019246191,0.7395850622406639,0.752169082636758,0.012584020396094,0.7564889529771504,0.7385432244048697,0.5932976015982241,0.5852240220885138,-0.0080735795097103,0.2038043901337972,0.2002659977743447,-0.0035383923594524,0.0152282157676348,0.0130563374534174,0.0002311582950768,0.0158223692191394,-0.002766031765722,0.2515034734187694,0.0158449342303599,-0.002511207006694,0.021927349059485,-0.0060824148291251,0.0180356327020643,0.0219761232536305,-0.0039404905515661,0.0290420404826081,0.0026478279781116,0.0222211723449893,0.0216335257739807,80,80,0.4170008019246191,target_prevalence,0.0218205237407022,0.0126987087134381,0.0091218150272641,0.003177891630771,-0.0118878467929861,"{""class_weight"": ""balanced"", ""colsample_bytree"": 1.0, ""deterministic"": true, ""force_col_wise"": true, ""learning_rate"": 0.035, ""min_child_samples"": 12, ""n_estimators"": 180, ""n_jobs"": 1, ""num_leaves"": 15, ""objective"": ""binary"", ""reg_lambda"": 1.0, ""subsample"": 1.0, ""verbosity"": -1}",7340a032adf73dcca6285d723e7b8782f8c2625f4216107ab44a30759e1137a7,0.0632433643021141,0.2436641610737966,-0.1804207967716825,0.9202898550724636,0.5797101449275361,0.6666666666666666,0.6666666666666666,0.3950952138874637,0.6690668223429677,3.5850403434790943,3.6157019409217614,0.030661597442668,8.437694987151191e-15,False
3,0,3,2,BBB,J,2013J,2014J,14,logistic,source_train_only_activity_types,10,0,,0,,1851,1791,1295,556,160,0.4219340896812534,0.3618090452261306,0.7212964804136011,0.6639360087705086,-0.0573604716430924,0.6652858548097647,0.5262421563869253,0.6138967305275315,0.6628286736036263,0.0489319430760948,0.2119116269468329,0.2305812679583423,0.0186696410115094,0.012474315635978,0.023353632893827,0.0015298742592522,0.0098899993639299,0.013463633529897,0.1818327013946633,0.0321741757923933,-0.0029362440342337,0.0124965550423797,0.0196776207500135,0.0343982067012156,0.0119617902201497,0.0224364164810658,0.0402211239897686,0.024127227595018,0.0105616786855839,0.0144314313991755,80,80,0.3618090452261306,target_prevalence,0.0098522077906706,0.0108936567590691,-0.0010414489683984,0.0062110922807492,0.0145050824982955,"{""C"": 1.0, ""class_weight"": ""balanced"", ""max_iter"": 5000, ""solver"": ""lbfgs""}",0ec0160f1649f42124ca093cb28e50d00a77309027bbdbb0b9ac6257ff1aa269,0.1884586334227055,0.2805085838546079,-0.0920499504319023,0.7971014492753623,0.5579710144927535,0.6666666666666666,0.6666666666666666,0.6865458293464201,0.611499982649434,3.758480450299177,4.152019357624424,0.3935389073252464,2.664535259100376e-15,False
3,0,3,2,BBB,J,2013J,2014J,14,lightgbm,source_train_only_activity_types,10,0,,0,,1851,1791,1295,556,160,0.4219340896812534,0.3618090452261306,0.7214025319811758,0.6463099327090286,-0.0750925992721471,0.628412188358061,0.498548903688674,0.6173708207230927,0.6528200512203807,0.0354492304972879,0.2131494795867671,0.228974880128013,0.0158254005412458,0.0055345661828063,0.0077972422824054,3.539997684870455e-05,0.0037629393617737,0.0040343029206316,0.2606541761130466,0.0138752177704573,0.0007527481082559,0.0041960778058022,0.0096791399646551,0.0132801574533413,0.0039565934793538,0.0093235639739875,0.0117221813503466,0.016028254190568,0.003329579970107,0.0050625756414974,80,80,0.3618090452261306,target_prevalence,0.0382631580606881,0.0040267243029132,0.0342364337577749,0.0191353683392032,-0.0302021308371432,"{""class_weight"": ""balanced"", ""colsample_bytree"": 1.0, ""deterministic"": true, ""force_col_wise"": true, ""learning_rate"": 0.035, ""min_child_samples"": 12, ""n_estimators"": 180, ""n_jobs"": 1, ""num_leaves"": 15, ""objective"": ""binary"", ""reg_lambda"": 1.0, ""subsample"": 1.0, ""verbosity"": -1}",7340a032adf73dcca6285d723e7b8782f8c2625f4216107ab44a30759e1137a7,0.1282568841569609,0.1658686976665278,-0.0376118135095669,0.7608695652173914,0.7101449275362319,0.6666666666666666,0.6666666666666666,0.7268976425764303,0.5891170381449413,2.710101391544569,2.734105899342038,0.0240045077974686,5.551115123125783e-15,False
3,0,3,2,BBB,J,2013J,2014J,56,logistic,source_train_only_activity_types,10,0,,0,,1785,1750,1249,536,160,0.3994397759103641,0.3417142857142857,0.7342833923492192,0.6846940612225938,-0.0495893311266254,0.662318686713104,0.5481001206440776,0.6074664642496508,0.9005379521179016,0.2930714878682507,0.2096109411003789,0.2358645878875188,0.0262536467871399,0.0082138503511929,0.1470672340182415,0.0002336512882621,0.0042582796764765,0.1428089543417649,0.1542170163271656,0.1450355277861273,-0.0005401258996663,0.0030146741244531,0.1420208536616742,0.1543341714083582,0.0018275145951564,0.1525066568132017,0.1744084995170009,0.1156625560552538,-0.0007353785402925,0.0067647267891987,80,80,0.3417142857142857,target_prevalence,0.0566398577071199,0.006019974625096,0.0506198830820239,0.0967144187118944,0.0921890712597409,"{""C"": 1.0, ""class_weight"": ""balanced"", ""max_iter"": 5000, ""solver"": ""lbfgs""}",0ec0160f1649f42124ca093cb28e50d00a77309027bbdbb0b9ac6257ff1aa269,0.376717216947362,0.2640712840334216,0.1126459329139404,0.7246376811594203,0.5144927536231884,0.4285714285714285,0.4285714285714285,0.1680908329929074,0.1143730690424315,4.244525970855607,6.873832369039623,2.629306398184016,7.105427357601002e-15,False
3,0,3,2,BBB,J,2013J,2014J,56,lightgbm,source_train_only_activity_types,10,0,,0,,1785,1750,1249,536,160,0.3994397759103641,0.3417142857142857,0.7549776513612353,0.6713683923262728,-0.0836092590349625,0.7248951559803286,0.5345522060757085,0.5704786759165517,0.8288011982463873,0.2583225223298356,0.1926825585668498,0.2784619288495338,0.085779370282684,0.0008417019794509,0.1264596793263364,-0.0028381298649609,0.0052921812152775,0.1211674981110588,0.240584441704681,0.0877347487923487,-0.0047043788753343,0.0047532798952852,0.0829814688970634,0.0998733655599399,0.0062352089723385,0.0936381565876013,0.1260787548271585,0.0493907427575389,0.0094344638029446,7.209598762591973e-05,80,80,0.3417142857142857,target_prevalence,0.1446365633511648,0.0059194597320437,0.138717103619121,0.1299423008650899,-0.0175496055080621,"{""class_weight"": ""balanced"", ""colsample_bytree"": 1.0, ""deterministic"": true, ""force_col_wise"": true, ""learning_rate"": 0.035, ""min_child_samples"": 12, ""n_estimators"": 180, ""n_jobs"": 1, ""num_leaves"": 15, ""objective"": ""binary"", ""reg_lambda"": 1.0, ""subsample"": 1.0, ""verbosity"": -1}",7340a032adf73dcca6285d723e7b8782f8c2625f4216107ab44a30759e1137a7,0.1969166159852875,0.1470427096393241,0.0498739063459633,0.6811594202898551,0.6932860782517994,0.25,1.0,0.4642275378314694,0.8540363897327673,3.4266428690797426,4.233002977594279,0.8063601085145367,9.325873406851317e-15,False
3,0,3,3,DDD,B,2013B,2014B,14,logistic,source_train_only_activity_types,11,0,,1,clicks_oucollaborate,1197,1050,837,360,160,0.5747702589807853,0.5447619047619048,0.734583688547883,0.6855377885712615,-0.0490458999766215,0.7857090039024504,0.706306683412973,0.619239484327825,0.7012511378114209,0.0820116534835958,0.2108787900988101,0.2420900381765787,0.0312112480777685,0.012503552145496,0.0182108918749992,-0.0016951105670391,0.0088717824741759,0.0093391094008233,0.2104364155512566,0.0156166099370265,-0.0029809508328805,0.0116571204329403,0.0039594895040862,0.0150685114867614,0.0124560650217601,0.0026124464650012,0.0217389862431798,0.0094942336308732,0.0027327393876128,0.0205815014782678,76,80,0.5447619047619048,target_prevalence,0.0274703590695715,0.0080623338838265,0.0194080251857449,0.0143735672932841,-0.0100689157849216,"{""C"": 1.0, ""class_weight"": ""balanced"", ""max_iter"": 5000, ""solver"": ""lbfgs""}",0ec0160f1649f42124ca093cb28e50d00a77309027bbdbb0b9ac6257ff1aa269,0.056287737028535,0.2994305243558263,-0.2431427873272913,0.8933333333333332,0.4466666666666666,1.0,0.4285714285714285,0.3802973393831661,0.5574811600110928,5.4004843467275645,5.057807189182242,-0.3426771575453227,7.105427357601002e-15,False
3,0,3,3,DDD,B,2013B,2014B,14,lightgbm,source_train_only_activity_types,11,0,,1,clicks_oucollaborate,1197,1050,837,360,160,0.5747702589807853,0.5447619047619048,0.7534337406460169,0.665816923662112,-0.0876168169839048,0.8182236179772919,0.6798023428701763,0.5930164079459165,0.6976669101339108,0.1046505021879943,0.2039508122665493,0.2414646504341885,0.0375138381676391,0.025228126677402,0.0182227390115864,-0.0006031819636372,0.0059168958247468,0.0123058431868396,0.2764528915516286,0.0167988727098686,0.0049701870396491,0.0108197852370173,0.0059790874728513,0.0164540814321465,0.0108853193792273,0.0055687620529191,0.0206502646418714,0.0129474807778658,0.0100877549250973,0.0115518155489374,76,80,0.5447619047619048,target_prevalence,0.0052722363709074,0.0057834431551374,-0.00051120678423,0.0058973182013047,0.0128170499710696,"{""class_weight"": ""balanced"", ""colsample_bytree"": 1.0, ""deterministic"": true, ""force_col_wise"": true, ""learning_rate"": 0.035, ""min_child_samples"": 12, ""n_estimators"": 180, ""n_jobs"": 1, ""num_leaves"": 15, ""objective"": ""binary"", ""reg_lambda"": 1.0, ""subsample"": 1.0, ""verbosity"": -1}",7340a032adf73dcca6285d723e7b8782f8c2625f4216107ab44a30759e1137a7,0.0710123428596929,0.2641695660563268,-0.1931572231966338,0.8999999999999998,0.3533333333333333,1.0,0.4285714285714285,0.7566750663543319,0.6646737946872785,3.4657261367474383,3.2921392920982013,-0.173586844649237,9.325873406851317e-15,False
3,0,3,3,DDD,B,2013B,2014B,56,logistic,source_train_only_activity_types,11,0,,1,clicks_oucollaborate,1085,971,759,326,159,0.5299539170506913,0.5077239958805355,0.7535229891571272,0.711415889397167,-0.0421070997599601,0.7693497388166695,0.7034049809203994,0.610462865408913,0.6817485260085732,0.0712856605996601,0.2076403780881128,0.2293296095028377,0.0216892314147249,0.0041935849484303,0.0129930330943623,-0.002435364232077,0.0079555832262209,0.0050374498681414,0.1921847371853734,0.0269569995441848,-0.0033202936553225,0.0123862622631338,0.0145707372810509,0.0266351665970832,0.0124737211031893,0.0141614454938938,0.0477903189865618,0.0061236801018078,0.0067247600168746,0.0180477645093931,76,80,0.5077239958805355,target_prevalence,0.0160088281748649,0.006961959812321,0.0090468683625439,0.0070421591153426,-0.0040094184944025,"{""C"": 1.0, ""class_weight"": ""balanced"", ""max_iter"": 5000, ""solver"": ""lbfgs""}",0ec0160f1649f42124ca093cb28e50d00a77309027bbdbb0b9ac6257ff1aa269,0.0416157857744898,0.3144931533000741,-0.2728773675255843,0.973333333333333,0.3733333333333332,1.0,1.0,0.3475146818331572,0.8209750016905547,5.409652538055042,5.2662045412854335,-0.1434479967696083,7.105427357601002e-15,False
3,0,3,3,DDD,B,2013B,2014B,56,lightgbm,source_train_only_activity_types,11,0,,1,clicks_oucollaborate,1085,971,759,326,159,0.5299539170506913,0.5077239958805355,0.746495900865163,0.7368981642577678,-0.0095977366073952,0.7892151884677334,0.7570471427665033,0.6459210026601845,0.7489158061829342,0.1029948035227497,0.2187831385705992,0.2425353478572351,0.0237522092866359,0.0021534625410858,0.0399743074806872,-0.0018015350953396,0.006203523716353,0.0337707837643341,0.2454637613306893,0.0332415310586544,0.0076808200606466,0.0095948475891093,0.023646683469545,0.0332437813269496,0.0097142272829794,0.0235295540439702,0.0330958636910081,0.0333871984263006,0.0018670020725835,0.0173226931056351,76,80,0.5077239958805355,target_prevalence,0.0499482625885872,0.0048013958163594,0.0451468667722277,0.0394588252682809,-0.0113760830078936,"{""class_weight"": ""balanced"", ""colsample_bytree"": 1.0, ""deterministic"": true, ""force_col_wise"": true, ""learning_rate"": 0.035, ""min_child_samples"": 12, ""n_estimators"": 180, ""n_jobs"": 1, ""num_leaves"": 15, ""objective"": ""binary"", ""reg_lambda"": 1.0, ""subsample"": 1.0, ""verbosity"": -1}",7340a032adf73dcca6285d723e7b8782f8c2625f4216107ab44a30759e1137a7,0.1307786627409257,0.255560456527683,-0.1247817937867572,0.9266666666666664,0.5199999999999999,0.6666666666666666,0.4285714285714285,0.3370055442775814,0.647649308903233,4.098917809132328,4.449730593621723,0.3508127844893955,1.5099033134902132e-14,False
3,0,3,4,DDD,J,2013J,2014J,14,logistic,source_train_only_activity_types,10,0,,0,,1675,1479,1172,503,160,0.5068656716417911,0.4645030425963489,0.6998260594560405,0.664545748606884,-0.0352803108491565,0.6708474918274892,0.5920106303492393,0.6660448495456295,0.7468094913026925,0.080764641757063,0.2253475458533913,0.2411765814462644,0.0158290355928731,0.0102308665401643,0.0088452587261866,-0.0014249960205394,0.0125674111419076,-0.0037221524157209,0.1953565897189613,0.005377151427156,-0.0003158582037759,0.0162506743053625,-0.0108735228782065,0.0054884878634244,0.0160967533514347,-0.0106082654880102,0.0069454046580236,0.0038088981962883,0.0140825877257508,0.0184187608849741,80,80,0.4645030425963489,target_prevalence,0.0093742028749147,0.0137980654806277,-0.0044238626057129,-0.0040730075107169,0.0007017101899919,"{""C"": 1.0, ""class_weight"": ""balanced"", ""max_iter"": 5000, ""solver"": ""lbfgs""}",0ec0160f1649f42124ca093cb28e50d00a77309027bbdbb0b9ac6257ff1aa269,0.0851736289686024,0.2648950632272269,-0.1797214342586244,0.8768115942028986,0.5652173913043478,0.6666666666666666,0.25,0.2258529190613021,0.3136536726466446,5.577661458678684,5.1595409304862,-0.4181205281924836,4.163336342344337e-15,False
3,0,3,4,DDD,J,2013J,2014J,14,lightgbm,source_train_only_activity_types,10,0,,0,,1675,1479,1172,503,160,0.5068656716417911,0.4645030425963489,0.7012175838077166,0.6689272639054299,-0.0322903199022867,0.6994446780336511,0.6413478133163238,0.6652623136426642,0.6881031636015701,0.0228408499589058,0.2295434733615904,0.2408235054262039,0.0112800320646135,0.0354048070841238,0.0013081019296238,0.0017914172653785,0.0112404151123355,-0.0099323131827117,0.2724233605323111,0.0012941904647923,0.0023871543938678,0.0084591804018549,-0.0071649899370626,0.0013131467952915,0.0083523245994368,-0.0070391778041453,0.0015612039201099,0.0010271770094746,0.0069540400992235,0.0099643207044863,80,80,0.4645030425963489,target_prevalence,0.0031845041434255,0.0087981457711464,-0.0056136416277209,-0.0077729774052163,-0.0043186715549907,"{""class_weight"": ""balanced"", ""colsample_bytree"": 1.0, ""deterministic"": true, ""force_col_wise"": true, ""learning_rate"": 0.035, ""min_child_samples"": 12, ""n_estimators"": 180, ""n_jobs"": 1, ""num_leaves"": 15, ""objective"": ""binary"", ""reg_lambda"": 1.0, ""subsample"": 1.0, ""verbosity"": -1}",7340a032adf73dcca6285d723e7b8782f8c2625f4216107ab44a30759e1137a7,0.0848766937115833,0.2263413890247103,-0.1414646953131269,0.8333333333333333,0.5797101449275361,0.6666666666666666,0.6666666666666666,0.6853317347476097,0.4884981541610645,2.8567095674209098,2.824422000287581,-0.0322875671333289,7.105427357601002e-15,False
3,0,3,4,DDD,J,2013J,2014J,56,logistic,source_train_only_activity_types,10,0,,0,,1574,1417,1101,473,160,0.4739517153748411,0.4410726887791108,0.7294893861158922,0.7287252525252526,-0.0007641335906396,0.7111076691822369,0.6594176946223813,0.6781866303505195,0.645976019573559,-0.0322106107769605,0.2138361901608843,0.2244277413860842,0.0105915512251998,0.006364744693058,0.0409316805072312,-0.0019590082510344,0.0099181587059375,0.0310135218012937,0.1755200864893984,0.0335707704856008,-0.0028019473905685,0.0106960130247062,0.0228747574608946,0.0349862439700136,0.0100641105012132,0.0249221334688004,0.0455811053802888,0.0215604355909129,0.0053343011936309,0.0160577248557814,80,80,0.4410726887791108,target_prevalence,0.0191727765500232,0.0087927764390619,0.0103800001109613,0.0206967609561275,0.0206335216903323,"{""C"": 1.0, ""class_weight"": ""balanced"", ""max_iter"": 5000, ""solver"": ""lbfgs""}",0ec0160f1649f42124ca093cb28e50d00a77309027bbdbb0b9ac6257ff1aa269,0.0759702219560696,0.2680740655701964,-0.1921038436141268,0.9130434782608696,0.5072463768115942,1.0,0.25,0.4173682922643635,0.3608849450240285,4.988601082631391,5.031658427521275,0.0430573448898838,7.105427357601002e-15,True
3,0,3,4,DDD,J,2013J,2014J,56,lightgbm,source_train_only_activity_types,10,0,,0,,1574,1417,1101,473,160,0.4739517153748411,0.4410726887791108,0.7612234652897303,0.6889232323232324,-0.0723002329664979,0.765843048535197,0.6688366095945171,0.6025395306048018,0.7285859378015646,0.1260464071967627,0.2004583812356752,0.261121142766391,0.0606627615307157,0.0194886689615604,0.2089093738757177,-0.0009870728081364,0.0059517107930125,0.2029576630827051,0.2365335262984814,0.1938318469089709,0.0046823322070402,0.0122202711914506,0.1816115757175203,0.2085853755215295,0.0114748113040221,0.1971105642175074,0.3190159789089434,0.0686477149089985,0.005895021727461,0.0185455206554402,80,80,0.4410726887791108,target_prevalence,0.139155801617648,0.0072089384553911,0.1319468631622569,0.167452263122481,0.0710107999204482,"{""class_weight"": ""balanced"", ""colsample_bytree"": 1.0, ""deterministic"": true, ""force_col_wise"": true, ""learning_rate"": 0.035, ""min_child_samples"": 12, ""n_estimators"": 180, ""n_jobs"": 1, ""num_leaves"": 15, ""objective"": ""binary"", ""reg_lambda"": 1.0, ""subsample"": 1.0, ""verbosity"": -1}",7340a032adf73dcca6285d723e7b8782f8c2625f4216107ab44a30759e1137a7,0.1562508173856411,0.1792036654657879,-0.0229528480801468,0.7681159420289855,0.6956521739130435,0.4285714285714285,0.4285714285714285,0.3326058999209165,0.7039226629133318,3.2272296769278896,3.786716500020419,0.5594868230925294,5.773159728050814e-15,False
3,0,3,5,EEE,J,2013J,2014J,14,logistic,source_train_only_activity_types,9,0,,2,clicks_ouwiki|clicks_page,933,1027,653,280,138,0.3483386923901393,0.3339824732229795,0.6360731105629065,0.7081180843264624,0.0720449737635559,0.4446888190599823,0.5243319091973517,0.7076282836366226,0.6247849029999393,-0.0828433806366832,0.2490060207129242,0.2118987176862493,-0.0371073030266749,0.0296591163938102,0.0041887890057846,-0.001743927609717,0.0249121877615683,-0.0207233987557836,0.3566204292125969,0.0001572528970376,-0.0031673181765527,0.0468940763555594,-0.0467368234585217,0.0016557930253287,0.0378906852108565,-0.0362348921855277,0.0046704514652339,-0.0043559456711586,0.0197782912951198,0.074009861415999,80,49,0.3339824732229795,target_prevalence,0.0090560100391079,0.0271937043330997,-0.0181376942939917,-0.0194305465248877,-0.0025857044617919,"{""C"": 1.0, ""class_weight"": ""balanced"", ""max_iter"": 5000, ""solver"": ""lbfgs""}",0ec0160f1649f42124ca093cb28e50d00a77309027bbdbb0b9ac6257ff1aa269,0.0947446413330755,0.3743294210389065,-0.279584779705831,0.857707509881423,0.3043478260869565,0.6666666666666666,0.4285714285714285,0.5303884616963876,0.4028575206828967,4.254506226020379,4.576542604453304,0.3220363784329247,3.552713678800501e-15,False
3,0,3,5,EEE,J,2013J,2014J,14,lightgbm,source_train_only_activity_types,9,0,,2,clicks_ouwiki|clicks_page,933,1027,653,280,138,0.3483386923901393,0.3339824732229795,0.7265642520744563,0.6851908683272808,-0.0413733837471754,0.6130596972304211,0.5363352807046365,0.6264280113516492,0.6543566650183786,0.0279286536667294,0.2117135615946346,0.220551114654621,0.0088375530599864,0.0178851760484411,0.0108059416053643,0.0002492415650878,0.0155544077498609,-0.0047484661444966,0.3257265850372802,0.0104312600586359,-0.0018391576385111,0.0356492101756052,-0.0252179501169692,0.0132931748292211,0.0301431137752251,-0.016849938946004,0.0190505752181402,0.0018119448991317,0.0190663333334049,0.0522320870178054,80,49,0.3339824732229795,target_prevalence,0.0053276330337552,0.0137592764263257,-0.0084316433925705,-0.0065900547685336,0.0036831772480739,"{""class_weight"": ""balanced"", ""colsample_bytree"": 1.0, ""deterministic"": true, ""force_col_wise"": true, ""learning_rate"": 0.035, ""min_child_samples"": 12, ""n_estimators"": 180, ""n_jobs"": 1, ""num_leaves"": 15, ""objective"": ""binary"", ""reg_lambda"": 1.0, ""subsample"": 1.0, ""verbosity"": -1}",7340a032adf73dcca6285d723e7b8782f8c2625f4216107ab44a30759e1137a7,0.0574620905391793,0.2901638445803505,-0.2327017540411711,0.8968253968253967,0.5714285714285714,0.6666666666666666,0.4285714285714285,0.5516693813068054,0.6098656422334454,3.617312732209464,3.597629531032794,-0.0196832011766696,6.439293542825908e-15,False
3,0,3,5,EEE,J,2013J,2014J,56,logistic,source_train_only_activity_types,9,0,,2,clicks_ouwiki|clicks_page,906,997,634,272,134,0.3278145695364238,0.3139418254764293,0.761711794682876,0.7750966874054146,0.0133848927225386,0.6567157113133625,0.6300979242121193,0.571662266953281,0.5750732090173364,0.0034109420640553,0.1898068461488368,0.1944828873365138,0.004676041187677,0.0094553938724136,-0.0016220315616455,-0.0024208984899319,0.0099146316687908,-0.0115366632304363,0.2356151688229215,0.0094693747158438,0.0054514374074471,0.0289750189974633,-0.0195056442816195,0.0128052249269027,0.0250376467426153,-0.0122324218157126,0.0184339101886894,0.0005048392429981,0.0183939943665107,0.0395560436284159,80,44,0.3139418254764293,target_prevalence,-0.0008054946910149,0.0138143851967827,-0.0146198798877976,-0.013078271559117,0.0030832166573612,"{""C"": 1.0, ""class_weight"": ""balanced"", ""max_iter"": 5000, ""solver"": ""lbfgs""}",0ec0160f1649f42124ca093cb28e50d00a77309027bbdbb0b9ac6257ff1aa269,0.0545356598474691,0.2929893963841491,-0.23845373653668,0.9446640316205536,0.5731225296442688,1.0,0.6666666666666666,0.7184823908939839,0.6552438683299993,4.12845907573237,4.569351431572547,0.4408923558401767,2.664535259100376e-15,False
3,0,3,5,EEE,J,2013J,2014J,56,lightgbm,source_train_only_activity_types,9,0,,2,clicks_ouwiki|clicks_page,906,997,634,272,134,0.3278145695364238,0.3139418254764293,0.7660097009885185,0.7652668011882743,-0.0007428998002442,0.6649873912310152,0.6725404635548944,0.5659960371951077,0.5746084516243211,0.0086124144292133,0.1888191522680815,0.1884816032071859,-0.0003375490608956,0.0459875974703751,0.0072497952052328,-0.001516655006029,0.0070123913553097,0.000237403849923,0.2989164666034634,0.0033278252955713,0.0026215365827437,0.0154043235317938,-0.0120764982362225,0.0023902278201371,0.0139010277268602,-0.0115107999067231,0.000808190031399,0.0058474605597436,0.0113644693066757,0.0194441777569119,80,44,0.3139418254764293,target_prevalence,0.0807214765537895,0.0100733524249747,0.0706481241288148,0.0354427639893689,-0.0704107202788917,"{""class_weight"": ""balanced"", ""colsample_bytree"": 1.0, ""deterministic"": true, ""force_col_wise"": true, ""learning_rate"": 0.035, ""min_child_samples"": 12, ""n_estimators"": 180, ""n_jobs"": 1, ""num_leaves"": 15, ""objective"": ""binary"", ""reg_lambda"": 1.0, ""subsample"": 1.0, ""verbosity"": -1}",7340a032adf73dcca6285d723e7b8782f8c2625f4216107ab44a30759e1137a7,0.0526014134499301,0.211433977301409,-0.1588325638514788,0.9444444444444444,0.7222222222222221,1.0,0.6666666666666666,0.4972195485312495,0.6769134981901465,3.989100297508255,3.9209851428172153,-0.0681151546910392,1.1546319456101628e-14,True
3,0,3,6,FFF,B,2013B,2014B,14,logistic,source_train_only_activity_types,13,0,,1,clicks_oucollaborate,1520,1309,1064,456,160,0.4861842105263158,0.5011459129106188,0.7308269808269809,0.6808445075262392,-0.0499824733007417,0.6910364224583136,0.6450093807301996,0.6942190637375167,0.6931824691775829,-0.0010365945599338,0.2158488315628569,0.2331365106017107,0.0172876790388538,0.0385962885962885,0.0087064565573082,-0.0015609569007484,0.0259633412215372,-0.0172568846642289,0.2657789665240891,0.0111353907982474,-0.0042103977495107,0.0354704901537342,-0.0243350993554868,0.0111368036523287,0.0355090710002826,-0.0243722673479538,0.0105189154674232,0.0117518661290715,0.0186363807764772,0.0523045995309913,80,80,0.5011459129106188,target_prevalence,0.009123137768714,0.0236479209493427,-0.0145247831806286,-0.0158908339224288,-0.0027321014836003,"{""C"": 1.0, ""class_weight"": ""balanced"", ""max_iter"": 5000, ""solver"": ""lbfgs""}",0ec0160f1649f42124ca093cb28e50d00a77309027bbdbb0b9ac6257ff1aa269,0.0582154962338742,0.3341252187682124,-0.2759097225343381,0.9316239316239318,0.4245014245014246,0.6666666666666666,0.25,0.6107237488102086,0.6243191266285341,6.595067393187864,6.028080183921412,-0.5669872092664514,1.4210854715202004e-14,False
3,0,3,6,FFF,B,2013B,2014B,14,lightgbm,source_train_only_activity_types,13,0,,1,clicks_oucollaborate,1520,1309,1064,456,160,0.4861842105263158,0.5011459129106188,0.7519442519442521,0.6928213592051693,-0.0591228927390827,0.7417879954138268,0.6760034326913086,0.6032447147016219,0.6739089561358109,0.070664241434189,0.2059574392496233,0.2328569025547812,0.0268994633051579,0.0165935165935167,0.0160422079215635,-0.0012378374497978,0.0093650131589309,0.0066771947626326,0.2230285886524891,0.0095361712084927,0.0005611957036157,0.0188842957435231,-0.0093481245350304,0.009526976957776,0.018884788914423,-0.009357811956647,0.0135479292712208,0.0055244131457646,0.0186691088408784,0.0190994826461678,80,80,0.5011459129106188,target_prevalence,0.0180836352043254,0.009287885866772,0.0087957493375534,0.007736472050093,-0.0021185545749208,"{""class_weight"": ""balanced"", ""colsample_bytree"": 1.0, ""deterministic"": true, ""force_col_wise"": true, ""learning_rate"": 0.035, ""min_child_samples"": 12, ""n_estimators"": 180, ""n_jobs"": 1, ""num_leaves"": 15, ""objective"": ""binary"", ""reg_lambda"": 1.0, ""subsample"": 1.0, ""verbosity"": -1}",7340a032adf73dcca6285d723e7b8782f8c2625f4216107ab44a30759e1137a7,0.0473447909922447,0.1855384351809997,-0.138193644188755,0.9142857142857144,0.7428571428571428,0.6666666666666666,0.6666666666666666,0.3901830256760277,0.6438823470769307,3.1957566270211064,3.0939146977365963,-0.10184192928451,5.3290705182007506e-15,False
3,0,3,6,FFF,B,2013B,2014B,56,logistic,source_train_only_activity_types,13,0,,1,clicks_oucollaborate,1407,1257,984,423,160,0.4442075337597725,0.4797136038186158,0.7693752829334541,0.760397807090947,-0.0089774758425071,0.7515889800869002,0.710792422263349,0.5881772783361182,0.6499085963188052,0.0617313179826869,0.2003516723306928,0.2122486316776749,0.0118969593469821,0.0055454956994114,0.0376769871732837,0.0019448381876354,0.0095371706971342,0.0281398164761494,0.1724857733055054,0.021802209701243,0.0011323566500582,0.0147054602345044,0.0070967494667385,0.0218926991111527,0.0148622895884402,0.0070304095227124,0.0240325075101939,0.019571911892292,0.0185708425462165,0.0108400779227924,80,80,0.4797136038186158,target_prevalence,0.0389722539350845,0.0097699507006769,0.0292023032344075,0.0286710598552785,-0.0010624867582581,"{""C"": 1.0, ""class_weight"": ""balanced"", ""max_iter"": 5000, ""solver"": ""lbfgs""}",0ec0160f1649f42124ca093cb28e50d00a77309027bbdbb0b9ac6257ff1aa269,0.0553723868980111,0.2996146274380218,-0.2442422405400107,0.9544159544159546,0.396011396011396,1.0,0.4285714285714285,0.1384600956412131,0.3697026617389258,5.437650994567753,5.4033270051217865,-0.0343239894459665,2.8421709430404014e-14,False
3,0,3,6,FFF,B,2013B,2014B,56,lightgbm,source_train_only_activity_types,13,0,,1,clicks_oucollaborate,1407,1257,984,423,160,0.4442075337597725,0.4797136038186158,0.7607288365776369,0.7668601437258152,0.0061313071481783,0.7486320634761823,0.7382773450479809,0.62084360345962,0.6306745519808996,0.0098309485212796,0.207601699670604,0.2075802124375981,-2.148723300582356e-05,0.0165912177455863,0.0814279119413136,-0.0013163278972946,0.0114716485941344,0.0699562633471791,0.2576809479283439,0.0616507515540152,-0.0040994499343235,0.0159750656007982,0.045675685953217,0.0623666366629658,0.0161590679971268,0.0462075686658389,0.0792952139452087,0.0440062891628217,0.0205101834867794,0.0114399477148171,80,80,0.4797136038186158,target_prevalence,0.0565457148471945,0.0143087053484944,0.0422370094987,0.0560966364229396,0.0277192538484791,"{""class_weight"": ""balanced"", ""colsample_bytree"": 1.0, ""deterministic"": true, ""force_col_wise"": true, ""learning_rate"": 0.035, ""min_child_samples"": 12, ""n_estimators"": 180, ""n_jobs"": 1, ""num_leaves"": 15, ""objective"": ""binary"", ""reg_lambda"": 1.0, ""subsample"": 1.0, ""verbosity"": -1}",7340a032adf73dcca6285d723e7b8782f8c2625f4216107ab44a30759e1137a7,0.1151864171747804,0.2497991979806559,-0.1346127808058755,0.8860398860398863,0.5555555555555557,0.6666666666666666,0.4285714285714285,0.2184844310751692,0.5078076165255874,3.794264400512217,4.025234037382601,0.2309696368703844,7.993605777301127e-15,True
3,0,3,7,FFF,J,2013J,2014J,14,logistic,source_train_only_activity_types,13,0,,1,clicks_htmlactivity,1998,1886,1398,600,160,0.4519519519519519,0.4077412513255567,0.6823652127098778,0.7240402201233332,0.0416750074134554,0.6671424938479493,0.6363565991560847,0.6595288235302972,0.6178081934251394,-0.0417206301051578,0.2305653295917156,0.213522361763705,-0.0170429678280105,0.0295651588734732,0.0074148007543626,8.790770585692664e-05,0.006320917319416,0.0010938834349465,0.1648052437381603,0.00455672509494,-0.0017942604050515,0.0077514796957779,-0.0031947546008378,0.0044114721148381,0.0066199492004324,-0.0022084770855943,0.003769520725767,0.0053439294641131,0.0016191046549115,0.0138838547366442,80,80,0.4077412513255567,target_prevalence,0.0060456741453001,0.0065615554060807,-0.0005158812607806,0.0002890010870829,0.0016097646957272,"{""C"": 1.0, ""class_weight"": ""balanced"", ""max_iter"": 5000, ""solver"": ""lbfgs""}",0ec0160f1649f42124ca093cb28e50d00a77309027bbdbb0b9ac6257ff1aa269,0.0548490669643415,0.2022368628143007,-0.1473877958499592,0.9088319088319088,0.5441595441595443,1.0,1.0,0.8290018085615922,0.1986301780139111,4.479811523449616,4.098019146330189,-0.3817923771194271,2.220446049250313e-15,False
3,0,3,7,FFF,J,2013J,2014J,14,lightgbm,source_train_only_activity_types,13,0,,1,clicks_htmlactivity,1998,1886,1398,600,160,0.4519519519519519,0.4077412513255567,0.6998956919660382,0.7145020856301654,0.0146063936641271,0.6680874248607869,0.6353817917416882,0.660746735789121,0.6298279199944631,-0.0309188157946579,0.2289246103725029,0.2162208024598411,-0.0127038079126617,0.0061799706142957,0.0180641993510594,0.0005409918704087,0.004889030944421,0.0131751684066383,0.2460741750669809,0.0173752453508597,0.0034213532753063,0.012105375281131,0.0052698700697286,0.0173826495690795,0.0112096043623993,0.0061730452066801,0.0174153728093731,0.0173351178923463,0.0072507087503035,0.0169600418119586,80,80,0.4077412513255567,target_prevalence,0.0036839979599582,0.0074313488916262,-0.0037473509316679,0.0047139087374852,0.0169225193383062,"{""class_weight"": ""balanced"", ""colsample_bytree"": 1.0, ""deterministic"": true, ""force_col_wise"": true, ""learning_rate"": 0.035, ""min_child_samples"": 12, ""n_estimators"": 180, ""n_jobs"": 1, ""num_leaves"": 15, ""objective"": ""binary"", ""reg_lambda"": 1.0, ""subsample"": 1.0, ""verbosity"": -1}",7340a032adf73dcca6285d723e7b8782f8c2625f4216107ab44a30759e1137a7,0.0746388380189931,0.1995200411930731,-0.12488120317408,0.8914285714285712,0.576320129914696,0.4285714285714285,0.4285714285714285,0.6443587045464203,0.4144933218930604,3.1053498424823887,3.190432759951411,0.0850829174690224,5.3290705182007506e-15,False
3,0,3,7,FFF,J,2013J,2014J,56,logistic,source_train_only_activity_types,14,0,,1,clicks_htmlactivity,1915,1793,1340,575,160,0.4281984334203655,0.3770217512548801,0.7715051770578496,0.7874974175332279,0.0159922404753782,0.6947489786358677,0.6923734484350145,0.6016607772361046,0.5587184511561352,-0.0429423260799693,0.2021306230440925,0.1869188549917487,-0.0152117680523438,0.0069068623816938,0.032965606834126,-0.0013079412629783,0.012737789986645,0.020227816847481,0.1988375528419257,0.02799203810017,-0.0010050621636384,0.0271193913932115,0.0008726467069584,0.0314422187609852,0.0230699728132816,0.0083722459477035,0.04201964337192,0.01396443282842,0.0106554287768527,0.0435833540095704,80,80,0.3770217512548801,target_prevalence,0.0213486093583569,0.0128216400679843,0.0085269692903726,0.0143773930689268,0.0117008475571084,"{""C"": 1.0, ""class_weight"": ""balanced"", ""max_iter"": 5000, ""solver"": ""lbfgs""}",0ec0160f1649f42124ca093cb28e50d00a77309027bbdbb0b9ac6257ff1aa269,0.0613717629543003,0.2881139513565123,-0.2267421884022119,0.9417989417989416,0.4232804232804233,0.6666666666666666,0.6666666666666666,0.2374860044029805,0.5008941141780291,4.776042858375389,4.504667248163477,-0.271375610211912,3.552713678800501e-15,False
3,0,3,7,FFF,J,2013J,2014J,56,lightgbm,source_train_only_activity_types,14,0,,1,clicks_htmlactivity,1915,1793,1340,575,160,0.4281984334203655,0.3770217512548801,0.7726913287369956,0.7481353265562343,-0.0245560021807613,0.7293583186279557,0.6844740402530612,0.5753625131269993,0.5740257784109064,-0.0013367347160928,0.1943636723726704,0.1952825222625354,0.000918849889865,0.0161613166283636,0.0285172753351642,0.00447395387581,0.0123457652195806,0.0161715101155836,0.2359163811599232,0.022582839292193,-0.0014850294466642,0.0141299513745951,0.0084528879175979,0.024627099249186,0.0130353982564965,0.0115917009926895,0.0308943089132552,0.0142713696711308,0.0096797614862714,0.0185801412629188,80,80,0.3770217512548801,target_prevalence,0.0389032125529638,0.0138722902776474,0.0250309222753163,0.0206012161954499,-0.0088594121597327,"{""class_weight"": ""balanced"", ""colsample_bytree"": 1.0, ""deterministic"": true, ""force_col_wise"": true, ""learning_rate"": 0.035, ""min_child_samples"": 12, ""n_estimators"": 180, ""n_jobs"": 1, ""num_leaves"": 15, ""objective"": ""binary"", ""reg_lambda"": 1.0, ""subsample"": 1.0, ""verbosity"": -1}",7340a032adf73dcca6285d723e7b8782f8c2625f4216107ab44a30759e1137a7,0.0768496947796303,0.2307060715942663,-0.153856376814636,0.8992042440318301,0.6225171023353145,0.6666666666666666,0.4285714285714285,0.6352632579044472,0.3573925184821515,3.459015696564902,3.2730789024102607,-0.1859367941546414,7.105427357601002e-15,False
3,0,3,8,GGG,J,2013J,2014J,14,logistic,source_train_only_activity_types,6,0,,1,clicks_quiz,926,719,648,278,134,0.3606911447084233,0.3824756606397774,0.6091011235955055,0.636953316953317,0.0278521933578115,0.4746836529734496,0.5473242139115997,0.713190071895372,0.6997184206998089,-0.013471651195563,0.2559216494445477,0.2451099575784483,-0.0108116918660994,0.0222471910112358,0.0168275366251521,0.004055510793864,0.0207606691118302,-0.0039331324866781,0.2423366494493204,0.0219490041629374,-0.0043497119159711,0.0214597950396643,0.000489209123273,0.0278256028548974,0.0224748629864065,0.0053507398684909,0.0469506281837616,-0.0030526198578867,0.0257783385527273,0.0171412515266013,80,50,0.3824756606397774,target_prevalence,0.0229786628405862,0.0199476696682896,0.0030309931722966,-0.0004510696571907,-0.0069641256589747,"{""C"": 1.0, ""class_weight"": ""balanced"", ""max_iter"": 5000, ""solver"": ""lbfgs""}",0ec0160f1649f42124ca093cb28e50d00a77309027bbdbb0b9ac6257ff1aa269,0.1070952824671346,0.296609528363396,-0.1895142458962613,0.8736842105263158,0.5368421052631579,1.0,0.4285714285714285,0.5852908496738516,0.4677208914715848,3.105890037245605,4.032340689161765,0.9264506519161596,3.552713678800501e-15,False
3,0,3,8,GGG,J,2013J,2014J,14,lightgbm,source_train_only_activity_types,6,0,,1,clicks_quiz,926,719,648,278,134,0.3606911447084233,0.3824756606397774,0.5496067415730337,0.5833210483210484,0.0337143067480146,0.4005064458888383,0.451736285368565,0.7786780556738925,0.8764753131790991,0.0977972575052066,0.2733387427073353,0.3107632145332007,0.0374244718258654,0.0002247191011235,0.0518367080910227,0.001187137970355,0.0174172886342791,0.0344194194567435,0.299457003896273,0.0750802847564467,-0.0014095756996238,0.0139646288016024,0.0611156559548443,0.0673612888553968,0.0131881035597184,0.0541731852956784,0.0422402962780154,0.1079202732348781,0.0106609504056579,0.017268307197547,80,50,0.3824756606397774,target_prevalence,0.016828027323115,0.0071280288631117,0.0096999984600033,0.0220597089583734,0.0247194209967402,"{""class_weight"": ""balanced"", ""colsample_bytree"": 1.0, ""deterministic"": true, ""force_col_wise"": true, ""learning_rate"": 0.035, ""min_child_samples"": 12, ""n_estimators"": 180, ""n_jobs"": 1, ""num_leaves"": 15, ""objective"": ""binary"", ""reg_lambda"": 1.0, ""subsample"": 1.0, ""verbosity"": -1}",7340a032adf73dcca6285d723e7b8782f8c2625f4216107ab44a30759e1137a7,0.1742094472084629,0.1792841179195037,-0.0050746707110407,0.936842105263158,0.7157894736842105,0.6666666666666666,0.6666666666666666,0.8352182197937631,0.4350582083769675,3.046475084406844,3.5010284791352526,0.4545533947284088,1.4432899320127035e-14,False
3,0,3,8,GGG,J,2013J,2014J,56,logistic,source_train_only_activity_types,6,0,,1,clicks_quiz,919,698,643,276,136,0.3558215451577802,0.3638968481375358,0.6047924787892685,0.6286887280981769,0.0238962493089084,0.4648462029106538,0.4577784629481845,0.7201869062468071,0.7422037171251977,0.0220168108783905,0.2572806480485822,0.25966502943741,0.0023843813888277,0.0471222196743867,0.0397606940713913,-0.0027227689660553,0.0141237143841502,0.0256369796872411,0.2503026661621604,0.0305788087890695,0.0034557068728761,0.0235494184441027,0.0070293903449667,0.0380338749463165,0.0218992492437228,0.0161346257025937,0.057966367619377,0.0031912499587619,0.0174872179079702,0.0296116189802352,80,49,0.3638968481375358,target_prevalence,0.0526527788189734,0.0194062024092088,0.0332465764097645,0.0294417780485028,-0.0076095967225234,"{""C"": 1.0, ""class_weight"": ""balanced"", ""max_iter"": 5000, ""solver"": ""lbfgs""}",0ec0160f1649f42124ca093cb28e50d00a77309027bbdbb0b9ac6257ff1aa269,0.0829833282149593,0.2330182136615652,-0.1500348854466058,0.9052631578947368,0.6631578947368422,1.0,0.6666666666666666,0.4561004559036414,0.7103258095806805,3.9583573351667374,5.061407387248543,1.1030500520818052,2.886579864025407e-15,True
3,0,3,8,GGG,J,2013J,2014J,56,lightgbm,source_train_only_activity_types,6,0,,1,clicks_quiz,919,698,643,276,136,0.3558215451577802,0.3638968481375358,0.6496216464113735,0.6411825211037809,-0.0084391253075926,0.4979994140285544,0.5033001747898506,0.6789653753611786,0.7142040390288181,0.0352386636676395,0.2391164728816741,0.2517055523095199,0.0125890794278458,0.0254528777803255,0.0200465810287704,-0.0001110141655915,0.0093849865813456,0.0106615944474248,0.3313144895319311,0.0336173203259277,-0.0023325026530308,0.0117462905879891,0.0218710297379386,0.0323197533193882,0.0102726199253785,0.0220471333940096,0.0288504689019036,0.0383841717499519,0.0063324899432409,0.0171600912327372,80,49,0.3638968481375358,target_prevalence,0.0397936345347877,0.013194570863399,0.0265990636713887,0.0186303290594067,-0.0159374692239638,"{""class_weight"": ""balanced"", ""colsample_bytree"": 1.0, ""deterministic"": true, ""force_col_wise"": true, ""learning_rate"": 0.035, ""min_child_samples"": 12, ""n_estimators"": 180, ""n_jobs"": 1, ""num_leaves"": 15, ""objective"": ""binary"", ""reg_lambda"": 1.0, ""subsample"": 1.0, ""verbosity"": -1}",7340a032adf73dcca6285d723e7b8782f8c2625f4216107ab44a30759e1137a7,0.0844247451292635,0.2243706899730204,-0.1399459448437568,0.8842105263157894,0.6421052631578947,0.6666666666666666,0.25,0.5239114233952465,0.6309200837090717,3.217350394167785,3.606146463241605,0.3887960690738197,6.217248937900877e-15,True
4,1,0,0,AAA,J,2013J,2014J,14,logistic,source_train_only_activity_types,9,0,,0,,370,350,259,111,53,0.2486486486486486,0.2771428571428571,0.5103270223752152,0.5668880648710322,0.0565610424958169,0.2590289371820491,0.3473069979269514,0.8361812513739059,0.85224959767607,0.0160683463021641,0.2961659605414775,0.3005541769488809,0.0043882164074033,0.0245266781411358,0.0271286280080774,0.0123688918879026,0.0328489602546972,-0.0057203322466198,0.3148577649161275,-0.00562806727406,-8.775577973776927e-05,0.0194944582324178,-0.0251225255064779,-0.003525052471796,0.0174980186563669,-0.021023071128163,-0.0009097648330831,-0.010346369715037,0.0150152668758933,0.0239736495889423,41,14,0.2771428571428571,target_prevalence,0.0325182591313159,0.0292242170336865,0.0032940420976294,-0.0012131450744952,-0.0090143743442492,"{""C"": 1.0, ""class_weight"": ""balanced"", ""max_iter"": 5000, ""solver"": ""lbfgs""}",0ec0160f1649f42124ca093cb28e50d00a77309027bbdbb0b9ac6257ff1aa269,0.0716663788463868,0.4081861424605056,-0.3365197636141188,0.8972332015810277,0.2806324110671936,1.0,0.6666666666666666,0.2235871217705332,0.2793268188523114,6.560793618929272,6.508067898843992,-0.0527257200852799,3.1086244689504387e-15,False
4,1,0,0,AAA,J,2013J,2014J,14,lightgbm,source_train_only_activity_types,9,0,,0,,370,350,259,111,53,0.2486486486486486,0.2771428571428571,0.4866609294320138,0.575506295586977,0.0888453661549631,0.2837756773538769,0.3438688130315877,0.8973260897699159,0.7848448267485596,-0.1124812630213563,0.2611594098669285,0.2523184440715672,-0.0088409657953613,0.0374354561101549,-0.0015830895146103,-0.0068609548891855,0.01465622479953,-0.0162393143141404,0.3576347618656794,-0.007330178024706,0.0136128174679242,0.0075692816256999,-0.014899459650406,-0.0003081344385978,0.0130610605486008,-0.0133691949871986,0.0084244069441264,-0.0230847629935386,0.0198905804911826,-0.0047520172397826,41,14,0.2771428571428571,target_prevalence,-0.0052794314565981,0.004452393292922,-0.0097318247495201,-0.0129855695318303,-0.0065074895646202,"{""class_weight"": ""balanced"", ""colsample_bytree"": 1.0, ""deterministic"": true, ""force_col_wise"": true, ""learning_rate"": 0.035, ""min_child_samples"": 12, ""n_estimators"": 180, ""n_jobs"": 1, ""num_leaves"": 15, ""objective"": ""binary"", ""reg_lambda"": 1.0, ""subsample"": 1.0, ""verbosity"": -1}",7340a032adf73dcca6285d723e7b8782f8c2625f4216107ab44a30759e1137a7,0.0528360188930689,0.3317874300092435,-0.2789514111161745,0.8888888888888888,0.5238095238095237,0.6666666666666666,0.4285714285714285,0.744930693613496,0.7391112101546027,4.630536632604097,4.5587511430463445,-0.0717854895577527,8.437694987151191e-15,False
4,1,0,0,AAA,J,2013J,2014J,56,logistic,source_train_only_activity_types,9,0,,0,,365,342,255,110,52,0.2383561643835616,0.260233918128655,0.6025641025641025,0.6551938535328863,0.0526297509687837,0.32768262552946,0.3980255066329073,0.8199418368851277,0.7291144990317234,-0.0908273378534042,0.2574694464523975,0.2330333128363935,-0.0244361336160039,0.0178571428571427,0.0047899399496723,-0.0002685102422263,0.0224476322787504,-0.0176576923290781,0.3277950142692934,-0.004197909959437,-0.0119569002194674,0.0063901188284557,-0.0105880287878927,-0.0042399757800276,0.0080247278630242,-0.0122647036430519,-0.0042856325853029,-0.004110187333571,0.0097988766932267,0.0029813609636848,42,13,0.260233918128655,target_prevalence,0.0068301760028457,0.0105836112089399,-0.0037534352060941,-0.0107055637675861,-0.0139042571229839,"{""C"": 1.0, ""class_weight"": ""balanced"", ""max_iter"": 5000, ""solver"": ""lbfgs""}",0ec0160f1649f42124ca093cb28e50d00a77309027bbdbb0b9ac6257ff1aa269,0.134916005943078,0.3512845582766898,-0.2163685523336117,0.841897233201581,0.4387351778656126,1.0,0.25,0.2276122559047765,0.5489250096489365,5.236688785410648,6.4985208921427455,1.261832106732098,3.552713678800501e-15,False
4,1,0,0,AAA,J,2013J,2014J,56,lightgbm,source_train_only_activity_types,9,0,,0,,365,342,255,110,52,0.2383561643835616,0.260233918128655,0.5663919413919414,0.6494648487809211,0.0830729073889797,0.3424638880995787,0.3893534998013658,0.7332321275783852,0.7085477938123935,-0.0246843337659916,0.2221372938760407,0.2233582209230609,0.0012209270470201,0.0288461538461538,0.0123592703333798,0.0207172240140397,0.0187563702618629,-0.006397099928483,0.3603767730221789,0.0193565301594731,-0.0030182107035409,0.0004869535755874,0.0188695765838856,0.0070813029670993,0.0054128664732732,0.0016684364938261,-0.0062418094734039,0.0449548697923501,0.0107592841305175,-0.0097853769793426,42,13,0.260233918128655,target_prevalence,0.0126026099243398,0.0223381883258936,-0.0097355784015538,-0.0080663391650184,0.0033384784730707,"{""class_weight"": ""balanced"", ""colsample_bytree"": 1.0, ""deterministic"": true, ""force_col_wise"": true, ""learning_rate"": 0.035, ""min_child_samples"": 12, ""n_estimators"": 180, ""n_jobs"": 1, ""num_leaves"": 15, ""objective"": ""binary"", ""reg_lambda"": 1.0, ""subsample"": 1.0, ""verbosity"": -1}",7340a032adf73dcca6285d723e7b8782f8c2625f4216107ab44a30759e1137a7,0.0624317866183373,0.3139722382055921,-0.2515404515872548,0.9209486166007904,0.4594068413043656,0.6666666666666666,0.25,0.5520029931781752,0.4066082291683508,3.90720338583518,4.038148069656209,0.1309446838210295,6.661338147750939e-15,False
4,1,0,1,BBB,B,2013B,2014B,14,logistic,source_train_only_activity_types,10,0,,1,clicks_oucollaborate,1606,1289,1124,482,160,0.5006226650062267,0.4375484871993794,0.7289647216817892,0.6993763756419662,-0.0295883460398229,0.7179262639699312,0.6410826157395271,0.6444065246227355,0.7675941210526573,0.1231875964299218,0.2188942441690721,0.2393046722499128,0.0204104280808407,0.0104337046538456,0.0191398929820809,-0.0015452388488799,0.0150002732427539,0.0041396197393269,0.2499288784653162,0.020808326378443,0.0001798452891927,0.0291598484982435,-0.0083515221198005,0.0221872071412155,0.0281373646396377,-0.0059501574984221,0.0318479369574105,0.0097687157994756,0.0209736267979767,0.0373460701985104,80,80,0.4375484871993794,target_prevalence,0.0097055841125823,0.022178745845561,-0.0124731617329786,-0.0041667709968258,0.0166127814723056,"{""C"": 1.0, ""class_weight"": ""balanced"", ""max_iter"": 5000, ""solver"": ""lbfgs""}",0ec0160f1649f42124ca093cb28e50d00a77309027bbdbb0b9ac6257ff1aa269,0.1960585797849018,0.3359361294485481,-0.1398775496636463,0.8478260869565217,0.5,0.6666666666666666,0.4285714285714285,0.5755892458785848,0.7257922770544276,4.748505489442901,5.161368410650818,0.4128629212079167,3.552713678800501e-15,False
4,1,0,1,BBB,B,2013B,2014B,14,lightgbm,source_train_only_activity_types,10,0,,1,clicks_oucollaborate,1606,1289,1124,482,160,0.5006226650062267,0.4375484871993794,0.7122122552986346,0.6879310344827587,-0.0242812208158759,0.7227382276565064,0.6120407285009197,0.6643426977824749,0.7065863454400817,0.0422436476576068,0.2290336839623893,0.2448476936293956,0.0158140096670063,0.0092887519154284,0.022072743304534,0.0041307280200628,0.0161610676374512,0.0059116756670827,0.2322764068284848,0.0085419193195726,0.0036655119418842,0.0214885316466241,-0.0129466123270515,0.0075872449324112,0.0191643935114211,-0.0115771485790098,0.0008985945677029,0.0161852440714423,0.0028809909244084,0.0400960723688398,80,80,0.4375484871993794,target_prevalence,0.0192507810690687,0.0067800621336157,0.0124707189354529,0.0091911973012678,-0.0065590432683702,"{""class_weight"": ""balanced"", ""colsample_bytree"": 1.0, ""deterministic"": true, ""force_col_wise"": true, ""learning_rate"": 0.035, ""min_child_samples"": 12, ""n_estimators"": 180, ""n_jobs"": 1, ""num_leaves"": 15, ""objective"": ""binary"", ""reg_lambda"": 1.0, ""subsample"": 1.0, ""verbosity"": -1}",7340a032adf73dcca6285d723e7b8782f8c2625f4216107ab44a30759e1137a7,0.0497450245059414,0.1524273330999952,-0.1026823085940537,0.9202898550724636,0.7753623188405797,0.4285714285714285,0.6666666666666666,0.1797394443915942,0.5173540597721397,3.1776926701545065,3.1037749649505617,-0.0739177052039448,4.884981308350689e-15,False
4,1,0,1,BBB,B,2013B,2014B,56,logistic,source_train_only_activity_types,10,0,,1,clicks_oucollaborate,1470,1247,1029,441,160,0.454421768707483,0.4170008019246191,0.7704979253112034,0.7410141783938208,-0.0294837469173826,0.7412109100719305,0.6888180032963674,0.5844589791850268,0.6241910086359427,0.0397320294509159,0.1992090027303875,0.215053319399874,0.0158443166694864,0.0090663900414937,0.0086253478717215,-0.0010632846200654,0.0072142858622855,0.0014110620094359,0.213954809150797,0.015063577314384,0.0003655356862647,0.0151034081208853,-3.98308065013564e-05,0.0166174321021255,0.0129645037500563,0.0036529283520691,0.0244242387651745,0.0057029158635934,0.0022183175391277,0.0279884987026429,80,80,0.4170008019246191,target_prevalence,0.0528103735169717,0.0098241632021669,0.0429862103148047,0.0221986361621203,-0.0415751483053687,"{""C"": 1.0, ""class_weight"": ""balanced"", ""max_iter"": 5000, ""solver"": ""lbfgs""}",0ec0160f1649f42124ca093cb28e50d00a77309027bbdbb0b9ac6257ff1aa269,0.0624895129633119,0.2595281846482375,-0.1970386716849256,0.9420289855072465,0.5507246376811594,0.6666666666666666,0.25,0.8729953153633319,0.4458466914501359,4.870250141127305,5.080857849802439,0.2106077086751341,3.552713678800501e-15,False
4,1,0,1,BBB,B,2013B,2014B,56,lightgbm,source_train_only_activity_types,10,0,,1,clicks_oucollaborate,1470,1247,1029,441,160,0.454421768707483,0.4170008019246191,0.7456639004149378,0.7593799597926145,0.0137160593776767,0.7632598831087429,0.7380914035730749,0.6005452919341446,0.6083361197408655,0.0077908278067209,0.2062303913373251,0.2075540047478586,0.0013236134105334,0.0084647302904564,0.0121327242776601,0.0011377339539531,0.0048046669481126,0.0073280573295474,0.2417271158566768,0.0155914011085407,-0.0013388904906393,0.008961368382026,0.0066300327265147,0.017040695622723,0.0093144216463332,0.0077262739763897,0.0243221753075036,0.0068606269095779,0.0110882158244954,0.0068345209395566,80,80,0.4170008019246191,target_prevalence,0.0106824593480587,0.007234942969971,0.0034475163780877,0.0053877868538175,0.0038805409514597,"{""class_weight"": ""balanced"", ""colsample_bytree"": 1.0, ""deterministic"": true, ""force_col_wise"": true, ""learning_rate"": 0.035, ""min_child_samples"": 12, ""n_estimators"": 180, ""n_jobs"": 1, ""num_leaves"": 15, ""objective"": ""binary"", ""reg_lambda"": 1.0, ""subsample"": 1.0, ""verbosity"": -1}",7340a032adf73dcca6285d723e7b8782f8c2625f4216107ab44a30759e1137a7,0.0572518924505998,0.1879603535855903,-0.1307084611349905,0.927536231884058,0.5507246376811594,1.0,0.6666666666666666,0.8568253295494404,0.4297538980559793,3.42551012261308,3.643351179980982,0.2178410573679023,9.769962616701378e-15,False
4,1,0,2,BBB,J,2013J,2014J,14,logistic,source_train_only_activity_types,10,0,,0,,1851,1791,1295,556,160,0.4219340896812534,0.3618090452261306,0.7196659375621396,0.642802269315101,-0.0768636682470386,0.6677665460778128,0.4979597434565792,0.6430395463178997,0.9674995874424396,0.3244600411245399,0.2182484605093952,0.2537953687001113,0.035546908190716,0.0098893086763438,0.2408255844269269,-0.0015090704675991,0.0051814672911935,0.2356441171357334,0.1691857292886874,0.204635727640966,-0.0033923099440235,0.0057886713146003,0.1988470563263656,0.2184192477802867,0.0046568516288474,0.2137623961514393,0.2545070095995993,0.1547644456823326,0.0016935419061489,0.0098838007230517,80,80,0.3618090452261306,target_prevalence,0.1364518497864282,0.0051946702278173,0.1312571795586108,0.1834506483471721,0.1043869375771225,"{""C"": 1.0, ""class_weight"": ""balanced"", ""max_iter"": 5000, ""solver"": ""lbfgs""}",0ec0160f1649f42124ca093cb28e50d00a77309027bbdbb0b9ac6257ff1aa269,0.4179501555374645,0.247182215987351,0.1707679395501135,0.8478260869565217,0.536231884057971,0.6666666666666666,0.6666666666666666,0.824265814049932,0.3550338371501095,3.651171315351342,5.607225118276077,1.9560538029247343,8.881784197001252e-15,False
4,1,0,2,BBB,J,2013J,2014J,14,lightgbm,source_train_only_activity_types,10,0,,0,,1851,1791,1295,556,160,0.4219340896812534,0.3618090452261306,0.6848942798435739,0.6161383569337784,-0.0687559229097954,0.6289031773215841,0.4667255576469021,0.6630179787112983,0.6908626075692746,0.0278446288579763,0.2292055131826308,0.2425189266282855,0.0133134134456546,0.0196990786770067,0.0350628849880197,0.0015713477611528,0.0035821386381589,0.0314807463498608,0.242683823160519,0.0318242043310247,-0.0036280334453804,0.0055213110227383,0.0263028933082864,0.0326091473025994,0.0060319202518274,0.026577227050772,0.034664270719086,0.0289841379429634,0.0073687880516243,0.0036738339938522,80,80,0.3618090452261306,target_prevalence,0.1700351722154902,0.0076485164945593,0.1623866557209308,0.0969337010353958,-0.13090590937107,"{""class_weight"": ""balanced"", ""colsample_bytree"": 1.0, ""deterministic"": true, ""force_col_wise"": true, ""learning_rate"": 0.035, ""min_child_samples"": 12, ""n_estimators"": 180, ""n_jobs"": 1, ""num_leaves"": 15, ""objective"": ""binary"", ""reg_lambda"": 1.0, ""subsample"": 1.0, ""verbosity"": -1}",7340a032adf73dcca6285d723e7b8782f8c2625f4216107ab44a30759e1137a7,0.1726956655842028,0.2234372441203953,-0.0507415785361924,0.7246376811594203,0.6304347826086957,0.4285714285714285,0.4285714285714285,0.8820446438598384,0.7187819980796203,2.924179302110853,3.1059903106738243,0.1818110085629714,5.9952043329758445e-15,False
4,1,0,2,BBB,J,2013J,2014J,56,logistic,source_train_only_activity_types,10,0,,0,,1785,1750,1249,536,160,0.3994397759103641,0.3417142857142857,0.7165931386776572,0.6819127996098105,-0.0346803390678466,0.6778847264794202,0.537559976297327,0.6421806401217868,0.8793160699715232,0.2371354298497364,0.2199491533451813,0.2577358389289102,0.0377866855837289,0.0086347013409182,0.0478261765139027,-0.0007619138387229,0.0074753134281325,0.0403508630857701,0.2071233579654198,0.0484174065731907,0.0034638829848122,0.0195553788003587,0.028862027772832,0.0584830812024615,0.0161736436750729,0.0423094375273885,0.080213310185508,0.0166215029608735,0.0088730025020734,0.030237755098644,80,80,0.3417142857142857,target_prevalence,0.0671804659194656,0.0063791462227187,0.0608013196967468,0.0505760913912585,-0.0204504566109766,"{""C"": 1.0, ""class_weight"": ""balanced"", ""max_iter"": 5000, ""solver"": ""lbfgs""}",0ec0160f1649f42124ca093cb28e50d00a77309027bbdbb0b9ac6257ff1aa269,0.2775867641461073,0.2868008159125108,-0.0092140517664034,0.7681159420289855,0.5,0.6666666666666666,0.4285714285714285,0.7629855701575727,0.3277277718377087,3.698721406518387,5.565417350773139,1.866695944254752,8.881784197001252e-15,False
4,1,0,2,BBB,J,2013J,2014J,56,lightgbm,source_train_only_activity_types,10,0,,0,,1785,1750,1249,536,160,0.3994397759103641,0.3417142857142857,0.7193939745747955,0.6642787880899294,-0.0551151864848661,0.6722324890420304,0.5501927455055122,0.6294988675193969,0.8452984350252465,0.2157995675058496,0.2106412958708686,0.289988478165754,0.0793471822948853,0.0055145991757123,0.1189135854246227,-0.0004721408872634,0.0031591995144364,0.1157543859101862,0.2269345159826774,0.1696351442543996,0.0033373889233086,0.0089677813046281,0.1606673629497714,0.1824309154037305,0.009823090427873,0.1726078249758575,0.2100549989679902,0.1292152895408089,0.0116695700513403,0.0062659925579159,80,80,0.3417142857142857,target_prevalence,0.0827928293670647,0.0034731228331914,0.0793197065338733,0.0975370462220298,0.0364346793763129,"{""class_weight"": ""balanced"", ""colsample_bytree"": 1.0, ""deterministic"": true, ""force_col_wise"": true, ""learning_rate"": 0.035, ""min_child_samples"": 12, ""n_estimators"": 180, ""n_jobs"": 1, ""num_leaves"": 15, ""objective"": ""binary"", ""reg_lambda"": 1.0, ""subsample"": 1.0, ""verbosity"": -1}",7340a032adf73dcca6285d723e7b8782f8c2625f4216107ab44a30759e1137a7,0.1670427444520844,0.161908232940681,0.0051345115114033,0.8115942028985507,0.6739130434782609,0.6666666666666666,0.4285714285714285,0.4407127573462969,0.7634245060333233,3.1816974690638107,3.840545749206557,0.6588482801427458,1.199040866595169e-14,False
4,1,0,3,DDD,B,2013B,2014B,14,logistic,source_train_only_activity_types,11,0,,1,clicks_oucollaborate,1197,1050,837,360,160,0.5747702589807853,0.5447619047619048,0.7267216065170029,0.6871616876847002,-0.0395599188323027,0.7657700186530537,0.6968348712545678,0.6289623674234792,0.6835945433209657,0.0546321758974864,0.2132491699893504,0.2307025309705879,0.0174533609812375,0.0069148432319787,0.0194556374553022,-0.0022396190490523,0.0036851237721242,0.015770513683178,0.165121345602043,0.0159421962137259,-0.0012789549532614,0.0072743247967104,0.0086678714170154,0.0152747287710698,0.0074281643509959,0.0078465644200738,0.0233979495625435,0.0084864428649082,0.0055559042435208,0.0089927453499,76,80,0.5447619047619048,target_prevalence,0.0098519779073982,0.0062058978827044,0.0036460800246938,0.0097082968539359,0.0121244336584841,"{""C"": 1.0, ""class_weight"": ""balanced"", ""max_iter"": 5000, ""solver"": ""lbfgs""}",0ec0160f1649f42124ca093cb28e50d00a77309027bbdbb0b9ac6257ff1aa269,0.0618206718745825,0.2314209638346906,-0.1696002919601081,0.9199999999999998,0.6999999999999998,1.0,0.4285714285714285,0.5770028042104226,0.5965446001045601,5.533846040774452,5.0485241481617065,-0.4853218926127454,5.3290705182007506e-15,False
4,1,0,3,DDD,B,2013B,2014B,14,lightgbm,source_train_only_activity_types,11,0,,1,clicks_oucollaborate,1197,1050,837,360,160,0.5747702589807853,0.5447619047619048,0.7092924126172208,0.6744886912250929,-0.0348037213921278,0.7677705068908198,0.716080171646537,0.6557896093144027,0.7062534634128936,0.0504638540984909,0.2268142839732138,0.2445641267362503,0.0177498427630364,0.0011366865586813,0.006666160036177,-0.0004367455513897,0.0138599357292767,-0.0071937756930996,0.2757167562429274,0.0054751352732969,-0.000463983166231,0.0189481193867716,-0.0134729841134747,0.0050368014013178,0.0191386147879122,-0.0141018133865943,0.0103714178858287,0.000578852660765,0.0168202452250955,0.0210759935484478,76,80,0.5447619047619048,target_prevalence,0.008088086325837,0.0108346970221782,-0.0027466106963411,-0.0049701931947204,-0.0044471649967584,"{""class_weight"": ""balanced"", ""colsample_bytree"": 1.0, ""deterministic"": true, ""force_col_wise"": true, ""learning_rate"": 0.035, ""min_child_samples"": 12, ""n_estimators"": 180, ""n_jobs"": 1, ""num_leaves"": 15, ""objective"": ""binary"", ""reg_lambda"": 1.0, ""subsample"": 1.0, ""verbosity"": -1}",7340a032adf73dcca6285d723e7b8782f8c2625f4216107ab44a30759e1137a7,0.0730037488659906,0.2654768997323752,-0.1924731508663845,0.8666666666666665,0.4933333333333333,1.0,0.25,0.6263691301914436,0.4386429469530387,3.709950369987549,3.5532475019300698,-0.1567028680574793,6.661338147750939e-15,False
4,1,0,3,DDD,B,2013B,2014B,56,logistic,source_train_only_activity_types,11,0,,1,clicks_oucollaborate,1085,971,759,326,159,0.5299539170506913,0.5077239958805355,0.7676527258302165,0.7169494258531577,-0.0507032999770588,0.8099674264873598,0.7297351311108424,0.5931510040150543,0.6639070882624472,0.0707560842473928,0.2011491536546004,0.2289304873719286,0.0277813337173281,0.0077449091389928,0.0727357562469365,0.0010472778994912,0.0279679136910491,0.0447678425558873,0.2566045729762884,0.0448229314078005,0.0027541868566671,0.0396420838751216,0.0051808475326788,0.0445189006716518,0.0398384835974867,0.004680417074165,0.0645038543944969,0.0251420084211042,0.0269284751806874,0.0523556925695559,76,80,0.5077239958805355,target_prevalence,0.0498103599256375,0.0272278519187655,0.0225825080068719,0.0336751752813796,0.0221853345490154,"{""C"": 1.0, ""class_weight"": ""balanced"", ""max_iter"": 5000, ""solver"": ""lbfgs""}",0ec0160f1649f42124ca093cb28e50d00a77309027bbdbb0b9ac6257ff1aa269,0.0418188136365195,0.3617618027743161,-0.3199429891377965,0.94,0.3133333333333333,1.0,0.25,0.0900136115542089,0.2286543534177947,5.327005307084114,4.953022168529109,-0.3739831385550056,7.105427357601002e-15,False
4,1,0,3,DDD,B,2013B,2014B,56,lightgbm,source_train_only_activity_types,11,0,,1,clicks_oucollaborate,1085,971,759,326,159,0.5299539170506913,0.5077239958805355,0.774377573765537,0.741964914663023,-0.032412659102514,0.8207559787055996,0.7560483064739527,0.5821629551816494,0.6842666957307554,0.1021037405491059,0.1976075109626266,0.2238759203033398,0.0262684093407132,0.0434470512675203,0.0161780482915183,2.508936239947745e-05,0.0042474089121237,0.0119306393793945,0.2176814357686095,0.0237678119507449,0.0054727441479435,0.0084277240838386,0.0153400878669063,0.0237702188234159,0.0083817710406509,0.015388447782765,0.0236120070598417,0.0239236168416482,0.0114024177461865,0.0054530304214907,76,80,0.5077239958805355,target_prevalence,0.0259380998576954,0.0099861670215997,0.0159519328360956,0.0139412861077451,-0.0040212934567011,"{""class_weight"": ""balanced"", ""colsample_bytree"": 1.0, ""deterministic"": true, ""force_col_wise"": true, ""learning_rate"": 0.035, ""min_child_samples"": 12, ""n_estimators"": 180, ""n_jobs"": 1, ""num_leaves"": 15, ""objective"": ""binary"", ""reg_lambda"": 1.0, ""subsample"": 1.0, ""verbosity"": -1}",7340a032adf73dcca6285d723e7b8782f8c2625f4216107ab44a30759e1137a7,0.0935421038163707,0.176685729690354,-0.0831436258739833,0.9066666666666664,0.7199999999999999,0.6666666666666666,0.6666666666666666,0.5731462720377969,0.5980657858236104,4.114730160518437,4.211391446590538,0.0966612860721003,7.105427357601002e-15,True
4,1,0,4,DDD,J,2013J,2014J,14,logistic,source_train_only_activity_types,10,0,,0,,1675,1479,1172,503,160,0.5068656716417911,0.4645030425963489,0.6808981657179001,0.7164402393660035,0.0355420736481034,0.6743502743594378,0.6741558182922136,0.6518126532196573,0.6306044337854445,-0.0212082194342128,0.2296521657454423,0.216718830286305,-0.0129333354591373,0.0066571790006325,0.0040555474612286,-0.0011164656947023,0.0071959571414275,-0.0031404096801989,0.1987489499599573,0.0048955207655765,-0.0009797381587481,0.0131967902746506,-0.008301269509074,0.0052181090507144,0.0130230428725566,-0.0078049338218422,0.0094394071819467,0.0003516343492063,0.0107494340108693,0.0156441465384318,80,80,0.4645030425963489,target_prevalence,0.004481262729083,0.0098990535339257,-0.0054177908048427,-0.0042791002425208,0.0022773811246437,"{""C"": 1.0, ""class_weight"": ""balanced"", ""max_iter"": 5000, ""solver"": ""lbfgs""}",0ec0160f1649f42124ca093cb28e50d00a77309027bbdbb0b9ac6257ff1aa269,0.0646357152893658,0.2405259826226722,-0.1758902673333064,0.8695652173913043,0.4710144927536232,1.0,0.6666666666666666,0.6097724715615156,0.619367445797502,3.3198601677992983,3.3768825401522404,0.0570223723529421,5.3290705182007506e-15,False
4,1,0,4,DDD,J,2013J,2014J,14,lightgbm,source_train_only_activity_types,10,0,,0,,1675,1479,1172,503,160,0.5068656716417911,0.4645030425963489,0.67887413029728,0.683484223604311,0.0046100933070309,0.6770684252260086,0.6476691246015717,0.6866850984046473,0.6653103687149452,-0.0213747296897021,0.2367297277535834,0.2310245634170299,-0.0057051643365535,0.0054712207463633,0.0094587869305542,-0.0019454808493283,0.004756702928609,0.0047020840019451,0.2521283650581011,0.0032910419292165,-0.0007235345088223,0.0044320918363378,-0.0011410499071212,0.0032146067936414,0.0042966050209952,-0.0010819982273537,0.0022143984481159,0.0043676854103171,0.0025236632659405,0.0063405204067351,80,80,0.4645030425963489,target_prevalence,0.0156062175837245,0.0039652769828441,0.0116409406008804,0.0081715123014128,-0.0069388565989352,"{""class_weight"": ""balanced"", ""colsample_bytree"": 1.0, ""deterministic"": true, ""force_col_wise"": true, ""learning_rate"": 0.035, ""min_child_samples"": 12, ""n_estimators"": 180, ""n_jobs"": 1, ""num_leaves"": 15, ""objective"": ""binary"", ""reg_lambda"": 1.0, ""subsample"": 1.0, ""verbosity"": -1}",7340a032adf73dcca6285d723e7b8782f8c2625f4216107ab44a30759e1137a7,0.1283968578132668,0.1803671100694302,-0.0519702522561634,0.7391304347826086,0.6666666666666667,0.4285714285714285,0.4285714285714285,0.4906290873284742,0.5808599938002593,2.896982170073386,2.904103584830618,0.0071214147572318,5.773159728050814e-15,True
4,1,0,4,DDD,J,2013J,2014J,56,logistic,source_train_only_activity_types,10,0,,0,,1574,1417,1101,473,160,0.4739517153748411,0.4410726887791108,0.7751004016064257,0.7021010101010101,-0.0729993915054155,0.7660442217817445,0.6349488889467169,0.5731268651446381,0.6882325470591829,0.1151056819145448,0.1944061421422475,0.2380896655249384,0.0436835233826908,0.0225903614457831,0.0142060475450179,-0.0017153952962201,0.0047256259551098,0.009480421589908,0.1661061451092485,0.0107660306732599,-0.0031078411423628,0.0065096831249841,0.0042563475482758,0.0113325289412019,0.0060239935453044,0.0053085353958974,0.0155727854377732,0.0059592759087466,0.0023885924997979,0.0106307737501702,80,80,0.4410726887791108,target_prevalence,0.020799666338072,0.0048619716637928,0.0159376946742791,0.0127090581320936,-0.006457273084371,"{""C"": 1.0, ""class_weight"": ""balanced"", ""max_iter"": 5000, ""solver"": ""lbfgs""}",0ec0160f1649f42124ca093cb28e50d00a77309027bbdbb0b9ac6257ff1aa269,0.0586974682507302,0.2500676984029104,-0.1913702301521801,0.9057971014492754,0.463768115942029,0.6666666666666666,0.6666666666666666,0.3960751643882342,0.5798981450832962,4.512118646726799,4.68825424249882,0.1761355957720205,3.552713678800501e-15,False
4,1,0,4,DDD,J,2013J,2014J,56,lightgbm,source_train_only_activity_types,10,0,,0,,1574,1417,1101,473,160,0.4739517153748411,0.4410726887791108,0.7670682730923694,0.7071959595959596,-0.0598723134964097,0.7811346869238609,0.6644227030502468,0.596619616521783,0.7715010717412321,0.1748814552194491,0.2002301459386575,0.2705820022664826,0.070351856327825,0.014325157773953,0.1246379142407965,-0.0001956676591888,0.0110953089535389,0.1135426052872575,0.2508041069426744,0.156573709267789,-0.0012980378936704,0.0122533808593789,0.14432032840841,0.1651053976495743,0.0116104057571031,0.1534949918924711,0.2289653406270096,0.0841820779085683,0.0067977178658178,0.0177090438529399,80,80,0.4410726887791108,target_prevalence,0.1615257759939163,0.0118301601306489,0.1496956158632674,0.1316191105752625,-0.0361530105760098,"{""class_weight"": ""balanced"", ""colsample_bytree"": 1.0, ""deterministic"": true, ""force_col_wise"": true, ""learning_rate"": 0.035, ""min_child_samples"": 12, ""n_estimators"": 180, ""n_jobs"": 1, ""num_leaves"": 15, ""objective"": ""binary"", ""reg_lambda"": 1.0, ""subsample"": 1.0, ""verbosity"": -1}",7340a032adf73dcca6285d723e7b8782f8c2625f4216107ab44a30759e1137a7,0.1167865535922202,0.2137744776734216,-0.0969879240812014,0.9057971014492754,0.5217391304347826,1.0,0.6666666666666666,0.8799653751390235,0.458643899038373,3.826835403619528,4.1303758945957405,0.3035404909762129,5.9952043329758445e-15,False
4,1,0,5,EEE,J,2013J,2014J,14,logistic,source_train_only_activity_types,9,0,,2,clicks_ouwiki|clicks_page,933,1027,653,280,138,0.3483386923901393,0.3339824732229795,0.6271024893473873,0.7108587796020664,0.0837562902546791,0.4427412401188154,0.5426791163959742,0.7380108238427533,0.6415733082220683,-0.096437515620685,0.2568484589301884,0.2215592156376073,-0.035289243292581,0.0100919488674591,0.0041852986335597,0.0045141144476512,0.0167240204371807,-0.0125387218036209,0.2068183362149445,-0.003177713888621,-0.0045189819521818,0.0152964596224042,-0.0184741735110252,-0.0030797096306692,0.0134219311998723,-0.0165016408305415,-0.0028825515047017,-0.0034728762725402,0.0096508857516116,0.0209420334931967,80,49,0.3339824732229795,target_prevalence,0.0072784670816073,0.0153371644367479,-0.0080586973551405,-0.0102987095793807,-0.0044800244484804,"{""C"": 1.0, ""class_weight"": ""balanced"", ""max_iter"": 5000, ""solver"": ""lbfgs""}",0ec0160f1649f42124ca093cb28e50d00a77309027bbdbb0b9ac6257ff1aa269,0.0679257250874537,0.2400678545341295,-0.1721421294466757,0.8972332015810277,0.5335968379446641,1.0,0.4285714285714285,0.7717082318098548,0.1828432238647263,5.274112699627969,5.572416627451467,0.2983039278234987,3.552713678800501e-15,False
4,1,0,5,EEE,J,2013J,2014J,14,lightgbm,source_train_only_activity_types,9,0,,2,clicks_ouwiki|clicks_page,933,1027,653,280,138,0.3483386923901393,0.3339824732229795,0.6710585333034312,0.6781110940616848,0.0070525607582535,0.5295794722942815,0.5168893024517052,0.6996463018069051,0.6701737493724818,-0.0294725524344233,0.2314626910052329,0.2273743793077606,-0.0040883116974722,0.0074568288854003,0.0091976152987703,-0.0023718743264241,0.0090897279848153,0.000107887313955,0.2894578066222862,0.0103737764662482,-0.0046609711989817,0.0131984712482519,-0.0028246947820037,0.0127517274469389,0.0103632866665583,0.0023884407803805,0.0175355232614662,0.0032120296710302,0.0046596602060252,0.0217372822904787,80,49,0.3339824732229795,target_prevalence,0.011890063593252,0.0084983887801235,0.0033916748131284,0.0017497810635417,-0.0032837874991734,"{""class_weight"": ""balanced"", ""colsample_bytree"": 1.0, ""deterministic"": true, ""force_col_wise"": true, ""learning_rate"": 0.035, ""min_child_samples"": 12, ""n_estimators"": 180, ""n_jobs"": 1, ""num_leaves"": 15, ""objective"": ""binary"", ""reg_lambda"": 1.0, ""subsample"": 1.0, ""verbosity"": -1}",7340a032adf73dcca6285d723e7b8782f8c2625f4216107ab44a30759e1137a7,0.0813171617066136,0.2286349447416474,-0.1473177830350338,0.7222222222222221,0.4523809523809523,0.6666666666666666,0.1111111111111111,0.8320594728675833,0.5197294937908343,3.802411327142771,3.908728600297852,0.1063172731550814,6.661338147750939e-15,True
4,1,0,5,EEE,J,2013J,2014J,56,logistic,source_train_only_activity_types,9,0,,2,clicks_ouwiki|clicks_page,906,997,634,272,134,0.3278145695364238,0.3139418254764293,0.7030760729416099,0.7837751994469668,0.0806991265053569,0.6100071983454681,0.6671148735313981,0.6641008607558481,0.5814804267668789,-0.0826204339889691,0.2226499077222189,0.1906117592276699,-0.0320381484945489,0.0015963651992386,0.0090564890392678,0.016507154989668,0.0212930420184128,-0.0122365529791449,0.2084089505459798,0.0084127153558463,0.0011149473785383,0.0126401017823125,-0.0042273864264662,0.0051172884230909,0.0091092059846837,-0.0039919175615927,-0.0004431893664099,0.0172686200781026,0.0031514141536441,0.0221287894109809,80,44,0.3139418254764293,target_prevalence,0.0075137446573263,0.0279896507931776,-0.0204759061358512,-0.0163562295574981,0.0082393531567062,"{""C"": 1.0, ""class_weight"": ""balanced"", ""max_iter"": 5000, ""solver"": ""lbfgs""}",0ec0160f1649f42124ca093cb28e50d00a77309027bbdbb0b9ac6257ff1aa269,0.060373255385955,0.2543683508248592,-0.1939950954389042,0.9051383399209486,0.4703557312252964,1.0,0.6666666666666666,0.2134310688356831,0.2503983145651516,6.893175964404625,7.06228615965389,0.1691101952492655,3.552713678800501e-15,False
4,1,0,5,EEE,J,2013J,2014J,56,lightgbm,source_train_only_activity_types,9,0,,2,clicks_ouwiki|clicks_page,906,997,634,272,134,0.3278145695364238,0.3139418254764293,0.7323632344814883,0.734950395157222,0.0025871606757337,0.6452287753624392,0.6583877851565549,0.6112701664100435,0.582310597372431,-0.0289595690376125,0.1959156742608913,0.1924811259405675,-0.0034345483203238,0.0037453183520598,0.02379811501281,0.0072897297754035,0.0176208008672272,0.0061773141455828,0.2832493943454944,0.0087532337129505,0.0136323856808672,0.0356913617148098,-0.0269381280018592,0.0113735309794587,0.0286740954253286,-0.0173005644458699,0.0157948411919495,0.0017116262339515,0.0168336407158535,0.0545490827137661,80,44,0.3139418254764293,target_prevalence,0.0599007061101889,0.0121121078238564,0.0477885982863324,0.0269829562159576,-0.0416112841407496,"{""class_weight"": ""balanced"", ""colsample_bytree"": 1.0, ""deterministic"": true, ""force_col_wise"": true, ""learning_rate"": 0.035, ""min_child_samples"": 12, ""n_estimators"": 180, ""n_jobs"": 1, ""num_leaves"": 15, ""objective"": ""binary"", ""reg_lambda"": 1.0, ""subsample"": 1.0, ""verbosity"": -1}",7340a032adf73dcca6285d723e7b8782f8c2625f4216107ab44a30759e1137a7,0.1065237774556567,0.2002837018877837,-0.093759924432127,0.9047619047619048,0.6732686467391564,0.6666666666666666,0.4285714285714285,0.4177324254443865,0.5324700554728522,3.603880217901262,3.766939057434972,0.16305883953371,7.993605777301127e-15,True
4,1,0,6,FFF,B,2013B,2014B,14,logistic,source_train_only_activity_types,13,0,,1,clicks_oucollaborate,1520,1309,1064,456,160,0.4861842105263158,0.5011459129106188,0.7285362285362285,0.7023703918126472,-0.0261658367235813,0.7293968608320848,0.6767617562499953,0.6545673136869213,0.6915446670100118,0.0369773533230904,0.2173743918815055,0.2305501146362297,0.0131757227547241,0.008335258335258,0.0190771893178356,-0.0019596341712396,0.0067844692640359,0.0122927200537997,0.1922035760172229,0.029449420802795,0.0044279131939849,0.0149939381156448,0.0144554826871502,0.029465256436135,0.0150142242163802,0.0144510322197547,0.0225398061221205,0.0363590354834695,0.0061424361614214,0.0238454400698682,80,80,0.5011459129106188,target_prevalence,0.0150369162137817,0.0097069973504978,0.0053299188632839,0.0088113194585418,0.0069628011905157,"{""C"": 1.0, ""class_weight"": ""balanced"", ""max_iter"": 5000, ""solver"": ""lbfgs""}",0ec0160f1649f42124ca093cb28e50d00a77309027bbdbb0b9ac6257ff1aa269,0.055702915049038,0.2729664172534965,-0.2172635022044584,0.9430199430199432,0.5213675213675214,1.0,0.4285714285714285,0.2557800842810935,0.8511959042674342,5.525105878281659,5.411586771716261,-0.1135191065653975,1.4210854715202004e-14,False
4,1,0,6,FFF,B,2013B,2014B,14,lightgbm,source_train_only_activity_types,13,0,,1,clicks_oucollaborate,1520,1309,1064,456,160,0.4861842105263158,0.5011459129106188,0.7099503349503351,0.7039823236096068,-0.0059680113407283,0.7116757562845916,0.6882895420292527,0.6615929022467839,0.6815274676718807,0.0199345654250967,0.2302344627520623,0.2331294718838106,0.0028950091317482,0.0142353892353894,0.0092842746019772,-0.0012174460343558,0.0074183800381679,0.0018658945638093,0.2510831994662308,0.013436465153832,0.0016765678032654,0.0098057028535321,0.0036307623002999,0.0134237339211049,0.0098074832575843,0.0036162506635205,0.018991526367118,0.007881403940546,0.0090288532187308,0.0105825524883333,80,80,0.5011459129106188,target_prevalence,0.0188086218196813,0.0080109694327162,0.0107976523869651,0.0063317734753872,-0.0089317578231558,"{""class_weight"": ""balanced"", ""colsample_bytree"": 1.0, ""deterministic"": true, ""force_col_wise"": true, ""learning_rate"": 0.035, ""min_child_samples"": 12, ""n_estimators"": 180, ""n_jobs"": 1, ""num_leaves"": 15, ""objective"": ""binary"", ""reg_lambda"": 1.0, ""subsample"": 1.0, ""verbosity"": -1}",7340a032adf73dcca6285d723e7b8782f8c2625f4216107ab44a30759e1137a7,0.0514503844311222,0.2599284654021367,-0.2084780809710144,0.9028571428571428,0.5363771506136775,0.6666666666666666,0.4285714285714285,0.6958612876639031,0.5603463543203827,3.507688138385075,3.415345046622543,-0.0923430917625318,5.3290705182007506e-15,True
4,1,0,6,FFF,B,2013B,2014B,56,logistic,source_train_only_activity_types,13,0,,1,clicks_oucollaborate,1407,1257,984,423,160,0.4442075337597725,0.4797136038186158,0.7598913535536442,0.7590513284748531,-0.0008400250787911,0.7218759776245317,0.7309269425563305,0.6245562947623216,0.6343231400775976,0.009766845315276,0.2013530802110516,0.2082927558411285,0.0069396756300769,0.0044137618832049,0.0441541978447441,0.0033592389844473,0.0166893842321064,0.0274648136126376,0.22215602296615,0.0149311083816313,-0.0001103566589126,0.0247805987001053,-0.0098494903184739,0.0146935504607464,0.0244197537830324,-0.009726203322286,0.0090760043315854,0.0207862124316772,0.0158868328028379,0.0336743645973727,80,80,0.4797136038186158,target_prevalence,0.0410813936165377,0.0152250115313253,0.0258563820852124,0.026660597848925,0.0016084315274252,"{""C"": 1.0, ""class_weight"": ""balanced"", ""max_iter"": 5000, ""solver"": ""lbfgs""}",0ec0160f1649f42124ca093cb28e50d00a77309027bbdbb0b9ac6257ff1aa269,0.0771646035739674,0.3402914957024207,-0.2631268921284532,0.8974358974358976,0.3732193732193732,0.6666666666666666,0.4285714285714285,0.2890877510753701,0.6572470302773945,4.579950325067808,4.873841748312974,0.2938914232451663,7.105427357601002e-15,True
4,1,0,6,FFF,B,2013B,2014B,56,lightgbm,source_train_only_activity_types,13,0,,1,clicks_oucollaborate,1407,1257,984,423,160,0.4442075337597725,0.4797136038186158,0.7689452240832956,0.7592427769409831,-0.0097024471423124,0.7459744223121298,0.7274549133626584,0.6193732639408671,0.6646248797239598,0.0452516157830926,0.2018029959475628,0.2164938384326306,0.0146908424850677,0.0344952467179718,0.0126283713709069,-0.0006693361096477,0.0140232135646439,-0.0013948421937369,0.2747276539255331,0.012609598462103,-0.0017109969440053,0.0175031451080374,-0.0048935466459344,0.0126601449097141,0.017623328341519,-0.0049631834318048,0.0138554197296938,0.0113637771945122,0.0204653083332585,0.0145409818828164,80,80,0.4797136038186158,target_prevalence,0.0449841787129796,0.0119995551638798,0.0329846235490998,0.0157948906776814,-0.0343794657428367,"{""class_weight"": ""balanced"", ""colsample_bytree"": 1.0, ""deterministic"": true, ""force_col_wise"": true, ""learning_rate"": 0.035, ""min_child_samples"": 12, ""n_estimators"": 180, ""n_jobs"": 1, ""num_leaves"": 15, ""objective"": ""binary"", ""reg_lambda"": 1.0, ""subsample"": 1.0, ""verbosity"": -1}",7340a032adf73dcca6285d723e7b8782f8c2625f4216107ab44a30759e1137a7,0.0809075416363388,0.2901460989635493,-0.2092385573272105,0.851851851851852,0.3903133903133903,0.6666666666666666,0.4285714285714285,0.5894596685020358,0.3048136054974361,4.303457513445927,4.581519556424317,0.27806204297839,6.217248937900877e-15,False
4,1,0,7,FFF,J,2013J,2014J,14,logistic,source_train_only_activity_types,13,0,,1,clicks_htmlactivity,1998,1886,1398,600,160,0.4519519519519519,0.4077412513255567,0.7321078074002624,0.737499316043694,0.0053915086434316,0.6732312438589255,0.6340654285259116,0.6545126336838504,0.6259455045403078,-0.0285671291435425,0.21071354990104,0.2085911792668555,-0.0021223706341844,0.006370641214011,0.0079074272521495,-0.0012395543908544,0.0040392045425461,0.0038682227096033,0.1979213756197337,0.0052579274486418,0.0019510500182999,0.0122492416270737,-0.0069913141784319,0.0052546587425216,0.0119306364923496,-0.0066759777498279,0.0052402125643241,0.0052756423329595,0.0105225482819884,0.013975934972159,80,80,0.4077412513255567,target_prevalence,0.0054112109534242,0.0056916232759817,-0.0002804123225574,0.0017939051935229,0.0041486350321608,"{""C"": 1.0, ""class_weight"": ""balanced"", ""max_iter"": 5000, ""solver"": ""lbfgs""}",0ec0160f1649f42124ca093cb28e50d00a77309027bbdbb0b9ac6257ff1aa269,0.0453866151887568,0.2997878164516933,-0.2544012012629364,0.9487179487179488,0.4358974358974359,1.0,0.6666666666666666,0.8146451931233256,0.5185544398598975,2.9484833530264414,3.0481406161035536,0.0996572630771122,7.105427357601002e-15,True
4,1,0,7,FFF,J,2013J,2014J,14,lightgbm,source_train_only_activity_types,13,0,,1,clicks_htmlactivity,1998,1886,1398,600,160,0.4519519519519519,0.4077412513255567,0.770298006931437,0.7107778707829,-0.059520136148537,0.7471966478696082,0.6252205108756209,0.5759538285341611,0.6270126586572827,0.0510588301231216,0.1941420393642272,0.215858471212523,0.0217164318482958,0.0344552989602844,0.0133633242931422,0.0003355147566896,0.0095871381188189,0.0037761861743233,0.2703510759575661,0.0152611464987152,-0.0017130456318753,0.012732159506122,0.0025289869925931,0.0153474389287046,0.012174904837616,0.0031725340910885,0.0157288117945773,0.0147934812028531,0.0097120954118625,0.0157522236003815,80,80,0.4077412513255567,target_prevalence,0.001424676823397,0.0051408224470179,-0.0037161456236208,3.0020275351233527e-05,0.0074923317979442,"{""class_weight"": ""balanced"", ""colsample_bytree"": 1.0, ""deterministic"": true, ""force_col_wise"": true, ""learning_rate"": 0.035, ""min_child_samples"": 12, ""n_estimators"": 180, ""n_jobs"": 1, ""num_leaves"": 15, ""objective"": ""binary"", ""reg_lambda"": 1.0, ""subsample"": 1.0, ""verbosity"": -1}",7340a032adf73dcca6285d723e7b8782f8c2625f4216107ab44a30759e1137a7,0.0706905472448271,0.2356575247545016,-0.1649669775096744,0.9088319088319088,0.5649078501144051,1.0,0.25,0.8513628405802058,0.5092324681021098,2.454616822595115,2.524032765207546,0.069415942612431,3.996802888650564e-15,False
4,1,0,7,FFF,J,2013J,2014J,56,logistic,source_train_only_activity_types,14,0,,1,clicks_htmlactivity,1915,1793,1340,575,160,0.4281984334203655,0.3770217512548801,0.7819704944769812,0.7770880899281147,-0.0048824045488664,0.7199706699938233,0.6728523144839733,0.5781863496282006,0.5783249180344645,0.0001385684062639,0.192121955211984,0.1933865126330142,0.0012645574210302,0.0208565003583165,0.0027038014686893,0.0005210610833824,0.0194978225722457,-0.0167940211035563,0.1973509015434559,0.0065497422975228,-0.0011706085327433,0.0325202719102049,-0.025970529612682,0.0068199115466298,0.0281210812076928,-0.021301169661063,0.0076481855257513,0.0054512990692944,0.0146342199156376,0.0504063239047723,80,80,0.3770217512548801,target_prevalence,0.0177729026479201,0.020447151577131,-0.0026742489292109,-0.0097341350163836,-0.0141197721743454,"{""C"": 1.0, ""class_weight"": ""balanced"", ""max_iter"": 5000, ""solver"": ""lbfgs""}",0ec0160f1649f42124ca093cb28e50d00a77309027bbdbb0b9ac6257ff1aa269,0.0521698686989638,0.3452312889496723,-0.2930614202507085,0.9417989417989416,0.4761904761904762,1.0,0.4285714285714285,0.7080741612586173,0.4468391956642533,5.917890973574082,5.677468301163368,-0.2404226724107134,3.552713678800501e-15,False
4,1,0,7,FFF,J,2013J,2014J,56,lightgbm,source_train_only_activity_types,14,0,,1,clicks_htmlactivity,1915,1793,1340,575,160,0.4281984334203655,0.3770217512548801,0.7867027454469072,0.7761822400449216,-0.0105205054019855,0.7322775184486611,0.7121874712276866,0.5718348773492025,0.5464637489928789,-0.0253711283563236,0.1874129551435545,0.1824250348663736,-0.0049879202771808,0.0016556700521409,0.0131128268653121,-0.0006666895902617,0.0142962879786517,-0.0011834611133396,0.2516367081570312,0.0159262753118604,0.0024921056551576,0.0281569532202555,-0.0122306779083951,0.0173061276107981,0.0277903680693533,-0.0104842404585552,0.0215364230941628,0.010316127529558,0.0266665061101249,0.029647400330386,80,80,0.3770217512548801,target_prevalence,0.0091879908898325,0.012617515565256,-0.0034295246754234,-0.0023064928943815,0.0022460635620838,"{""class_weight"": ""balanced"", ""colsample_bytree"": 1.0, ""deterministic"": true, ""force_col_wise"": true, ""learning_rate"": 0.035, ""min_child_samples"": 12, ""n_estimators"": 180, ""n_jobs"": 1, ""num_leaves"": 15, ""objective"": ""binary"", ""reg_lambda"": 1.0, ""subsample"": 1.0, ""verbosity"": -1}",7340a032adf73dcca6285d723e7b8782f8c2625f4216107ab44a30759e1137a7,0.0803745469922464,0.2760233036846395,-0.1956487566923931,0.8783068783068783,0.5536428697365138,0.6666666666666666,0.25,0.5891330640444624,0.5520930701869431,3.492655061243153,3.590655253222753,0.0980001919796,8.881784197001252e-15,False
4,1,0,8,GGG,J,2013J,2014J,14,logistic,source_train_only_activity_types,6,0,,1,clicks_quiz,926,719,648,278,134,0.3606911447084233,0.3824756606397774,0.617247191011236,0.5755610155610156,-0.0416861754502204,0.4369030465499158,0.4635122244018771,0.7064392095252244,0.7370325870801925,0.030593377554968,0.2478538579972752,0.2605398938215247,0.0126860358242494,0.0032022471910113,0.018248660695825,-0.0011454314480029,0.013055560689821,0.0051931000060039,0.2375492427906079,0.0106323909437828,-0.0013384855542828,0.0159592809045953,-0.0053268899608124,0.0108875960513653,0.0156584905862144,-0.004770894534849,0.0117181452180541,0.0095466366695114,0.0146795871831997,0.0172389746259908,80,50,0.3824756606397774,target_prevalence,0.0225628892544134,0.0136487999611374,0.0089140892932759,0.0070535946496399,-0.0037209892872719,"{""C"": 1.0, ""class_weight"": ""balanced"", ""max_iter"": 5000, ""solver"": ""lbfgs""}",0ec0160f1649f42124ca093cb28e50d00a77309027bbdbb0b9ac6257ff1aa269,0.061009742659267,0.2132941327240581,-0.1522843900647911,0.8421052631578948,0.6421052631578947,1.0,0.6666666666666666,0.1772256941862326,0.4729361510820715,3.4714400562655072,4.58119335380491,1.1097532975394024,3.552713678800501e-15,False
4,1,0,8,GGG,J,2013J,2014J,14,lightgbm,source_train_only_activity_types,6,0,,1,clicks_quiz,926,719,648,278,134,0.3606911447084233,0.3824756606397774,0.6170786516853932,0.5874938574938575,-0.0295847941915357,0.4408539746496577,0.4625147879764069,0.7204322851759958,0.7983994852256955,0.0779672000496997,0.2481533971021667,0.2844126995146417,0.036259302412475,0.0373033707865168,0.0344428461089453,-0.003237036621123,0.0116218983761925,0.0228209477327527,0.3814372799126344,0.0511666448022352,-0.0015568193525262,0.0178527003917575,0.0333139444104776,0.0501365702258934,0.0158912423299319,0.0342453278959614,0.0467842565159052,0.0555490330885652,0.0095077989334578,0.0261976018500573,80,50,0.3824756606397774,target_prevalence,0.0275505992224043,0.0181118324768909,0.0094387667455133,0.016129857239133,0.0133821809872394,"{""class_weight"": ""balanced"", ""colsample_bytree"": 1.0, ""deterministic"": true, ""force_col_wise"": true, ""learning_rate"": 0.035, ""min_child_samples"": 12, ""n_estimators"": 180, ""n_jobs"": 1, ""num_leaves"": 15, ""objective"": ""binary"", ""reg_lambda"": 1.0, ""subsample"": 1.0, ""verbosity"": -1}",7340a032adf73dcca6285d723e7b8782f8c2625f4216107ab44a30759e1137a7,0.1006866964455903,0.2858261090144607,-0.1851394125688703,0.8210526315789474,0.5052631578947369,0.6666666666666666,0.4285714285714285,0.2475259089626444,0.5909202136518349,2.808444574095648,3.034989196659984,0.2265446225643352,6.661338147750939e-15,True
4,1,0,8,GGG,J,2013J,2014J,56,logistic,source_train_only_activity_types,6,0,,1,clicks_quiz,919,698,643,276,136,0.3558215451577802,0.3638968481375358,0.6375257968355883,0.6253369511243527,-0.0121888457112355,0.4748413320075644,0.475535219063995,0.6952516946669743,0.7391033449724249,0.0438516503054505,0.2402907562428188,0.2539898785008768,0.0136991222580579,0.0288924558587478,0.0430585491801446,-0.002114872018075,0.0090455220546363,0.0340130271255083,0.1768862751234473,0.0153794790221815,0.0002549571588341,0.0132308268348714,0.00214865218731,0.0195817972166018,0.0131166623146711,0.0064651349019306,0.0308174690206307,-5.851097626763391e-05,0.0128114224396093,0.0136502312301335,80,49,0.3638968481375358,target_prevalence,0.0292068925451663,0.0102260930853083,0.018980799459858,0.0264969132926831,0.0150322276656502,"{""C"": 1.0, ""class_weight"": ""balanced"", ""max_iter"": 5000, ""solver"": ""lbfgs""}",0ec0160f1649f42124ca093cb28e50d00a77309027bbdbb0b9ac6257ff1aa269,0.0907491246512455,0.2101928675385621,-0.1194437428873166,0.8842105263157894,0.6210526315789474,0.6666666666666666,0.6666666666666666,0.3267046855989946,0.4419653616483659,4.946271269541657,6.363851892010411,1.417580622468754,3.552713678800501e-15,True
4,1,0,8,GGG,J,2013J,2014J,56,lightgbm,source_train_only_activity_types,6,0,,1,clicks_quiz,919,698,643,276,136,0.3558215451577802,0.3638968481375358,0.6751891767943132,0.6185358586933389,-0.0566533181009742,0.5665489363251104,0.4901165456330058,0.6355218338388229,0.7696842595139137,0.1341624256750908,0.218061947818486,0.2718574808520045,0.0537955330335185,0.0374914010548039,0.0820660556892574,-7.219197654040332e-05,0.008871544911011,0.0731945107782464,0.2874401311436312,0.0716710673992667,-0.0008421642048318,0.0121279542115968,0.0595431131876698,0.0675407645242014,0.0115754836028383,0.055965280921363,0.0564976389424479,0.0868444958560855,0.0100983516594208,0.0141575567637729,80,49,0.3638968481375358,target_prevalence,0.0312203569886105,0.0121657881181471,0.0190545688704634,0.0461245398243549,0.0541399419077829,"{""class_weight"": ""balanced"", ""colsample_bytree"": 1.0, ""deterministic"": true, ""force_col_wise"": true, ""learning_rate"": 0.035, ""min_child_samples"": 12, ""n_estimators"": 180, ""n_jobs"": 1, ""num_leaves"": 15, ""objective"": ""binary"", ""reg_lambda"": 1.0, ""subsample"": 1.0, ""verbosity"": -1}",7340a032adf73dcca6285d723e7b8782f8c2625f4216107ab44a30759e1137a7,0.1801229047008361,0.1794836940409501,0.0006392106598859,0.9263157894736842,0.6736842105263158,0.6666666666666666,0.25,0.36189345357144,0.4910194889501776,3.047245327033224,3.5194010337455928,0.4721557067123689,7.216449660063518e-15,False
5,1,1,0,AAA,J,2013J,2014J,14,logistic,source_train_only_activity_types,9,0,,0,,370,350,259,111,53,0.2486486486486486,0.2771428571428571,0.5344234079173837,0.6291512163318529,0.0947278084144691,0.2698941571600078,0.3879517448808312,0.8606037815378109,0.7241620249392625,-0.1364417565985484,0.286067361881489,0.2474595819632397,-0.0386077799182492,0.0636833046471601,-0.0006064300990588,0.0105113318535173,0.0195236292298063,-0.0201300593288652,0.2771111886402692,0.0094365045454853,0.0102149839267739,0.0283308275960421,-0.0188943230505568,0.0142648371631045,0.0241947396463063,-0.0099299024832017,0.0202693020850156,-0.0013962929940449,0.0190511430934297,0.0376105120986545,41,14,0.2771428571428571,target_prevalence,-0.0019602718230974,0.0225918047507956,-0.0245520765738931,-0.0223410679513792,0.0044220172450279,"{""C"": 1.0, ""class_weight"": ""balanced"", ""max_iter"": 5000, ""solver"": ""lbfgs""}",0ec0160f1649f42124ca093cb28e50d00a77309027bbdbb0b9ac6257ff1aa269,0.0770641849425574,0.3395437082879013,-0.2624795233453438,0.9051383399209486,0.4624505928853755,0.6666666666666666,0.25,0.8168548896214789,0.3760481460122528,5.5298720325046045,6.275237367168437,0.7453653346638323,2.4424906541753444e-15,False
5,1,1,0,AAA,J,2013J,2014J,14,lightgbm,source_train_only_activity_types,9,0,,0,,370,350,259,111,53,0.2486486486486486,0.2771428571428571,0.5215146299483648,0.6297013161647854,0.1081866862164205,0.2914074259897997,0.3899901908729998,0.7913546467431761,0.753352172964464,-0.0380024737787121,0.2329985551219428,0.2431475216058141,0.0101489664838712,0.0103270223752152,0.0122033453406516,0.0081773315388459,0.0328757538869203,-0.0206724085462686,0.343847168942313,-0.0054645374158803,-0.0043715796680459,0.0166588865616593,-0.0221234239775396,-0.0036338480968538,0.019297858429007,-0.0229317065258609,-0.001357221636013,-0.0095718531957476,0.0225796567768626,0.0107381163464559,41,14,0.2771428571428571,target_prevalence,0.0168530540294434,0.0132215653572452,0.0036314886721982,-0.0085204599370352,-0.0243038972184669,"{""class_weight"": ""balanced"", ""colsample_bytree"": 1.0, ""deterministic"": true, ""force_col_wise"": true, ""learning_rate"": 0.035, ""min_child_samples"": 12, ""n_estimators"": 180, ""n_jobs"": 1, ""num_leaves"": 15, ""objective"": ""binary"", ""reg_lambda"": 1.0, ""subsample"": 1.0, ""verbosity"": -1}",7340a032adf73dcca6285d723e7b8782f8c2625f4216107ab44a30759e1137a7,0.0893820338709991,0.3136448845314448,-0.2242628506604456,0.865079365079365,0.4302822993603817,0.6666666666666666,0.25,0.5686596550380574,0.4559904173591848,4.089686456391591,4.335427018697032,0.2457405623054409,7.105427357601002e-15,False
5,1,1,0,AAA,J,2013J,2014J,56,logistic,source_train_only_activity_types,9,0,,0,,365,342,255,110,52,0.2383561643835616,0.260233918128655,0.5201465201465202,0.6220189190389485,0.1018723988924282,0.316237290435739,0.3367991026194206,0.823551917662613,0.7201945761943743,-0.1033573414682387,0.2694644745020996,0.239701382416692,-0.0297630920854076,0.0416666666666666,-0.0020898977854779,-0.0016649472071688,0.0262903880911327,-0.0283802858766106,0.3479794915290999,0.0015534183298663,-0.0031294333542208,0.0218664325943352,-0.0203130142644688,0.0064634827313107,0.0213651578886751,-0.0149016751573643,0.0117926989719028,-0.0086858623121701,0.0208210914398488,0.0229117737488216,42,13,0.260233918128655,target_prevalence,-0.0009637469799467,0.0260382804613943,-0.0270020274413411,-0.0276911566589758,-0.0013782584352695,"{""C"": 1.0, ""class_weight"": ""balanced"", ""max_iter"": 5000, ""solver"": ""lbfgs""}",0ec0160f1649f42124ca093cb28e50d00a77309027bbdbb0b9ac6257ff1aa269,0.0733509397954506,0.3666756281095258,-0.2933246883140752,0.9051383399209486,0.4229249011857707,0.6666666666666666,0.4285714285714285,0.5452124774839394,0.3296176366125393,4.557507410235206,4.622441757918416,0.0649343476832102,5.3290705182007506e-15,False
5,1,1,0,AAA,J,2013J,2014J,56,lightgbm,source_train_only_activity_types,9,0,,0,,365,342,255,110,52,0.2383561643835616,0.260233918128655,0.5769230769230769,0.6460452102855619,0.069122133362485,0.3629900351664999,0.3408014912688694,0.7840117470087831,0.7765167649249329,-0.0074949820838501,0.2243905602768805,0.2411975682392799,0.0168070079623993,0.1227106227106227,0.0051605159486747,0.0103405613096914,0.0308069045198102,-0.0256463885711354,0.3843313857577997,0.0237421069209994,-0.0058070447436849,0.033710876488752,-0.0099687695677525,0.0101558734683902,0.0296171405974014,-0.0194612671290111,-0.004590160400905,0.0520743742429039,0.0251739394470331,0.0422478135304709,42,13,0.260233918128655,target_prevalence,0.0062543145200348,0.0428413267466477,-0.0365870122266128,-0.0311167003988741,0.0109406236554773,"{""class_weight"": ""balanced"", ""colsample_bytree"": 1.0, ""deterministic"": true, ""force_col_wise"": true, ""learning_rate"": 0.035, ""min_child_samples"": 12, ""n_estimators"": 180, ""n_jobs"": 1, ""num_leaves"": 15, ""objective"": ""binary"", ""reg_lambda"": 1.0, ""subsample"": 1.0, ""verbosity"": -1}",7340a032adf73dcca6285d723e7b8782f8c2625f4216107ab44a30759e1137a7,0.0895575662499307,0.340023836359649,-0.2504662701097183,0.83399209486166,0.380198765217406,1.0,0.4285714285714285,0.3605317817421756,0.4832378036020393,4.394907021358344,4.892793886826626,0.4978868654682813,7.993605777301127e-15,False
5,1,1,1,BBB,B,2013B,2014B,14,logistic,source_train_only_activity_types,10,0,,1,clicks_oucollaborate,1606,1289,1124,482,160,0.5006226650062267,0.4375484871993794,0.7256073414713934,0.6874321349963316,-0.0381752064750617,0.7328782378025573,0.6336224374569788,0.6220284780663452,0.6754379409134827,0.0534094628471375,0.2150296772456054,0.2346858757095516,0.0196561984639462,0.0193350665449975,0.006886770188256,0.0008613249265335,0.0392225226913507,-0.0323357525030946,0.3132140153411111,0.0117414537021212,0.0004713520122198,0.0579823723732271,-0.0462409186711058,0.0135601452756005,0.0561292358496146,-0.0425690905740141,0.0263022825109088,-0.0028193751066664,0.0431457700195844,0.0728189747268697,80,80,0.4375484871993794,target_prevalence,0.0022729282710081,0.0383999887158229,-0.0361270604448147,-0.0342314064739547,0.0037913079417201,"{""C"": 1.0, ""class_weight"": ""balanced"", ""max_iter"": 5000, ""solver"": ""lbfgs""}",0ec0160f1649f42124ca093cb28e50d00a77309027bbdbb0b9ac6257ff1aa269,0.1345713139973311,0.3289263387501308,-0.1943550247527996,0.8985507246376812,0.5579710144927535,0.6666666666666666,0.6666666666666666,0.8437559644976912,0.3721062252873907,4.455443344796751,4.395754011646687,-0.0596893331500636,2.220446049250313e-15,False
5,1,1,1,BBB,B,2013B,2014B,14,lightgbm,source_train_only_activity_types,10,0,,1,clicks_oucollaborate,1606,1289,1124,482,160,0.5006226650062267,0.4375484871993794,0.7188409290473647,0.6843934947419907,-0.034447434305374,0.7319117171701449,0.6143256119869848,0.6515393823025213,0.7036655191794347,0.0521261368769133,0.2242144010630805,0.2456253989310386,0.0214109978679581,0.0012482567448905,0.0009182345298287,-0.0014264182062403,0.0149336346334174,-0.0140154001035887,0.2962256389962486,0.0060760636278991,-0.0021259005110771,0.0241846489414626,-0.0181085853135634,0.0065160338858381,0.0248120525088028,-0.0182960186229646,0.0095985584259324,0.0025535688298659,0.029207774396752,0.0191615234861731,80,80,0.4375484871993794,target_prevalence,0.0060823292363796,0.0142054581956807,-0.008123128959301,-0.0110692645314448,-0.0058922711442876,"{""class_weight"": ""balanced"", ""colsample_bytree"": 1.0, ""deterministic"": true, ""force_col_wise"": true, ""learning_rate"": 0.035, ""min_child_samples"": 12, ""n_estimators"": 180, ""n_jobs"": 1, ""num_leaves"": 15, ""objective"": ""binary"", ""reg_lambda"": 1.0, ""subsample"": 1.0, ""verbosity"": -1}",7340a032adf73dcca6285d723e7b8782f8c2625f4216107ab44a30759e1137a7,0.0333671026630657,0.2877673098131979,-0.2544002071501321,0.891304347826087,0.608695652173913,0.6666666666666666,0.25,0.5553663180056845,0.5197406020754232,3.0558641057719966,3.0049813445721867,-0.0508827611998099,7.105427357601002e-15,False
5,1,1,1,BBB,B,2013B,2014B,56,logistic,source_train_only_activity_types,10,0,,1,clicks_oucollaborate,1470,1247,1029,441,160,0.454421768707483,0.4170008019246191,0.755207468879668,0.7471299333403871,-0.0080775355392809,0.7370756937372908,0.7047474381490565,0.6007573517392463,0.7378855423705125,0.1371281906312662,0.2041147733177098,0.2127236314050272,0.0086088580873174,0.0031120331950208,0.0506436582579892,0.0036934463168568,0.0143097387377451,0.036333919520244,0.1698664502761738,0.0690482005120963,-0.0028182560919926,0.0103692105335671,0.0586789899785291,0.0769096642916566,0.0096784527401334,0.0672312115515232,0.1164068736189161,0.0216895274052765,0.0062079788021088,0.0145304422650254,80,80,0.4170008019246191,target_prevalence,0.0596249031432107,0.0120416033410299,0.0475832998021807,0.0419586096612124,-0.0112493802819366,"{""C"": 1.0, ""class_weight"": ""balanced"", ""max_iter"": 5000, ""solver"": ""lbfgs""}",0ec0160f1649f42124ca093cb28e50d00a77309027bbdbb0b9ac6257ff1aa269,0.2587341009874083,0.2884081940386469,-0.0296740930512386,0.8405797101449275,0.4782608695652174,0.6666666666666666,0.6666666666666666,0.8979620538206426,0.2714606019945386,5.156499110346813,6.705517966566577,1.5490188562197649,1.0658141036401504e-14,False
5,1,1,1,BBB,B,2013B,2014B,56,lightgbm,source_train_only_activity_types,10,0,,1,clicks_oucollaborate,1470,1247,1029,441,160,0.454421768707483,0.4170008019246191,0.7423029045643152,0.7424161464395301,0.0001132418752148,0.7494498050801477,0.7103225467383835,0.6295660319230526,0.6488012173542437,0.019235185431191,0.216246265944684,0.2192448665221253,0.0029986005774413,0.0302697095435685,0.0085490540568355,-0.0005634644387499,0.0181871983550388,-0.0096381442982032,0.2905114783682037,0.0102472653935681,-0.0031743361425722,0.0259968487936799,-0.0157495834001118,0.0124577238886991,0.0274079735159034,-0.0149502496272042,0.0235634090816283,-0.0030688782944921,0.0344976822652391,0.0174960153221207,80,80,0.4170008019246191,target_prevalence,0.0193204872419562,0.0187095731240127,0.0006109141179435,-0.0045136150901298,-0.0102490584161468,"{""class_weight"": ""balanced"", ""colsample_bytree"": 1.0, ""deterministic"": true, ""force_col_wise"": true, ""learning_rate"": 0.035, ""min_child_samples"": 12, ""n_estimators"": 180, ""n_jobs"": 1, ""num_leaves"": 15, ""objective"": ""binary"", ""reg_lambda"": 1.0, ""subsample"": 1.0, ""verbosity"": -1}",7340a032adf73dcca6285d723e7b8782f8c2625f4216107ab44a30759e1137a7,0.0589059474241513,0.2396660230166706,-0.1807600755925193,0.9347826086956522,0.6884057971014493,0.6666666666666666,0.4285714285714285,0.7081392694982452,0.5046850896996804,3.68653675334044,4.018065715381936,0.3315289620414963,8.881784197001252e-15,False
5,1,1,2,BBB,J,2013J,2014J,14,logistic,source_train_only_activity_types,10,0,,0,,1851,1791,1295,556,160,0.4219340896812534,0.3618090452261306,0.7076688539802479,0.6434017314193751,-0.0642671225608728,0.6406841937252363,0.5164918293027904,0.6440881114886927,0.8964266879594778,0.252338576470785,0.2193184062980854,0.2463376743204181,0.0270192680223327,0.0244051169881353,0.1912153857402525,-0.0006819364839036,0.0078580429637653,0.1833573427764872,0.1771233351092271,0.174060458486787,0.0016481355828646,0.0104918238292709,0.163568634657516,0.1890650449753151,0.010223308233003,0.178841736742312,0.2283497805089158,0.1197711364646582,0.0095202855809559,0.011463362077586,80,80,0.3618090452261306,target_prevalence,0.2881029081013699,0.0046249905262889,0.2834779175750809,0.2334176301757841,-0.1001205747985937,"{""C"": 1.0, ""class_weight"": ""balanced"", ""max_iter"": 5000, ""solver"": ""lbfgs""}",0ec0160f1649f42124ca093cb28e50d00a77309027bbdbb0b9ac6257ff1aa269,0.3934453442389648,0.202981254375288,0.1904640898636767,0.8333333333333333,0.6739130434782609,0.6666666666666666,0.4285714285714285,0.8599815256280013,0.4076985340611073,3.443792529132634,5.527083902714942,2.083291373582308,7.105427357601002e-15,False
5,1,1,2,BBB,J,2013J,2014J,14,lightgbm,source_train_only_activity_types,10,0,,0,,1851,1791,1295,556,160,0.4219340896812534,0.3618090452261306,0.7075628024126732,0.6478355907672034,-0.0597272116454697,0.6553805994491186,0.4949136604838187,0.6357757526197312,0.680120274982831,0.0443445223630998,0.2215084682007799,0.2402722865249638,0.0187638183241838,0.0102737456088023,0.0231271037869679,-0.0004427911779355,0.0087461022691708,0.0143810015177971,0.2587736030524414,0.0246719034093111,-0.001604571896498,0.0099837511972611,0.01468815221205,0.0255332822853542,0.0092988274920405,0.0162344547933137,0.027788528797176,0.0215552780214463,0.00750557270019,0.0124619296943322,80,80,0.3618090452261306,target_prevalence,0.0978400779192225,0.0079619024237118,0.0898781754955106,0.0521295885066539,-0.0754971739777135,"{""class_weight"": ""balanced"", ""colsample_bytree"": 1.0, ""deterministic"": true, ""force_col_wise"": true, ""learning_rate"": 0.035, ""min_child_samples"": 12, ""n_estimators"": 180, ""n_jobs"": 1, ""num_leaves"": 15, ""objective"": ""binary"", ""reg_lambda"": 1.0, ""subsample"": 1.0, ""verbosity"": -1}",7340a032adf73dcca6285d723e7b8782f8c2625f4216107ab44a30759e1137a7,0.1188364094769665,0.2432808997567863,-0.1244444902798198,0.7753623188405797,0.4420289855072464,1.0,0.25,0.686681413669049,0.4926908673137377,2.953422414782859,3.182144790476348,0.2287223756934886,4.884981308350689e-15,False
5,1,1,2,BBB,J,2013J,2014J,56,logistic,source_train_only_activity_types,10,0,,0,,1785,1750,1249,536,160,0.3994397759103641,0.3417142857142857,0.7275933128228943,0.6915833449461167,-0.0360099678767775,0.6706782810723375,0.5437306414393206,0.6534989667692059,0.984155622179093,0.3306566554098871,0.2174530686155007,0.2387579645218406,0.0213048959063399,0.0156730713414987,0.1296705412056685,0.00176975972842,0.004584798160502,0.1250857430451665,0.1377817766679118,0.1320216119492224,-0.0023563524304247,0.0002280876596784,0.131793524289544,0.1440780839085002,-0.0001732691373717,0.1442513530458719,0.1701061352862912,0.0939370886121536,-0.0010397361577181,0.001495911477075,80,80,0.3417142857142857,target_prevalence,0.0684444041036645,0.0050552755383608,0.0633891285653037,0.0942374358052351,0.0616966144798628,"{""C"": 1.0, ""class_weight"": ""balanced"", ""max_iter"": 5000, ""solver"": ""lbfgs""}",0ec0160f1649f42124ca093cb28e50d00a77309027bbdbb0b9ac6257ff1aa269,0.3756259608008708,0.1994296019938211,0.1761963588070496,0.7246376811594203,0.6594202898550725,0.6666666666666666,1.0,0.2253572420828135,0.7012387310776863,4.718049597993742,7.968479785535789,3.2504301875420465,7.105427357601002e-15,False
5,1,1,2,BBB,J,2013J,2014J,56,lightgbm,source_train_only_activity_types,10,0,,0,,1785,1750,1249,536,160,0.3994397759103641,0.3417142857142857,0.7127329192546585,0.6478612156261613,-0.0648717036284972,0.6677169096571096,0.4620914492364034,0.6349752280818983,1.0224153032439325,0.3874400751620339,0.2175790087148869,0.3267911604807726,0.1092121517658857,0.0008707261856388,0.0806342214961547,-0.002106487889637,0.0089694179079182,0.0716648035882364,0.2653707930442012,0.1258691371294084,0.0051391005292382,0.0169381991908864,0.1089309379385219,0.1250598292737749,0.0152787818189244,0.1097810474548504,0.1233126592460897,0.1284256150127272,0.0116963573119451,0.0221800410698277,80,80,0.3417142857142857,target_prevalence,0.0461053131034921,0.008550486157913,0.0375548269455791,0.0546098152669077,0.0341099766426573,"{""class_weight"": ""balanced"", ""colsample_bytree"": 1.0, ""deterministic"": true, ""force_col_wise"": true, ""learning_rate"": 0.035, ""min_child_samples"": 12, ""n_estimators"": 180, ""n_jobs"": 1, ""num_leaves"": 15, ""objective"": ""binary"", ""reg_lambda"": 1.0, ""subsample"": 1.0, ""verbosity"": -1}",7340a032adf73dcca6285d723e7b8782f8c2625f4216107ab44a30759e1137a7,0.1988017564120031,0.1839480923560651,0.014853664055938,0.7898550724637681,0.5579710144927535,0.6666666666666666,0.6666666666666666,0.5822953002499683,0.5501443781231632,3.238171728145768,4.179074954837607,0.9409032266918392,1.4210854715202004e-14,False
5,1,1,3,DDD,B,2013B,2014B,14,logistic,source_train_only_activity_types,11,0,,1,clicks_oucollaborate,1197,1050,837,360,160,0.5747702589807853,0.5447619047619048,0.7259006662246219,0.6583813675863884,-0.0675192986382334,0.7882888638404386,0.6819823297366674,0.619799605533099,0.708045805359723,0.0882461998266239,0.214742686801873,0.24501357465625,0.030270887854377,0.0124088282656058,0.0190492423341311,6.47145415849093e-05,0.0126123884735214,0.0064368538606097,0.1873379103273321,0.0130337125141827,-0.0013036051679153,0.0124088613757905,0.0006248511383922,0.0127015821091858,0.012277074772635,0.0004245073365507,0.0167436798040424,0.0093237452243231,0.0138809457727403,0.0109367769788407,76,80,0.5447619047619048,target_prevalence,0.0082250386866888,0.008102587321196,0.0001224513654928,0.0032796526130512,0.0063144024951168,"{""C"": 1.0, ""class_weight"": ""balanced"", ""max_iter"": 5000, ""solver"": ""lbfgs""}",0ec0160f1649f42124ca093cb28e50d00a77309027bbdbb0b9ac6257ff1aa269,0.0653848151150133,0.2868399757215046,-0.2214551606064912,0.9066666666666664,0.4866666666666665,1.0,0.4285714285714285,0.2334999036227113,0.2569801586715042,5.280490422505179,4.962315254196318,-0.3181751683088611,2.664535259100376e-15,False
5,1,1,3,DDD,B,2013B,2014B,14,lightgbm,source_train_only_activity_types,11,0,,1,clicks_oucollaborate,1197,1050,837,360,160,0.5747702589807853,0.5447619047619048,0.6996937261216886,0.6679711501887233,-0.0317225759329652,0.773815111876007,0.6989884596915392,0.658198404137643,0.6983082357179726,0.0401098315803296,0.2311121029865379,0.2430684339858835,0.0119563309993455,0.0126929999052761,0.0101015583893223,-0.0021701887498226,0.0048773634545647,0.0052241949347575,0.2409951074631394,0.0135643501464665,-0.0023134127203982,0.0063701612080042,0.0071941889384622,0.0131799757395487,0.006657128672502,0.0065228470670466,0.0178578940535262,0.0092708062394067,0.0031646735726564,0.0095756488433521,76,80,0.5447619047619048,target_prevalence,0.007262138770836,0.0070267721389353,0.0002353666319006,0.0027297807833291,0.0049888283028569,"{""class_weight"": ""balanced"", ""colsample_bytree"": 1.0, ""deterministic"": true, ""force_col_wise"": true, ""learning_rate"": 0.035, ""min_child_samples"": 12, ""n_estimators"": 180, ""n_jobs"": 1, ""num_leaves"": 15, ""objective"": ""binary"", ""reg_lambda"": 1.0, ""subsample"": 1.0, ""verbosity"": -1}",7340a032adf73dcca6285d723e7b8782f8c2625f4216107ab44a30759e1137a7,0.0885706605467013,0.1730306210137621,-0.0844599604670608,0.8866666666666665,0.6933333333333331,0.4285714285714285,0.6666666666666666,0.7683131971237187,0.6548692046602232,3.6081916552289375,3.548966377729299,-0.0592252774996393,8.437694987151191e-15,False
5,1,1,3,DDD,B,2013B,2014B,56,logistic,source_train_only_activity_types,11,0,,1,clicks_oucollaborate,1085,971,759,326,159,0.5299539170506913,0.5077239958805355,0.7596433563791605,0.7249696589067023,-0.0346736974724581,0.790967732915078,0.7286351159404533,0.5990106612773441,0.6638786000214894,0.0648679387441452,0.2036940919849924,0.2254461305630522,0.0217520385780598,0.0303373757981033,0.0171213176817187,-0.0018377782830956,0.0185795183446244,-0.0014582006629056,0.2198705304701181,0.0319581953887422,0.0045318181651352,0.0341685461423527,-0.0022103507536105,0.0316925952403324,0.034435859115561,-0.0027432638752286,0.0491513783291326,0.0147650124483517,0.016864486343332,0.0514726059413734,76,80,0.5077239958805355,target_prevalence,0.0137430253859487,0.0158610152034823,-0.0021179898175336,-0.0017880952402196,0.0006597891546279,"{""C"": 1.0, ""class_weight"": ""balanced"", ""max_iter"": 5000, ""solver"": ""lbfgs""}",0ec0160f1649f42124ca093cb28e50d00a77309027bbdbb0b9ac6257ff1aa269,0.0472038069162025,0.3076876140488147,-0.2604838071326121,0.9266666666666664,0.3866666666666666,1.0,0.25,0.5854825960805399,0.4455948884406975,6.135731243151025,6.241280450801441,0.1055492076504158,1.4210854715202004e-14,False
5,1,1,3,DDD,B,2013B,2014B,56,lightgbm,source_train_only_activity_types,11,0,,1,clicks_oucollaborate,1085,971,759,326,159,0.5299539170506913,0.5077239958805355,0.7721485511352904,0.7448717187062389,-0.0272768324290514,0.8099768778875356,0.7628900904295721,0.5909592860854694,0.6715545743039419,0.0805952882184725,0.1994367758188013,0.2196682184769045,0.0202314426581031,0.0157920586346291,0.0190759495678148,-0.0023738153260042,0.0096768775975927,0.009399071970222,0.2531752557225675,0.0100391883138286,0.0002901445933399,0.0166360884102107,-0.006596900096382,0.0099323982549545,0.016575844582006,-0.0066434463270514,0.0169520647916143,0.0031263118360429,0.0205358722226626,0.0127363045977588,76,80,0.5077239958805355,target_prevalence,0.0589098827948748,0.0078663664944977,0.0510435163003771,0.0302212941352995,-0.041644444330155,"{""class_weight"": ""balanced"", ""colsample_bytree"": 1.0, ""deterministic"": true, ""force_col_wise"": true, ""learning_rate"": 0.035, ""min_child_samples"": 12, ""n_estimators"": 180, ""n_jobs"": 1, ""num_leaves"": 15, ""objective"": ""binary"", ""reg_lambda"": 1.0, ""subsample"": 1.0, ""verbosity"": -1}",7340a032adf73dcca6285d723e7b8782f8c2625f4216107ab44a30759e1137a7,0.1060140095217836,0.2602570233260987,-0.154243013804315,0.8133333333333331,0.5333333333333332,0.6666666666666666,0.4285714285714285,0.8193097959230436,0.6212994158177985,4.319154303001588,4.606807440365277,0.2876531373636881,9.769962616701378e-15,False
5,1,1,4,DDD,J,2013J,2014J,14,logistic,source_train_only_activity_types,10,0,,0,,1675,1479,1172,503,160,0.5068656716417911,0.4645030425963489,0.7033048703352309,0.7036945142840338,0.0003896439488029,0.693708196247497,0.6528283848991304,0.6417079016805244,0.6678365222538328,0.0261286205733084,0.2248420813697884,0.2252773804475342,0.0004352990777457,0.0185009487666035,0.0104056993418331,0.000106302506235,0.0106946868822107,-0.0002889875403775,0.2034466441015677,0.0085776686692724,0.0009497919831863,0.016688141348717,-0.0081104726794445,0.0089362732100866,0.016037256283882,-0.0071009830737953,0.0136288697727411,0.0035264675658038,0.0075199602926134,0.0258563224048206,80,80,0.4645030425963489,target_prevalence,0.0056652244063617,0.0093308560373053,-0.0036656316309436,-0.0019773095856606,0.003376644090566,"{""C"": 1.0, ""class_weight"": ""balanced"", ""max_iter"": 5000, ""solver"": ""lbfgs""}",0ec0160f1649f42124ca093cb28e50d00a77309027bbdbb0b9ac6257ff1aa269,0.1125423194207718,0.2517110814721454,-0.1391687620513735,0.8333333333333333,0.5289855072463768,0.6666666666666666,0.6666666666666666,0.4193098872066102,0.5220657258395398,4.453599571481383,4.759264925323465,0.3056653538420821,7.105427357601002e-15,False
5,1,1,4,DDD,J,2013J,2014J,14,lightgbm,source_train_only_activity_types,10,0,,0,,1675,1479,1172,503,160,0.5068656716417911,0.4645030425963489,0.6788583175205566,0.6743674003499331,-0.0044909171706234,0.6710129554029372,0.6376306823051212,0.6973411312725036,0.6758013575800447,-0.0215397736924589,0.2403542775801424,0.2362169572323859,-0.0041373203477565,0.0111163820366856,0.0055984219257634,0.0018078701342839,0.010953405719843,-0.0053549837940796,0.2489198884388006,0.0048906195978943,0.0033989763898601,0.0109708613906439,-0.0060802417927495,0.0050071415306421,0.0109731284733472,-0.0059659869427051,0.0065319142505992,0.0032493249451893,0.0110027948698657,0.010938927911422,80,80,0.4645030425963489,target_prevalence,0.0060855800243882,0.0048263178547645,0.0012592621696237,-0.0020478608122279,-0.0066142459637033,"{""class_weight"": ""balanced"", ""colsample_bytree"": 1.0, ""deterministic"": true, ""force_col_wise"": true, ""learning_rate"": 0.035, ""min_child_samples"": 12, ""n_estimators"": 180, ""n_jobs"": 1, ""num_leaves"": 15, ""objective"": ""binary"", ""reg_lambda"": 1.0, ""subsample"": 1.0, ""verbosity"": -1}",7340a032adf73dcca6285d723e7b8782f8c2625f4216107ab44a30759e1137a7,0.071847255721382,0.1983624796810292,-0.1265152239596472,0.8840579710144928,0.6521739130434783,1.0,0.4285714285714285,0.6621955612143908,0.3988111913295144,3.16981005586081,3.2218745781170752,0.052064522256265,4.440892098500626e-15,False
5,1,1,4,DDD,J,2013J,2014J,56,logistic,source_train_only_activity_types,10,0,,0,,1574,1417,1101,473,160,0.4739517153748411,0.4410726887791108,0.7817161503155479,0.748909090909091,-0.0328070594064568,0.7753168932863839,0.6943642837037274,0.5672199952379801,0.6357054983994459,0.0684855031614658,0.1930767624183595,0.2167634837188815,0.023686721300522,0.0235405909351691,0.0348243786526769,0.0093477956671888,0.0168265382935725,0.0179978403591044,0.168298939214119,0.0221535736306976,0.0039456582101912,0.0117361214404697,0.0104174521902279,0.0233984798928605,0.0113394033954225,0.012059076497438,0.0327166405377923,0.011590506723603,0.0083699569504585,0.0151022859304809,80,80,0.4410726887791108,target_prevalence,0.0391465566991224,0.0147710628484027,0.0243754938507196,0.021186667104912,-0.0063776534916152,"{""C"": 1.0, ""class_weight"": ""balanced"", ""max_iter"": 5000, ""solver"": ""lbfgs""}",0ec0160f1649f42124ca093cb28e50d00a77309027bbdbb0b9ac6257ff1aa269,0.0493016741252693,0.2077326245206876,-0.1584309503954182,0.927536231884058,0.608695652173913,1.0,0.6666666666666666,0.2377144241902606,0.275989285585338,4.464958451924247,4.5337442412860645,0.0687857893618177,3.552713678800501e-15,False
5,1,1,4,DDD,J,2013J,2014J,56,lightgbm,source_train_only_activity_types,10,0,,0,,1574,1417,1101,473,160,0.4739517153748411,0.4410726887791108,0.7725365748709122,0.645860606060606,-0.1266759688103061,0.7766802130834731,0.6203137660826428,0.5878135052930867,0.8078563938135086,0.2200428885204218,0.1968157600157264,0.2941001250181763,0.0972843650024498,0.0062930292598967,0.2645060265833514,0.0010062804766367,0.0092690260860864,0.2552370004972649,0.2218230351312421,0.2654417927006518,0.0049765339645242,0.0169633673506956,0.2484784253499561,0.2851642579879188,0.016433038363265,0.2687312196246537,0.4327875011560843,0.0980960842452192,0.0124635100142334,0.0214632246871578,80,80,0.4410726887791108,target_prevalence,0.2569494029502871,0.0112489296351632,0.2457004733151238,0.2504687369061944,0.009536527182141,"{""class_weight"": ""balanced"", ""colsample_bytree"": 1.0, ""deterministic"": true, ""force_col_wise"": true, ""learning_rate"": 0.035, ""min_child_samples"": 12, ""n_estimators"": 180, ""n_jobs"": 1, ""num_leaves"": 15, ""objective"": ""binary"", ""reg_lambda"": 1.0, ""subsample"": 1.0, ""verbosity"": -1}",7340a032adf73dcca6285d723e7b8782f8c2625f4216107ab44a30759e1137a7,0.1133270483098291,0.2020650783752832,-0.088738030065454,0.8985507246376812,0.5652173913043478,1.0,0.6666666666666666,0.1978655577764777,0.4168828216529014,3.559374506057691,3.926554608511914,0.3671801024542231,9.325873406851317e-15,False
5,1,1,5,EEE,J,2013J,2014J,14,logistic,source_train_only_activity_types,9,0,,2,clicks_ouwiki|clicks_page,933,1027,653,280,138,0.3483386923901393,0.3339824732229795,0.6488001794124243,0.7014176597957479,0.0526174803833235,0.4539852434851217,0.5017048910869701,0.7258688140760831,0.6825628942355156,-0.0433059198405674,0.2512506346710881,0.2353464723965876,-0.0159041622745005,0.0072886297376093,0.0013972389389304,0.0037652552552071,0.0143806153666827,-0.0129833764277523,0.2180176825587408,0.0002448260953102,-0.0027348688041587,0.0166900368813725,-0.0164452107860623,0.0014698803133083,0.0133136938542752,-0.0118438135409669,0.003934358886759,-0.0034447066961385,0.0065214026032818,0.0268586711594633,80,49,0.3339824732229795,target_prevalence,0.0042487119920563,0.0181222940693236,-0.0138735820772673,-0.0134284792525098,0.000890205649515,"{""C"": 1.0, ""class_weight"": ""balanced"", ""max_iter"": 5000, ""solver"": ""lbfgs""}",0ec0160f1649f42124ca093cb28e50d00a77309027bbdbb0b9ac6257ff1aa269,0.0612292849535433,0.320660404474124,-0.2594311195205806,0.8972332015810277,0.4703557312252964,0.6666666666666666,0.6666666666666666,0.7602417501492628,0.5549447861497654,4.870347046880733,4.683128354001994,-0.1872186928787389,2.664535259100376e-15,False
5,1,1,5,EEE,J,2013J,2014J,14,lightgbm,source_train_only_activity_types,9,0,,2,clicks_ouwiki|clicks_page,933,1027,653,280,138,0.3483386923901393,0.3339824732229795,0.6794684906929804,0.7110292738649344,0.0315607831719539,0.5043173686754086,0.5623022883234228,0.7287238395731569,0.6445811504949286,-0.0841426890782283,0.2344839450823097,0.2132230173670914,-0.0212609277152183,0.0040367795469836,0.0035744850764798,-0.001190157039639,0.0085701221583129,-0.004995637081833,0.3064839979912468,0.0013767752770648,0.0002236018946659,0.0134768455702891,-0.0121000702932242,0.0030975283199165,0.0126956672488675,-0.0095981389289509,0.0065592191920462,-0.0038056686379165,0.0111241472239548,0.0158295439166233,80,49,0.3339824732229795,target_prevalence,-0.0013958884941961,0.0102719875385439,-0.0116678760327401,-0.0083317565572866,0.006672238950907,"{""class_weight"": ""balanced"", ""colsample_bytree"": 1.0, ""deterministic"": true, ""force_col_wise"": true, ""learning_rate"": 0.035, ""min_child_samples"": 12, ""n_estimators"": 180, ""n_jobs"": 1, ""num_leaves"": 15, ""objective"": ""binary"", ""reg_lambda"": 1.0, ""subsample"": 1.0, ""verbosity"": -1}",7340a032adf73dcca6285d723e7b8782f8c2625f4216107ab44a30759e1137a7,0.0631989109765743,0.2467107240854702,-0.1835118131088958,0.8656126482213439,0.578218955434805,1.0,0.4285714285714285,0.5949751207097539,0.5820742962437188,3.993016854500134,3.965744660509498,-0.0272721939906359,6.661338147750939e-15,False
5,1,1,5,EEE,J,2013J,2014J,56,logistic,source_train_only_activity_types,9,0,,2,clicks_ouwiki|clicks_page,906,997,634,272,134,0.3278145695364238,0.3139418254764293,0.7303984773131946,0.7861900491377538,0.0557915718245591,0.6609104566924177,0.6569563463332948,0.6056303006012851,0.587883324465908,-0.0177469761353771,0.2060678719514031,0.1990720832880045,-0.0069957886633986,0.0286117762632776,0.0089442242351819,-0.0026670360125306,0.0150440425438047,-0.0060998183086228,0.2602962958171301,0.011855963055129,-0.0061372582039833,0.024059682717851,-0.0122037196627219,0.0128283845611346,0.0209309291976037,-0.0081025446364691,0.0144691820348799,0.0092427440753781,0.0156516847133052,0.0324676807223967,80,44,0.3139418254764293,target_prevalence,0.0025490175400409,0.0147725448759742,-0.0122235273359332,-0.009161672822278,0.0061237090273104,"{""C"": 1.0, ""class_weight"": ""balanced"", ""max_iter"": 5000, ""solver"": ""lbfgs""}",0ec0160f1649f42124ca093cb28e50d00a77309027bbdbb0b9ac6257ff1aa269,0.0785612342755314,0.3649127339310544,-0.286351499655523,0.9209486166007904,0.4624505928853755,0.6666666666666666,0.25,0.4490682377241268,0.6450707218619453,5.247813333537903,5.007892537272196,-0.2399207962657072,3.552713678800501e-15,False
5,1,1,5,EEE,J,2013J,2014J,56,lightgbm,source_train_only_activity_types,9,0,,2,clicks_ouwiki|clicks_page,906,997,634,272,134,0.3278145695364238,0.3139418254764293,0.7452569533984159,0.7563010294639687,0.0110440760655528,0.6716563944263236,0.6720823811157997,0.6074632035987757,0.6148196898081082,0.0073564862093324,0.1985253024235777,0.1982047553971298,-0.0003205470264478,0.0057100755203536,0.0514992183819005,0.0017705664227803,0.0121525378678894,0.039346680514011,0.3035085089035446,0.0328218574807111,-0.0030318005172374,0.0200569558781738,0.0127649016025373,0.0348796405215905,0.0210309502266435,0.013848690294947,0.038351802741511,0.0272919122199113,0.0226744016070803,0.0174395101492672,80,44,0.3139418254764293,target_prevalence,0.0201697356603873,0.0125194809771192,0.0076502546832681,0.0234984675986396,0.0316964258307429,"{""class_weight"": ""balanced"", ""colsample_bytree"": 1.0, ""deterministic"": true, ""force_col_wise"": true, ""learning_rate"": 0.035, ""min_child_samples"": 12, ""n_estimators"": 180, ""n_jobs"": 1, ""num_leaves"": 15, ""objective"": ""binary"", ""reg_lambda"": 1.0, ""subsample"": 1.0, ""verbosity"": -1}",7340a032adf73dcca6285d723e7b8782f8c2625f4216107ab44a30759e1137a7,0.1373880333715808,0.1926423655217584,-0.0552543321501775,0.8814229249011858,0.6495062239130686,0.6666666666666666,0.25,0.6777060784656042,0.2306260787860067,3.9552169244811566,4.555367558558422,0.6001506340772655,8.881784197001252e-15,False
5,1,1,6,FFF,B,2013B,2014B,14,logistic,source_train_only_activity_types,13,0,,1,clicks_oucollaborate,1520,1309,1064,456,160,0.4861842105263158,0.5011459129106188,0.7384114884114884,0.7091379374743212,-0.0292735509371672,0.7383463587774219,0.6796898970853775,0.62966176523129,0.6775236759003817,0.0478619106690916,0.2114676823934574,0.2251271031944145,0.0136594208009571,0.0234080234080233,0.0037042179477824,0.002607383959654,0.0413206280165326,-0.0376164100687501,0.3000413844995584,0.0220812257933708,0.0006530307958998,0.0561603453312964,-0.0340791195379255,0.0221047019228544,0.0561859655402923,-0.0340812636174379,0.01183780796205,0.0323246436246917,0.0449813941394003,0.0673392965231924,80,80,0.5011459129106188,target_prevalence,0.0043789526981553,0.0405268167364334,-0.0361478640382781,-0.0368821370535141,-0.001468546030472,"{""C"": 1.0, ""class_weight"": ""balanced"", ""max_iter"": 5000, ""solver"": ""lbfgs""}",0ec0160f1649f42124ca093cb28e50d00a77309027bbdbb0b9ac6257ff1aa269,0.0417049619103128,0.3615101568590901,-0.3198051949487773,0.9430199430199432,0.3447293447293448,1.0,0.4285714285714285,0.9578882902179808,0.2844800860036974,5.217234109484748,5.2691834898441625,0.0519493803594146,1.4210854715202004e-14,False
5,1,1,6,FFF,B,2013B,2014B,14,lightgbm,source_train_only_activity_types,13,0,,1,clicks_oucollaborate,1520,1309,1064,456,160,0.4861842105263158,0.5011459129106188,0.7094594594594594,0.7044025230642812,-0.0050569363951782,0.7086474617158989,0.7019085107162781,0.654461094474784,0.6725591172745699,0.0180980227997858,0.2277165206870326,0.2302924413192645,0.0025759206322318,0.0225610225610224,0.0174625569579808,0.0013211419678954,0.0077944427138622,0.0096681142441186,0.2377672605700941,0.0093760063137668,0.0005961680871656,0.0163670614675653,-0.0069910551537985,0.0093681055160809,0.0163723545231546,-0.0070042490070737,0.0128233877040568,0.0059286249234768,0.014057524878779,0.0186765980563516,80,80,0.5011459129106188,target_prevalence,0.0183717775438088,0.0105541502744911,0.0078176272693177,0.0087428707567182,0.0018504869748009,"{""class_weight"": ""balanced"", ""colsample_bytree"": 1.0, ""deterministic"": true, ""force_col_wise"": true, ""learning_rate"": 0.035, ""min_child_samples"": 12, ""n_estimators"": 180, ""n_jobs"": 1, ""num_leaves"": 15, ""objective"": ""binary"", ""reg_lambda"": 1.0, ""subsample"": 1.0, ""verbosity"": -1}",7340a032adf73dcca6285d723e7b8782f8c2625f4216107ab44a30759e1137a7,0.04637504985461,0.2095011789545391,-0.1631261290999291,0.9145299145299146,0.6980056980056981,1.0,0.25,0.8097440335542513,0.5927631757829734,3.758546203552564,3.562198671457074,-0.1963475320954897,5.773159728050814e-15,True
5,1,1,6,FFF,B,2013B,2014B,56,logistic,source_train_only_activity_types,13,0,,1,clicks_oucollaborate,1407,1257,984,423,160,0.4442075337597725,0.4797136038186158,0.7610230873698507,0.7578493871113343,-0.0031737002585163,0.7074462386158211,0.7087971170762368,0.6325305630706961,0.6801173088572084,0.0475867457865123,0.2045695332037232,0.2126269507544773,0.008057417550754,0.014961521050249,0.0094291042593363,-0.000442699043013,0.0036363437960863,0.00579276046325,0.1628491016655684,0.029874805435327,0.0002275220318599,0.0086594643938996,0.0212153410414274,0.0291989356127978,0.0084689130710586,0.0207300225417391,0.0132166021624001,0.046533008708254,0.0039629347309373,0.0133559940568618,80,80,0.4797136038186158,target_prevalence,0.0152111926899128,0.005958572041685,0.0092526206482278,0.0075226905557389,-0.0034598601849778,"{""C"": 1.0, ""class_weight"": ""balanced"", ""max_iter"": 5000, ""solver"": ""lbfgs""}",0ec0160f1649f42124ca093cb28e50d00a77309027bbdbb0b9ac6257ff1aa269,0.1532342042727006,0.186481724186281,-0.0332475199135804,0.8461538461538463,0.6125356125356126,0.6666666666666666,0.6666666666666666,0.6019624442087792,0.5331106534171854,5.814595810965857,6.597303134730055,0.7827073237641979,2.8421709430404014e-14,True
5,1,1,6,FFF,B,2013B,2014B,56,lightgbm,source_train_only_activity_types,13,0,,1,clicks_oucollaborate,1407,1257,984,423,160,0.4442075337597725,0.4797136038186158,0.7770484382073336,0.7591768476678787,-0.0178715905394548,0.7441945952716881,0.7402713919323055,0.5893680242639456,0.6385382357996382,0.0491702115356925,0.194666870979501,0.2078146603188878,0.0131477893393867,0.0146446355817111,0.0166914894936757,-0.0018024075376961,0.0071103751490805,0.0095811143445951,0.2536702006691452,0.0097699143269124,0.0032237540093291,0.0139873495495201,-0.0042174352226077,0.0099298097820847,0.0138137021483188,-0.0038838923662341,0.013710867016158,0.0058289616376668,0.0097074518375572,0.0182672472614831,80,80,0.4797136038186158,target_prevalence,0.0208659700040835,0.0064216575134957,0.0144443124905877,0.0120127134175914,-0.0048631981459925,"{""class_weight"": ""balanced"", ""colsample_bytree"": 1.0, ""deterministic"": true, ""force_col_wise"": true, ""learning_rate"": 0.035, ""min_child_samples"": 12, ""n_estimators"": 180, ""n_jobs"": 1, ""num_leaves"": 15, ""objective"": ""binary"", ""reg_lambda"": 1.0, ""subsample"": 1.0, ""verbosity"": -1}",7340a032adf73dcca6285d723e7b8782f8c2625f4216107ab44a30759e1137a7,0.1051134043847946,0.2571855234888775,-0.1520721191040829,0.8290598290598292,0.4415954415954416,0.6666666666666666,0.4285714285714285,0.3819251682190291,0.5985540581186707,3.842833912812305,3.991462961236633,0.1486290484243277,6.217248937900877e-15,False
5,1,1,7,FFF,J,2013J,2014J,14,logistic,source_train_only_activity_types,13,0,,1,clicks_htmlactivity,1998,1886,1398,600,160,0.4519519519519519,0.4077412513255567,0.7353043439248982,0.7258586707614791,-0.009445673163419,0.7058132209601691,0.6337858601184487,0.6046334432778021,0.6161779063036554,0.0115444630258533,0.2073404979632269,0.2117717424715889,0.0044312445083619,0.0043405601229263,0.0056395089545018,-0.0018230625791622,0.0210025496795973,-0.0153630407250955,0.3017507385011215,0.0037046895967258,-0.0012627276310073,0.0427258013398068,-0.039021111743081,0.0040282028884101,0.0384490491577986,-0.0344208462693884,0.0054579828959117,0.0019513962975399,0.0195477708361647,0.065903831843449,80,80,0.4077412513255567,target_prevalence,0.0026944623542899,0.0217499220526584,-0.0190554596983684,-0.017209250211732,0.0036924189732729,"{""C"": 1.0, ""class_weight"": ""balanced"", ""max_iter"": 5000, ""solver"": ""lbfgs""}",0ec0160f1649f42124ca093cb28e50d00a77309027bbdbb0b9ac6257ff1aa269,0.0788535578247064,0.3195628031819126,-0.2407092453572061,0.9088319088319088,0.3618233618233619,1.0,1.0,0.7560300672912152,0.3490430383534976,3.770608998940791,3.611847712940409,-0.1587612860003822,1.7763568394002505e-15,False
5,1,1,7,FFF,J,2013J,2014J,14,lightgbm,source_train_only_activity_types,13,0,,1,clicks_htmlactivity,1998,1886,1398,600,160,0.4519519519519519,0.4077412513255567,0.7265559281732635,0.715392101963624,-0.0111638262096395,0.6967009613260102,0.6375666203893866,0.614710044190915,0.6197545593034184,0.0050445151125033,0.2109916259325591,0.2121140056350042,0.0011223797024451,0.0258975538083646,0.0420548188402313,0.0008283202772687,0.0102915484885707,0.0317632703516605,0.2555398072984334,0.0420177827148732,-0.0025456956615567,0.0157074826838081,0.026310300031065,0.0438841622252095,0.0163652156170197,0.0275189466081897,0.052132701555374,0.0319028638743723,0.019272092775869,0.0121428725917472,80,80,0.4077412513255567,target_prevalence,0.0089948139152329,0.0115626279048716,-0.0025678139896386,0.0145977281810109,0.0343310843412992,"{""class_weight"": ""balanced"", ""colsample_bytree"": 1.0, ""deterministic"": true, ""force_col_wise"": true, ""learning_rate"": 0.035, ""min_child_samples"": 12, ""n_estimators"": 180, ""n_jobs"": 1, ""num_leaves"": 15, ""objective"": ""binary"", ""reg_lambda"": 1.0, ""subsample"": 1.0, ""verbosity"": -1}",7340a032adf73dcca6285d723e7b8782f8c2625f4216107ab44a30759e1137a7,0.1126920144496775,0.2678525964806751,-0.1551605820309975,0.8342857142857142,0.5914285714285714,1.0,0.25,0.7547890825646338,0.4387002057509488,2.886088380891084,3.209500246603399,0.3234118657123148,5.773159728050814e-15,True
5,1,1,7,FFF,J,2013J,2014J,56,logistic,source_train_only_activity_types,14,0,,1,clicks_htmlactivity,1915,1793,1340,575,160,0.4281984334203655,0.3770217512548801,0.7742357970692169,0.7752353355617595,0.0009995384925426,0.7127376084650325,0.6710541224844133,0.5998672948716928,0.5800097748951993,-0.0198575199764934,0.1978701646151993,0.1941942868530995,-0.0036758777620998,0.0100575777794252,0.0171926693523225,-0.0018897852562697,0.0098906900592276,0.0073019792930948,0.1962969624950573,0.0243879521166945,0.0022068059064788,0.0278611361169966,-0.003473184000302,0.0257819352756888,0.027116208019336,-0.0013342727436471,0.0300555525794535,0.0187203516539355,0.0248324375249207,0.0308898347090725,80,80,0.3770217512548801,target_prevalence,0.0234122062866696,0.0124805306372379,0.0109316756494316,0.0091168274712632,-0.0036296963563368,"{""C"": 1.0, ""class_weight"": ""balanced"", ""max_iter"": 5000, ""solver"": ""lbfgs""}",0ec0160f1649f42124ca093cb28e50d00a77309027bbdbb0b9ac6257ff1aa269,0.0554845901957039,0.3041747104649541,-0.2486901202692502,0.8888888888888887,0.5132275132275131,0.6666666666666666,0.4285714285714285,0.2807028905411434,0.6080388697239921,6.332487427655163,6.201189280454838,-0.1312981472003249,1.7763568394002505e-15,True
5,1,1,7,FFF,J,2013J,2014J,56,lightgbm,source_train_only_activity_types,14,0,,1,clicks_htmlactivity,1915,1793,1340,575,160,0.4281984334203655,0.3770217512548801,0.7964946746731905,0.768343460134659,-0.0281512145385314,0.7423307426762942,0.6909800261983986,0.5647535814975503,0.582241257145071,0.0174876756475207,0.1870046870929557,0.197092228628424,0.0100875415354682,0.002415548471594,0.0162021325291284,-0.001323904954035,0.0134157548920065,0.0027863776371219,0.2490445440576895,0.0178825293219247,-0.0025221924475048,0.0192827036676822,-0.0014001743457574,0.0193612410011832,0.017689521893126,0.0016717191080571,0.0238946155824927,0.0118704430613568,0.0128052095139879,0.0257601978213765,80,80,0.3770217512548801,target_prevalence,0.0311246685421232,0.0125253428629148,0.0185993256792083,0.0106928516581651,-0.0158129480420864,"{""class_weight"": ""balanced"", ""colsample_bytree"": 1.0, ""deterministic"": true, ""force_col_wise"": true, ""learning_rate"": 0.035, ""min_child_samples"": 12, ""n_estimators"": 180, ""n_jobs"": 1, ""num_leaves"": 15, ""objective"": ""binary"", ""reg_lambda"": 1.0, ""subsample"": 1.0, ""verbosity"": -1}",7340a032adf73dcca6285d723e7b8782f8c2625f4216107ab44a30759e1137a7,0.053488410511105,0.274520720736048,-0.221032310224943,0.9206349206349208,0.619047619047619,0.6666666666666666,0.1111111111111111,0.6969491068837582,0.5837874158293196,3.857554266959069,3.8429213908729367,-0.0146328760861322,7.105427357601002e-15,False
5,1,1,8,GGG,J,2013J,2014J,14,logistic,source_train_only_activity_types,6,0,,1,clicks_quiz,926,719,648,278,134,0.3606911447084233,0.3824756606397774,0.5767977528089887,0.5994758394758395,0.0226780866668507,0.4432810445032339,0.4610701042159849,0.7113798917150956,0.7291396466206647,0.017759754905569,0.2557454638798159,0.2566048910601631,0.0008594271803471,0.0017415730337078,0.0159708533369685,-0.0023447224117804,0.02239243374797,-0.0064215804110014,0.2982645593800158,0.0133693210120119,-0.0005907830148141,0.0280910206237716,-0.0147216996117597,0.0123334718851097,0.0245167696303308,-0.012183297745221,0.0089623652590968,0.017776276764927,0.0128845918410262,0.0432974494065171,80,50,0.3824756606397774,target_prevalence,0.0261991384404849,0.0243500040989901,0.0018491343414948,-0.0022862230347533,-0.0082707147524963,"{""C"": 1.0, ""class_weight"": ""balanced"", ""max_iter"": 5000, ""solver"": ""lbfgs""}",0ec0160f1649f42124ca093cb28e50d00a77309027bbdbb0b9ac6257ff1aa269,0.0852480676493701,0.3068335470500609,-0.2215854794006908,0.8947368421052632,0.5684210526315789,1.0,0.4285714285714285,0.2448338937345628,0.5100179706001886,3.333198367776771,4.044438948372981,0.7112405805962094,3.552713678800501e-15,False
5,1,1,8,GGG,J,2013J,2014J,14,lightgbm,source_train_only_activity_types,6,0,,1,clicks_quiz,926,719,648,278,134,0.3606911447084233,0.3824756606397774,0.5433146067415731,0.5753112203112203,0.0319966135696472,0.3886028101590667,0.4406752885409785,0.7669098986134792,0.7343799363908513,-0.0325299622226279,0.2711015070747661,0.2580465052344052,-0.0130550018403608,0.0607584269662921,0.0102279878094898,0.0014097466397582,0.0117826845420493,-0.0015546967325595,0.3119979317208053,0.0132269487128511,-0.0021378873039859,0.0102766255642071,0.0029503231486439,0.0164900258296558,0.0093192795572781,0.0071707462723777,0.0271095075707365,-0.0006556101450343,0.006203656457805,0.0143495946706091,80,50,0.3824756606397774,target_prevalence,0.036964292576031,0.006397051413047,0.0305672411629839,0.0145062722152121,-0.0321219378955434,"{""class_weight"": ""balanced"", ""colsample_bytree"": 1.0, ""deterministic"": true, ""force_col_wise"": true, ""learning_rate"": 0.035, ""min_child_samples"": 12, ""n_estimators"": 180, ""n_jobs"": 1, ""num_leaves"": 15, ""objective"": ""binary"", ""reg_lambda"": 1.0, ""subsample"": 1.0, ""verbosity"": -1}",7340a032adf73dcca6285d723e7b8782f8c2625f4216107ab44a30759e1137a7,0.0678734688584948,0.2455587259809659,-0.177685257122471,0.7052631578947369,0.6631578947368422,0.6666666666666666,0.4285714285714285,0.6577050503227185,0.5648132393004119,2.8064510064544343,2.883865749153372,0.0774147426989375,6.439293542825908e-15,False
5,1,1,8,GGG,J,2013J,2014J,56,logistic,source_train_only_activity_types,6,0,,1,clicks_quiz,919,698,643,276,136,0.3558215451577802,0.3638968481375358,0.6573033707865169,0.6691139958856495,0.0118106250991325,0.5150265644624732,0.5525012223520045,0.6972616946260322,0.6807242544033465,-0.0165374402226856,0.242831936405427,0.2391008460225154,-0.0037310903829116,0.0241916991515707,0.0105595704155493,0.0054193005020149,0.0286754294096498,-0.0181158589941005,0.2490850924675885,0.0241675712140387,-0.004264369069846,0.0229704840792706,0.0011970871347681,0.0231105743760654,0.0200844499192323,0.003026124456833,0.0202844986197998,0.0280506438082775,0.0123681059544984,0.0335728622040427,80,49,0.3638968481375358,target_prevalence,0.0108806867021805,0.0224758101607939,-0.0115951234586134,-0.0148554912263569,-0.006520735535487,"{""C"": 1.0, ""class_weight"": ""balanced"", ""max_iter"": 5000, ""solver"": ""lbfgs""}",0ec0160f1649f42124ca093cb28e50d00a77309027bbdbb0b9ac6257ff1aa269,0.1156110543978126,0.2769924522261696,-0.161381397828357,0.8210526315789474,0.6736842105263158,0.6666666666666666,0.4285714285714285,0.874598895246426,0.7341367617479329,4.202686939777112,5.225524954216748,1.0228380144396363,5.828670879282072e-15,False
5,1,1,8,GGG,J,2013J,2014J,56,lightgbm,source_train_only_activity_types,6,0,,1,clicks_quiz,919,698,643,276,136,0.3558215451577802,0.3638968481375358,0.6900366888328364,0.6403046747534936,-0.0497320140793428,0.5460951862601914,0.5055225286733142,0.6335980560166968,0.6929944349153788,0.0593963788986819,0.2187688443932053,0.2442634735881602,0.0254946291949548,0.0339944966750744,0.0131544557286129,-0.0014944553560976,0.0067062092511446,0.0064482464774682,0.3059683720328086,0.0343277506859749,0.0071243771228689,0.0184644599831338,0.015863290702841,0.0307131138515013,0.0144576043085964,0.0162555095429048,0.0210487164203824,0.0476067849515673,0.003744537557728,0.0331843824085396,80,49,0.3638968481375358,target_prevalence,0.0110272849230037,0.0068254773536962,0.0042018075693074,0.0053250270233878,0.0022464389081607,"{""class_weight"": ""balanced"", ""colsample_bytree"": 1.0, ""deterministic"": true, ""force_col_wise"": true, ""learning_rate"": 0.035, ""min_child_samples"": 12, ""n_estimators"": 180, ""n_jobs"": 1, ""num_leaves"": 15, ""objective"": ""binary"", ""reg_lambda"": 1.0, ""subsample"": 1.0, ""verbosity"": -1}",7340a032adf73dcca6285d723e7b8782f8c2625f4216107ab44a30759e1137a7,0.102959436830919,0.2191852452471194,-0.1162258084162004,0.9157894736842106,0.6526315789473685,0.6666666666666666,0.4285714285714285,0.8301998288092529,0.7358615521700602,3.111535843272458,3.26318237579194,0.1516465325194818,7.188694084447889e-15,False
6,1,2,0,AAA,J,2013J,2014J,14,logistic,source_train_only_activity_types,9,0,,0,,370,350,259,111,53,0.2486486486486486,0.2771428571428571,0.5843373493975903,0.6029909131657227,0.0186535637681324,0.346437046919637,0.3568543375716526,0.8251460436985929,0.8393253862386973,0.0141793425401044,0.2858352329793285,0.279837364839031,-0.0059978681402975,0.0064543889845094,0.0065107677637767,-0.0032511624997174,0.0108121713357876,-0.0043014035720108,0.2774900810011527,-0.0045451771494856,-0.008741984520788,0.0089198745782302,-0.0134650517277158,0.0006451212243552,0.0126850301140461,-0.0120399088896909,0.0070997230482341,-0.0161900773472054,0.0173673389214069,0.0004724102350535,41,14,0.2771428571428571,target_prevalence,0.0016349766059359,0.0157461752682764,-0.0141111986623404,-0.0092063011171756,0.0098097950903295,"{""C"": 1.0, ""class_weight"": ""balanced"", ""max_iter"": 5000, ""solver"": ""lbfgs""}",0ec0160f1649f42124ca093cb28e50d00a77309027bbdbb0b9ac6257ff1aa269,0.0815039303411598,0.3446597169940834,-0.2631557866529235,0.8735177865612648,0.4308300395256917,0.4285714285714285,0.4285714285714285,0.8058217515143661,0.6712880174715851,8.678979978050675,9.37712074977026,0.6981407717195847,2.886579864025407e-15,False
6,1,2,0,AAA,J,2013J,2014J,14,lightgbm,source_train_only_activity_types,9,0,,0,,370,350,259,111,53,0.2486486486486486,0.2771428571428571,0.5572289156626506,0.6388900207815492,0.0816611051188985,0.359125242232774,0.4373239383083785,0.7923185582351963,0.7235235849964848,-0.0687949732387114,0.2216643182006106,0.2248232547268088,0.0031589365261982,0.0425989672977624,0.0093426163710052,-0.0054858820878626,0.012498944518997,-0.0031563281479918,0.2712516494988982,0.0124711989827464,0.0375275527112773,0.0366037388454959,-0.0241325398627495,0.0079117873729298,0.027635290300799,-0.0197235029278692,0.0022417498581579,0.0227006481073348,0.0164822196747016,0.0567252580162901,41,14,0.2771428571428571,target_prevalence,0.0104505958435334,0.0037380101812471,0.0067125856622862,0.0017781287571472,-0.0098689138102781,"{""class_weight"": ""balanced"", ""colsample_bytree"": 1.0, ""deterministic"": true, ""force_col_wise"": true, ""learning_rate"": 0.035, ""min_child_samples"": 12, ""n_estimators"": 180, ""n_jobs"": 1, ""num_leaves"": 15, ""objective"": ""binary"", ""reg_lambda"": 1.0, ""subsample"": 1.0, ""verbosity"": -1}",7340a032adf73dcca6285d723e7b8782f8c2625f4216107ab44a30759e1137a7,0.0801168514590492,0.287651607737693,-0.2075347562786438,0.912,0.5259005881071331,0.4285714285714285,0.1111111111111111,0.2511929653193237,0.2837481004448791,4.329456776562323,4.411742343999427,0.0822855674371041,6.217248937900877e-15,False
6,1,2,0,AAA,J,2013J,2014J,56,logistic,source_train_only_activity_types,9,0,,0,,365,342,255,110,52,0.2383561643835616,0.260233918128655,0.592948717948718,0.6547941555269352,0.0618454375782172,0.3606590155662788,0.3849095031269649,0.7580476821576176,0.7241170518729197,-0.0339306302846978,0.2447261487250233,0.2364225796786057,-0.0083035690464176,0.0728021978021978,-0.0017080598520335,-0.0086507360765947,0.016979013682453,-0.0186870735344866,0.3213012601975935,0.0057705617027534,0.0196102622074405,0.0427600123813848,-0.0369894506786314,0.0068394773365586,0.0325797571411869,-0.0257402798046282,0.0079996418659327,0.0035414815395741,0.0215304557219476,0.063989569040822,42,13,0.260233918128655,target_prevalence,0.0021180202954374,0.0177447368288806,-0.0156267165334432,-0.0171568950339649,-0.0030603570010434,"{""C"": 1.0, ""class_weight"": ""balanced"", ""max_iter"": 5000, ""solver"": ""lbfgs""}",0ec0160f1649f42124ca093cb28e50d00a77309027bbdbb0b9ac6257ff1aa269,0.0738275433814349,0.2819163880318489,-0.208088844650414,0.8814229249011858,0.5177865612648221,0.6666666666666666,1.0,0.7656494697160172,0.7181281077591117,5.197918699025315,5.610064987724522,0.4121462886992075,5.3290705182007506e-15,False
6,1,2,0,AAA,J,2013J,2014J,56,lightgbm,source_train_only_activity_types,9,0,,0,,365,342,255,110,52,0.2383561643835616,0.260233918128655,0.5357142857142857,0.6110494293200693,0.0753351436057836,0.3226129239844417,0.3249722565169959,0.66104304579459,0.6552595302182058,-0.0057835155763841,0.2073387560256619,0.2231446609626174,0.0158059049369554,0.0650183150183151,-0.0034765765472262,0.0023029745780772,0.0494699300688595,-0.0529465066160858,0.4277806790958532,0.0162553223364096,-0.0014443420791969,0.0396374797753955,-0.0233821574389859,0.0113268489119737,0.0433910540857987,-0.0320642051738249,0.0059776521464275,0.0265329925263916,0.0474650554714801,0.0318099040793109,42,13,0.260233918128655,target_prevalence,0.0152281322295635,0.0255200017531538,-0.0102918695235903,-0.031619188069838,-0.0426546370924954,"{""class_weight"": ""balanced"", ""colsample_bytree"": 1.0, ""deterministic"": true, ""force_col_wise"": true, ""learning_rate"": 0.035, ""min_child_samples"": 12, ""n_estimators"": 180, ""n_jobs"": 1, ""num_leaves"": 15, ""objective"": ""binary"", ""reg_lambda"": 1.0, ""subsample"": 1.0, ""verbosity"": -1}",7340a032adf73dcca6285d723e7b8782f8c2625f4216107ab44a30759e1137a7,0.0805586557871168,0.4745265565093087,-0.3939679007221919,0.8492063492063492,0.0634920634920634,1.0,0.0,0.7834062949726497,0.4526951590287531,3.29142812091047,3.514129956417518,0.2227018355070482,7.105427357601002e-15,False
6,1,2,1,BBB,B,2013B,2014B,14,logistic,source_train_only_activity_types,10,0,,1,clicks_oucollaborate,1606,1289,1124,482,160,0.5006226650062267,0.4375484871993794,0.7219572665759888,0.687772071411103,-0.0341851951648858,0.7375569932827095,0.6386861600753735,0.6291488785762376,0.6819001325529415,0.0527512539767038,0.2180734495262126,0.2370110154754382,0.0189375659492256,0.0133606515039339,0.0014152935139731,-0.0018903679922437,0.0027080961831155,-0.0012928026691423,0.1731847563735572,0.0010967922431447,-0.0022324682385245,0.0043119571893693,-0.0032151649462245,0.0012263533017374,0.003961703235598,-0.0027353499338606,0.002134085438958,5.949904733143496e-05,0.0015077500688033,0.0071161643099353,80,80,0.4375484871993794,target_prevalence,0.0200052880934582,0.003800315708236,0.0162049723852221,0.0074560848580398,-0.0174977750543645,"{""C"": 1.0, ""class_weight"": ""balanced"", ""max_iter"": 5000, ""solver"": ""lbfgs""}",0ec0160f1649f42124ca093cb28e50d00a77309027bbdbb0b9ac6257ff1aa269,0.0404973037628011,0.209508319574712,-0.1690110158119108,0.9347826086956522,0.6014492753623188,0.6666666666666666,0.6666666666666666,0.4753025982954448,0.4087769014228967,4.47266252729054,4.616725845348054,0.1440633180575146,3.552713678800501e-15,False
6,1,2,1,BBB,B,2013B,2014B,14,lightgbm,source_train_only_activity_types,10,0,,1,clicks_oucollaborate,1606,1289,1124,482,160,0.5006226650062267,0.4375484871993794,0.7290852430226752,0.6899266324284666,-0.0391586105942085,0.7337295608565602,0.6183115671862723,0.6396374594810028,0.6851698718534185,0.0455324123724156,0.2185578561553798,0.2379726512492642,0.0194147950938843,0.0122759594359601,0.000928360561693,0.0034916796095474,0.0069760208000497,-0.0060476602383567,0.2330199173787198,0.0072244990372632,0.0072798002047496,0.0117292557980866,-0.0045047567608234,0.0081902614871323,0.0117447560017366,-0.0035544945146043,0.0149565971607493,-0.0005075990862229,0.0118533537018439,0.0116051578943293,80,80,0.4375484871993794,target_prevalence,0.0014613764346144,0.0105704356227713,-0.0091090591881569,-0.0075783597132568,0.0030613989498002,"{""class_weight"": ""balanced"", ""colsample_bytree"": 1.0, ""deterministic"": true, ""force_col_wise"": true, ""learning_rate"": 0.035, ""min_child_samples"": 12, ""n_estimators"": 180, ""n_jobs"": 1, ""num_leaves"": 15, ""objective"": ""binary"", ""reg_lambda"": 1.0, ""subsample"": 1.0, ""verbosity"": -1}",7340a032adf73dcca6285d723e7b8782f8c2625f4216107ab44a30759e1137a7,0.047505716804516,0.1994445142497155,-0.1519387974451995,0.9347826086956522,0.6159420289855072,1.0,1.0,0.6548900753636963,0.3492173928202918,3.0089140234871303,2.946935338093718,-0.0619786853934121,4.884981308350689e-15,False
6,1,2,1,BBB,B,2013B,2014B,56,logistic,source_train_only_activity_types,10,0,,1,clicks_oucollaborate,1470,1247,1029,441,160,0.454421768707483,0.4170008019246191,0.7764730290456431,0.7466908263675801,-0.0297822026780629,0.7277218541383369,0.6901493291388543,0.5757338230055005,0.6161989074627281,0.0404650844572276,0.1938226228488401,0.2070160930935446,0.0131934702447044,0.0208091286307054,0.0298291833906668,-0.0004184072240625,0.0036491389911101,0.0261800443995566,0.2107387781527928,0.0094336171010296,-0.0005887897787322,0.0043652721644092,0.0050683449366204,0.010913650411399,0.0041871525781181,0.0067264978332808,0.0183495665601147,0.0005176676419446,0.0032922522411966,0.0054382920876218,80,80,0.4170008019246191,target_prevalence,0.0652051100716155,0.0058623020047647,0.0593428080668508,0.0427614262332037,-0.0331627636672942,"{""C"": 1.0, ""class_weight"": ""balanced"", ""max_iter"": 5000, ""solver"": ""lbfgs""}",0ec0160f1649f42124ca093cb28e50d00a77309027bbdbb0b9ac6257ff1aa269,0.1505591689387171,0.2418898941756321,-0.0913307252369149,0.782608695652174,0.4927536231884057,0.6666666666666666,0.6666666666666666,0.8889642347768901,0.7747823348211356,4.717916894973899,5.0664540340153446,0.3485371390414453,1.0658141036401504e-14,False
6,1,2,1,BBB,B,2013B,2014B,56,lightgbm,source_train_only_activity_types,10,0,,1,clicks_oucollaborate,1470,1247,1029,441,160,0.454421768707483,0.4170008019246191,0.7805186721991701,0.742633054703206,-0.0378856174959642,0.787488053061279,0.7209854151990994,0.5616215124441785,0.6551836293960068,0.0935621169518283,0.1919221151244252,0.2262265147372486,0.0343043996128234,0.0149377593360995,0.0166466152669772,-0.0009805148366134,0.0093718990449361,0.007274716222041,0.282503366477088,0.0167696334052536,0.0001405015660115,0.0164282694513039,0.0003413639539497,0.0193810474163027,0.0162505107898711,0.0031305366264316,0.0325011951046654,0.0010380717058418,0.0153574237952329,0.0174991151073748,80,80,0.4170008019246191,target_prevalence,0.0160148941677757,0.0098674306898772,0.0061474634778985,0.0067110898499697,0.0011272527441425,"{""class_weight"": ""balanced"", ""colsample_bytree"": 1.0, ""deterministic"": true, ""force_col_wise"": true, ""learning_rate"": 0.035, ""min_child_samples"": 12, ""n_estimators"": 180, ""n_jobs"": 1, ""num_leaves"": 15, ""objective"": ""binary"", ""reg_lambda"": 1.0, ""subsample"": 1.0, ""verbosity"": -1}",7340a032adf73dcca6285d723e7b8782f8c2625f4216107ab44a30759e1137a7,0.0633878954046648,0.2449138041039427,-0.1815259086992779,0.9057971014492754,0.6159420289855072,1.0,0.4285714285714285,0.5679787604122976,0.605468712978139,3.4925340691207283,3.6893069748471454,0.196772905726418,7.105427357601002e-15,False
6,1,2,2,BBB,J,2013J,2014J,14,logistic,source_train_only_activity_types,10,0,,0,,1851,1791,1295,556,160,0.4219340896812534,0.3618090452261306,0.7219460462649963,0.6474481006232247,-0.0744979456417715,0.6646639289466514,0.4998652284995389,0.6372909733493792,0.8752334193445764,0.2379424459951972,0.216931121852467,0.2496499241239551,0.0327188022714881,0.0317094187048451,0.1523890887871691,-7.71294192978278e-05,0.0083656785565603,0.1440234102306087,0.1785126839977578,0.1461729770017796,-0.0014531273071295,0.0093487922409326,0.1368241847608469,0.1590228704349165,0.0091986379896443,0.1498242324452721,0.1926662277871294,0.0996797262164297,0.0088055068589983,0.0098920776228669,80,80,0.3618090452261306,target_prevalence,0.1730621500186202,0.007225015935798,0.1658371340828222,0.1549302721567154,-0.0218137238522134,"{""C"": 1.0, ""class_weight"": ""balanced"", ""max_iter"": 5000, ""solver"": ""lbfgs""}",0ec0160f1649f42124ca093cb28e50d00a77309027bbdbb0b9ac6257ff1aa269,0.3536334230169192,0.1983698295226891,0.15526359349423,0.8188405797101449,0.6666666666666667,0.6666666666666666,0.4285714285714285,0.7813151915526432,0.3209083968960586,4.209246322088971,5.782944313452609,1.5736979913636384,1.4210854715202004e-14,False
6,1,2,2,BBB,J,2013J,2014J,14,lightgbm,source_train_only_activity_types,10,0,,0,,1851,1791,1295,556,160,0.4219340896812534,0.3618090452261306,0.6960893484456818,0.6154342589892313,-0.0806550894564505,0.6365116974209584,0.4870860758172255,0.6457060550641732,0.6849333623021668,0.0392273072379936,0.2241250930581878,0.2361876221568264,0.0120625290986385,0.0015708888447008,0.109680803025163,0.0011896814330846,0.0063133486712526,0.1033674543539104,0.2505480860928269,0.0979751717130883,-0.0026768445542972,0.0051398666825953,0.092835305030493,0.0988949949046694,0.0053965973218569,0.0934983975828125,0.1013032592608091,0.0946470841653675,0.0060687648137418,0.0042109685514488,80,80,0.3618090452261306,target_prevalence,0.1721787086440391,0.0060483427247224,0.1661303659193166,0.1347489101366135,-0.0627629115654062,"{""class_weight"": ""balanced"", ""colsample_bytree"": 1.0, ""deterministic"": true, ""force_col_wise"": true, ""learning_rate"": 0.035, ""min_child_samples"": 12, ""n_estimators"": 180, ""n_jobs"": 1, ""num_leaves"": 15, ""objective"": ""binary"", ""reg_lambda"": 1.0, ""subsample"": 1.0, ""verbosity"": -1}",7340a032adf73dcca6285d723e7b8782f8c2625f4216107ab44a30759e1137a7,0.2546177469302327,0.1875489283986006,0.067068818531632,0.7391304347826086,0.6521739130434783,0.4285714285714285,0.6666666666666666,0.2698347868874093,0.6028090948054722,2.938723895697433,3.3914141214948104,0.4526902257973773,7.993605777301127e-15,False
6,1,2,2,BBB,J,2013J,2014J,56,logistic,source_train_only_activity_types,10,0,,0,,1785,1750,1249,536,160,0.3994397759103641,0.3417142857142857,0.7221077378533697,0.693013168896321,-0.0290945689570486,0.662807812811466,0.5438687116758183,0.6323493481499021,0.9361888357594592,0.3038394876095572,0.2177892755987665,0.2343113339062107,0.0165220583074441,0.0145266151970744,0.1209408532228331,-0.0012556873385889,0.0073940592587448,0.1135467939640883,0.1980242407441907,0.12612556045202,0.0008743022338561,0.0098982637110022,0.1162272967410177,0.1390984257904925,0.0080970121822912,0.1310014136082012,0.1671048282179531,0.0851462926860869,0.0042083897484676,0.0155881376735369,80,80,0.3417142857142857,target_prevalence,0.0843146470707902,0.0011088858412995,0.0832057612294907,0.0983762775967895,0.0303410327345975,"{""C"": 1.0, ""class_weight"": ""balanced"", ""max_iter"": 5000, ""solver"": ""lbfgs""}",0ec0160f1649f42124ca093cb28e50d00a77309027bbdbb0b9ac6257ff1aa269,0.3817538106794448,0.200891606849714,0.1808622038297307,0.782608695652174,0.6666666666666667,0.6666666666666666,1.0,0.1692033729448199,0.4246810066626395,3.6115811660755193,5.95308318658235,2.3415020205068307,1.4210854715202004e-14,False
6,1,2,2,BBB,J,2013J,2014J,56,lightgbm,source_train_only_activity_types,10,0,,0,,1785,1750,1249,536,160,0.3994397759103641,0.3417142857142857,0.7255325941835492,0.6604864885265701,-0.0650461056569791,0.6693838271486118,0.5236173292649839,0.6292986249364038,0.8527727593117816,0.2234741343753779,0.2125537256312418,0.284958184365905,0.0724044587346631,0.0115226098566204,0.1394390520667861,-0.0011686574168729,0.0070166301584765,0.1324224219083096,0.2294463794567734,0.1423865072540867,0.0104566400093565,0.0158134154033141,0.1265730918507726,0.1621638399376262,0.0147236574218026,0.1474401825158235,0.2048600310739314,0.079912983434242,0.0123710391079258,0.0192557916987023,80,80,0.3417142857142857,target_prevalence,0.08478340794932,0.0053428485151728,0.0794405594341472,0.1059314906712284,0.0529818624741623,"{""class_weight"": ""balanced"", ""colsample_bytree"": 1.0, ""deterministic"": true, ""force_col_wise"": true, ""learning_rate"": 0.035, ""min_child_samples"": 12, ""n_estimators"": 180, ""n_jobs"": 1, ""num_leaves"": 15, ""objective"": ""binary"", ""reg_lambda"": 1.0, ""subsample"": 1.0, ""verbosity"": -1}",7340a032adf73dcca6285d723e7b8782f8c2625f4216107ab44a30759e1137a7,0.2042820307573802,0.1983474474388475,0.0059345833185326,0.7318840579710145,0.5652173913043478,0.6666666666666666,0.4285714285714285,0.5373978509076217,0.6113998792804064,3.251413663762962,4.096514191303734,0.8451005275407719,1.1546319456101628e-14,False
6,1,2,3,DDD,B,2013B,2014B,14,logistic,source_train_only_activity_types,11,0,,1,clicks_oucollaborate,1197,1050,837,360,160,0.5747702589807853,0.5447619047619048,0.6988727858293076,0.7016487696404015,0.0027759838110938,0.7693031482947825,0.723873323592263,0.653416843618666,0.7028459056010464,0.0494290619823803,0.2277068513258097,0.2386610738710333,0.0109542225452235,0.0044520223548356,0.0171058721278005,0.0012830679360702,0.026802166224981,-0.0096962940971805,0.2157200438121292,0.0157140486066595,0.0052371909791062,0.0287621672279688,-0.0130481186213093,0.0153587273450197,0.0294625865511366,-0.0141038592061168,0.0196830626994444,0.0117450345138746,0.0209383343627971,0.0365860000931405,76,80,0.5447619047619048,target_prevalence,0.00577842758717,0.0255393523099632,-0.0197609247227931,-0.0147286094099868,0.0100646306256126,"{""C"": 1.0, ""class_weight"": ""balanced"", ""max_iter"": 5000, ""solver"": ""lbfgs""}",0ec0160f1649f42124ca093cb28e50d00a77309027bbdbb0b9ac6257ff1aa269,0.0609968689381478,0.3101311362403591,-0.2491342673022112,0.9333333333333332,0.4733333333333333,0.6666666666666666,0.4285714285714285,0.8462804567942314,0.6951388110301038,5.132279747572774,4.871429492029158,-0.260850255543616,1.0658141036401504e-14,False
6,1,2,3,DDD,B,2013B,2014B,14,lightgbm,source_train_only_activity_types,11,0,,1,clicks_oucollaborate,1197,1050,837,360,160,0.5747702589807853,0.5447619047619048,0.6975466515108459,0.6751762881469994,-0.0223703633638465,0.7662623630968103,0.7097083791891812,0.6969290826073834,0.705243984488053,0.0083149018806696,0.2391561468147927,0.2432601769723393,0.0041040301575466,0.0262385147295631,0.0013129222901623,-0.0015595318031446,0.0111443633249642,-0.0098314410348019,0.2645247932663453,0.0048158978199945,0.0004295167040572,0.0143611996695612,-0.0095453018495667,0.0048781717643217,0.0146874252924223,-0.0098092535281005,0.0041202846120839,0.0055115110279051,0.010717190052496,0.0180052092866264,76,80,0.5447619047619048,target_prevalence,0.0144572044548687,0.0140531846805311,0.0004040197743376,-0.0047137106302321,-0.0102354608091395,"{""class_weight"": ""balanced"", ""colsample_bytree"": 1.0, ""deterministic"": true, ""force_col_wise"": true, ""learning_rate"": 0.035, ""min_child_samples"": 12, ""n_estimators"": 180, ""n_jobs"": 1, ""num_leaves"": 15, ""objective"": ""binary"", ""reg_lambda"": 1.0, ""subsample"": 1.0, ""verbosity"": -1}",7340a032adf73dcca6285d723e7b8782f8c2625f4216107ab44a30759e1137a7,0.045466356842621,0.2494789772826487,-0.2040126204400277,0.9133333333333332,0.5599999999999998,1.0,0.4285714285714285,0.7989901113260756,0.4336221082364267,3.850526904065378,3.783635930055506,-0.0668909740098722,5.3290705182007506e-15,False
6,1,2,3,DDD,B,2013B,2014B,56,logistic,source_train_only_activity_types,11,0,,1,clicks_oucollaborate,1085,971,759,326,159,0.5299539170506913,0.5077239958805355,0.757263213570592,0.7325740280241371,-0.0246891855464549,0.7968377523214254,0.7275538761085938,0.5936852152619368,0.6352136669778248,0.0415284517158879,0.2030966386774185,0.2168416094910389,0.0137449708136203,0.0112206732403942,0.0236091117535366,-0.0010242079279509,0.005400325878086,0.0182087858754506,0.186014464581683,0.0230698840311896,0.0016421701686308,0.0093684077606617,0.0137014762705278,0.0231064775878181,0.0094919814034366,0.0136144961843815,0.0207010611321049,0.0254387069302743,0.0013690739517045,0.017367741569619,76,80,0.5077239958805355,target_prevalence,0.0153601032298955,0.0057292403605104,0.009630862869385,0.0139198243724178,0.0085779230060655,"{""C"": 1.0, ""class_weight"": ""balanced"", ""max_iter"": 5000, ""solver"": ""lbfgs""}",0ec0160f1649f42124ca093cb28e50d00a77309027bbdbb0b9ac6257ff1aa269,0.046223810713278,0.2697272081691767,-0.2235033974558986,0.9333333333333332,0.4866666666666665,0.6666666666666666,0.4285714285714285,0.2545997356294088,0.5854789656581494,4.958905403139886,4.669502950569468,-0.2894024525704175,3.552713678800501e-15,False
6,1,2,3,DDD,B,2013B,2014B,56,lightgbm,source_train_only_activity_types,11,0,,1,clicks_oucollaborate,1085,971,759,326,159,0.5299539170506913,0.5077239958805355,0.7574143337489139,0.7240870089198571,-0.0333273248290567,0.803651794110366,0.7406391087214161,0.627460057577852,0.7656114120011075,0.1381513544232555,0.2114697605738456,0.2500959230461207,0.0386261624722751,0.0113340133741357,0.0772611148742557,0.0001340458254192,0.0182722522989614,0.0589888625752942,0.2808254341313376,0.0611738608904425,-0.0026701972024185,0.0259244348753698,0.0352494260150726,0.0608919643493236,0.0258622633696478,0.0350297009796757,0.0794219636522069,0.0429257581286781,0.0299490036791086,0.021899866071631,76,80,0.5077239958805355,target_prevalence,0.0233396586718005,0.0164042089119867,0.0069354497598137,0.032962156167554,0.0520534128154805,"{""class_weight"": ""balanced"", ""colsample_bytree"": 1.0, ""deterministic"": true, ""force_col_wise"": true, ""learning_rate"": 0.035, ""min_child_samples"": 12, ""n_estimators"": 180, ""n_jobs"": 1, ""num_leaves"": 15, ""objective"": ""binary"", ""reg_lambda"": 1.0, ""subsample"": 1.0, ""verbosity"": -1}",7340a032adf73dcca6285d723e7b8782f8c2625f4216107ab44a30759e1137a7,0.1401305314273298,0.2887273837256397,-0.1485968522983098,0.9199999999999998,0.5533333333333332,1.0,0.25,0.2671742398292918,0.2856210103865405,4.434400651534835,4.506195448046013,0.0717947965111776,1.2434497875801752e-14,False
6,1,2,4,DDD,J,2013J,2014J,14,logistic,source_train_only_activity_types,10,0,,0,,1675,1479,1172,503,160,0.5068656716417911,0.4645030425963489,0.6939753320683113,0.7019999852969285,0.0080246532286172,0.6968729965169752,0.6541299344046094,0.6448582213515193,0.6574537025482041,0.0125954811966848,0.2258510796787134,0.2241008136437579,-0.0017502660349555,0.0206198608475649,0.0112050791109293,0.0044700490298497,0.0265575086475919,-0.0153524295366626,0.26542891774808,0.0121313107411444,-0.0015346826626358,0.0343479558475705,-0.022216645106426,0.0127195152995459,0.0330362322068461,-0.0203167169073001,0.0204165920923422,0.0038460293899467,0.0158713914225092,0.0528245202726319,80,80,0.4645030425963489,target_prevalence,0.0084396327253173,0.0293439211462744,-0.020904288420957,-0.0181283589788098,0.0055518588842944,"{""C"": 1.0, ""class_weight"": ""balanced"", ""max_iter"": 5000, ""solver"": ""lbfgs""}",0ec0160f1649f42124ca093cb28e50d00a77309027bbdbb0b9ac6257ff1aa269,0.0541355270321362,0.3632915430734831,-0.3091560160413468,0.927536231884058,0.3260869565217391,0.6666666666666666,0.4285714285714285,0.4372833150823325,0.1327939854905054,4.62571591958084,4.623179160795148,-0.0025367587856921,3.6637359812630166e-15,False
6,1,2,4,DDD,J,2013J,2014J,14,lightgbm,source_train_only_activity_types,10,0,,0,,1675,1479,1172,503,160,0.5068656716417911,0.4645030425963489,0.676897533206831,0.6676793407142751,-0.0092181924925558,0.6820441636093919,0.6332977939563585,0.6825920002863753,0.6788561852101844,-0.0037358150761909,0.2380394311108361,0.2390511340396918,0.0010117029288557,0.01646110056926,0.0085744638476576,-0.0009687903959388,0.0053702961894828,0.0032041676581748,0.2290642830890918,0.0104896718756766,-0.0010061790849075,0.0072260862713603,0.0032635856043163,0.0106264428107831,0.0070231760007054,0.0036032668100777,0.0124161881901777,0.0085631555611754,0.0043679501732791,0.0100842223694414,80,80,0.4645030425963489,target_prevalence,0.0115494538067616,0.0059868260298771,0.0055626277768845,0.0043833977175296,-0.0023584601187097,"{""class_weight"": ""balanced"", ""colsample_bytree"": 1.0, ""deterministic"": true, ""force_col_wise"": true, ""learning_rate"": 0.035, ""min_child_samples"": 12, ""n_estimators"": 180, ""n_jobs"": 1, ""num_leaves"": 15, ""objective"": ""binary"", ""reg_lambda"": 1.0, ""subsample"": 1.0, ""verbosity"": -1}",7340a032adf73dcca6285d723e7b8782f8c2625f4216107ab44a30759e1137a7,0.0641685235002891,0.171952710087912,-0.1077841865876228,0.8768115942028986,0.6014492753623188,1.0,0.4285714285714285,0.5125014086511949,0.7442216998468357,3.2230825130039875,3.1193363524286104,-0.1037461605753771,5.3290705182007506e-15,True
6,1,2,4,DDD,J,2013J,2014J,56,logistic,source_train_only_activity_types,10,0,,0,,1574,1417,1101,473,160,0.4739517153748411,0.4410726887791108,0.7585341365461846,0.7270848484848484,-0.0314492880613361,0.7413147923553467,0.6770183953950377,0.5911062368557217,0.6421095545326146,0.0510033176768929,0.2028098449799333,0.2221925892886415,0.0193827443087081,0.0214967010900746,0.0114603181263431,-0.0016458033343527,0.0404328047125583,-0.0289724865862151,0.3505104589753564,0.0189624157321523,-0.0020204431495932,0.0871776866516634,-0.068215270919511,0.0196989098929177,0.0851423701781632,-0.0654434602852454,0.0252115907369702,0.0127132407273344,0.0699079654363949,0.1044474078669318,80,80,0.4410726887791108,target_prevalence,0.0196903630130865,0.0387528548442064,-0.0190624918311199,-0.0240174892086675,-0.0099099947550951,"{""C"": 1.0, ""class_weight"": ""balanced"", ""max_iter"": 5000, ""solver"": ""lbfgs""}",0ec0160f1649f42124ca093cb28e50d00a77309027bbdbb0b9ac6257ff1aa269,0.0712420217028588,0.337649164791964,-0.2664071430891052,0.8840579710144928,0.6159420289855072,0.6666666666666666,0.4285714285714285,0.3237250735940202,0.5322630115152153,4.881167528637668,4.785646155755085,-0.0955213728825823,3.552713678800501e-15,False
6,1,2,4,DDD,J,2013J,2014J,56,lightgbm,source_train_only_activity_types,10,0,,0,,1574,1417,1101,473,160,0.4739517153748411,0.4410726887791108,0.7827918818129662,0.6860555555555555,-0.0967363262574106,0.7914737978136861,0.6529310357096937,0.5697541711543421,0.8096984009027345,0.2399442297483923,0.1926699218954604,0.2860473063129128,0.0933773844174524,0.0117075444635685,0.2137679498622285,0.0003436402318411,0.0099453129174755,0.203822636944753,0.2722045666486911,0.2789222773721053,-0.000169070402838,0.0190038417532898,0.2599184356188154,0.2996393745676404,0.0186796428319806,0.2809597317356597,0.4547074673485915,0.103137087395619,0.0162530041994263,0.0217546793071534,80,80,0.4410726887791108,target_prevalence,0.203449043663262,0.0085802604558575,0.1948687832074044,0.1993457100760787,0.0089538537373485,"{""class_weight"": ""balanced"", ""colsample_bytree"": 1.0, ""deterministic"": true, ""force_col_wise"": true, ""learning_rate"": 0.035, ""min_child_samples"": 12, ""n_estimators"": 180, ""n_jobs"": 1, ""num_leaves"": 15, ""objective"": ""binary"", ""reg_lambda"": 1.0, ""subsample"": 1.0, ""verbosity"": -1}",7340a032adf73dcca6285d723e7b8782f8c2625f4216107ab44a30759e1137a7,0.1516425764688418,0.2940529548969195,-0.1424103784280777,0.7753623188405797,0.2971014492753623,1.0,0.4285714285714285,0.857839826239607,0.5031511422127926,3.5480095969546914,4.053870485703752,0.5058608887490603,6.772360450213455e-15,False
6,1,2,5,EEE,J,2013J,2014J,14,logistic,source_train_only_activity_types,9,0,,2,clicks_ouwiki|clicks_page,933,1027,653,280,138,0.3483386923901393,0.3339824732229795,0.629961874859834,0.6970274325268954,0.0670655576670613,0.4428074540583136,0.5007197919290426,0.7524633415798647,0.7100616357392251,-0.0424017058406396,0.2599409046003647,0.2408421701768845,-0.01909873442348,0.0376766091051804,0.0048423213707521,0.0008355399890997,0.0172492121660091,-0.0124068907952569,0.2111723040072246,0.0041308646815914,-0.0005760825820191,0.0212651141902371,-0.0171342495086457,0.0071579309300022,0.0186574554483966,-0.0114995245183943,0.0132475715353095,-0.0049858421721267,0.0134115495923771,0.0291186787880972,80,49,0.3339824732229795,target_prevalence,0.0041159323177561,0.0171413684973118,-0.0130254361795556,-0.0127161634874063,0.0006185453842986,"{""C"": 1.0, ""class_weight"": ""balanced"", ""max_iter"": 5000, ""solver"": ""lbfgs""}",0ec0160f1649f42124ca093cb28e50d00a77309027bbdbb0b9ac6257ff1aa269,0.0824828466601749,0.27488268197976,-0.1923998353195851,0.9130434782608696,0.6284584980237155,0.6666666666666666,0.4285714285714285,0.5019636541488407,0.4475287535514127,4.676344405504806,5.027471056512838,0.3511266510080322,3.552713678800501e-15,False
6,1,2,5,EEE,J,2013J,2014J,14,lightgbm,source_train_only_activity_types,9,0,,2,clicks_ouwiki|clicks_page,933,1027,653,280,138,0.3483386923901393,0.3339824732229795,0.6689280107647455,0.7049127921845431,0.0359847814197975,0.4958060500792391,0.5577021242328433,0.6934501514502293,0.6278791238542665,-0.0655710275959627,0.2346441539935058,0.2128397235218608,-0.0218044304716449,0.0167638483965014,0.0057098774886754,-0.0008611490737949,0.0131019180066172,-0.0073920405179417,0.35322242937706,0.005361897128068,-0.0036204278082616,0.023996041490614,-0.0186341443625459,0.0067986028014406,0.0211662389127417,-0.0143676361113011,0.0096888670006592,0.0010349272554769,0.0154734395918608,0.0325186433893672,80,49,0.3339824732229795,target_prevalence,-0.0013452848544525,0.0169544951225201,-0.0182997799769727,-0.0128459102474572,0.0109077394590309,"{""class_weight"": ""balanced"", ""colsample_bytree"": 1.0, ""deterministic"": true, ""force_col_wise"": true, ""learning_rate"": 0.035, ""min_child_samples"": 12, ""n_estimators"": 180, ""n_jobs"": 1, ""num_leaves"": 15, ""objective"": ""binary"", ""reg_lambda"": 1.0, ""subsample"": 1.0, ""verbosity"": -1}",7340a032adf73dcca6285d723e7b8782f8c2625f4216107ab44a30759e1137a7,0.0815937017400652,0.2966349070570457,-0.2150412053169804,0.7707509881422926,0.3754940711462451,0.6666666666666666,0.4285714285714285,0.6198211334408386,0.4347277414088543,3.611821478987204,3.724709845898527,0.1128883669113225,5.3290705182007506e-15,False
6,1,2,5,EEE,J,2013J,2014J,56,logistic,source_train_only_activity_types,9,0,,2,clicks_ouwiki|clicks_page,906,997,634,272,134,0.3278145695364238,0.3139418254764293,0.7210658807637993,0.7976991200044841,0.0766332392406847,0.6329857097318756,0.7008674800725415,0.6230782800222094,0.560510674432158,-0.0625676055900514,0.2068015635406832,0.1880409626523636,-0.0187606008883195,0.0090256032418492,0.0054784489579694,-0.0024179791519359,0.0065483361790678,-0.0010698872210984,0.2006673192807146,0.0002329813899614,-0.0024184983322649,0.0068277755303235,-0.006594794140362,0.0006545307817381,0.0049996228090906,-0.0043450920273525,0.0013658243646281,-0.0008998615847051,0.0019149230692205,0.0117406279914266,80,44,0.3139418254764293,target_prevalence,0.0049167267916526,0.0093251904316258,-0.0044084636399732,-0.0027391754305358,0.0033385764188748,"{""C"": 1.0, ""class_weight"": ""balanced"", ""max_iter"": 5000, ""solver"": ""lbfgs""}",0ec0160f1649f42124ca093cb28e50d00a77309027bbdbb0b9ac6257ff1aa269,0.0594826310546621,0.1935476484395937,-0.1340650173849316,0.9051383399209486,0.6679841897233202,1.0,0.25,0.5512815810809446,0.7046292545611359,6.015659781085361,6.407714086558432,0.3920543054730707,3.552713678800501e-15,False
6,1,2,5,EEE,J,2013J,2014J,56,lightgbm,source_train_only_activity_types,9,0,,2,clicks_ouwiki|clicks_page,906,997,634,272,134,0.3278145695364238,0.3139418254764293,0.7167679744581568,0.7542785344618201,0.0375105600036633,0.6336288605105524,0.6592631529465339,0.6271010190147698,0.6016437796506876,-0.0254572393640821,0.2075134189208438,0.2008065175204726,-0.0067069014003711,0.0028857370909314,0.0325327102369878,-0.0022579138470136,0.0079867691807308,0.0245459410562569,0.2824076106190654,0.0278661247474759,0.0012310763761796,0.0120823979190599,0.015783726828416,0.0316540117351743,0.0118308424262296,0.0198231693089447,0.0380454329057922,0.0176868165891596,0.0114063849100253,0.0127584109280944,80,44,0.3139418254764293,target_prevalence,0.0377621856017589,0.0058494705947544,0.0319127150070045,0.0282293280316307,-0.0073667739507475,"{""class_weight"": ""balanced"", ""colsample_bytree"": 1.0, ""deterministic"": true, ""force_col_wise"": true, ""learning_rate"": 0.035, ""min_child_samples"": 12, ""n_estimators"": 180, ""n_jobs"": 1, ""num_leaves"": 15, ""objective"": ""binary"", ""reg_lambda"": 1.0, ""subsample"": 1.0, ""verbosity"": -1}",7340a032adf73dcca6285d723e7b8782f8c2625f4216107ab44a30759e1137a7,0.1401782220689033,0.2554503102505991,-0.1152720881816958,0.841897233201581,0.6178229934782847,0.4285714285714285,0.6666666666666666,0.8771698242626986,0.488837431607566,3.780135916014709,4.084473600291003,0.3043376842762941,6.661338147750939e-15,False
6,1,2,6,FFF,B,2013B,2014B,14,logistic,source_train_only_activity_types,13,0,,1,clicks_oucollaborate,1520,1309,1064,456,160,0.4861842105263158,0.5011459129106188,0.7178524678524678,0.7239546371344265,0.0061021692819587,0.7181957617622692,0.7005378313173639,0.6397110764231752,0.6539086030251312,0.014197526601956,0.2197524462092149,0.2165865770846945,-0.0031658691245204,0.0193270193270194,0.0227740236528611,0.0001229460602802,0.0275663736621929,-0.0047923500093318,0.2103888929001418,0.0184829207410399,0.0050284349516719,0.0281496263714945,-0.0096667056304546,0.0185149374411041,0.0281736453557391,-0.0096587079146349,0.0045129672797,0.0324528742023798,0.0176693429127899,0.0386299098301991,80,80,0.5011459129106188,target_prevalence,0.0350682018842599,0.0220067034971168,0.013061498387143,0.0041345741889056,-0.0178538483964748,"{""C"": 1.0, ""class_weight"": ""balanced"", ""max_iter"": 5000, ""solver"": ""lbfgs""}",0ec0160f1649f42124ca093cb28e50d00a77309027bbdbb0b9ac6257ff1aa269,0.0479958417365695,0.26650490028268,-0.2185090585461103,0.9373219373219376,0.6467236467236468,1.0,0.6666666666666666,0.2627145900785141,0.5248137662613054,5.603809755999999,5.291004180734868,-0.3128055752651306,3.552713678800501e-15,False
6,1,2,6,FFF,B,2013B,2014B,14,lightgbm,source_train_only_activity_types,13,0,,1,clicks_oucollaborate,1520,1309,1064,456,160,0.4861842105263158,0.5011459129106188,0.6949064449064448,0.6958222836439697,0.0009158387375248,0.7021409889351897,0.687651609645778,0.6824752583453775,0.6876369524664717,0.0051616941210942,0.2372608853891092,0.2355352456529642,-0.001725639736145,0.0077000077000075,0.0150631982733137,-0.0015254193161579,0.0056481390372835,0.0094150592360301,0.2441591317181535,0.0126886133883633,-0.0004145481644467,0.0085777030885145,0.0041109102998487,0.0126699215127418,0.0085767799792501,0.0040931415334917,0.0208445017845201,0.0045327249922064,0.0089804864308846,0.0081749197461444,80,80,0.5011459129106188,target_prevalence,0.0080379887869212,0.007909598939994,0.0001283898469272,0.0047717245414786,0.0092866693891029,"{""class_weight"": ""balanced"", ""colsample_bytree"": 1.0, ""deterministic"": true, ""force_col_wise"": true, ""learning_rate"": 0.035, ""min_child_samples"": 12, ""n_estimators"": 180, ""n_jobs"": 1, ""num_leaves"": 15, ""objective"": ""binary"", ""reg_lambda"": 1.0, ""subsample"": 1.0, ""verbosity"": -1}",7340a032adf73dcca6285d723e7b8782f8c2625f4216107ab44a30759e1137a7,0.0467094462283988,0.2158997048981793,-0.1691902586697805,0.9259259259259262,0.6333815289161511,0.6666666666666666,0.25,0.67842750048322,0.5496505882911907,3.639574230358188,3.5683295876058394,-0.0712446427523487,6.217248937900877e-15,True
6,1,2,6,FFF,B,2013B,2014B,56,logistic,source_train_only_activity_types,13,0,,1,clicks_oucollaborate,1407,1257,984,423,160,0.4442075337597725,0.4797136038186158,0.7551607062019013,0.7465830886343005,-0.0085776175676008,0.7087669170183296,0.6953803619657701,0.6444453917194707,0.6814230844014965,0.0369776926820257,0.2089569912287949,0.2191211478438763,0.0101641566150814,0.0021502942507921,0.0251793121647751,-0.0011749915794446,0.0198604124100549,0.0053188997547201,0.2715588161741049,0.0323533894175704,-0.0020627093048024,0.0292450837939442,0.0031083056236261,0.0324936672837158,0.0287842290788116,0.0037094382049041,0.0358108262360949,0.0288959525990458,0.0178863705209709,0.0406037970669175,80,80,0.4797136038186158,target_prevalence,0.0329902454115008,0.0173536749833091,0.0156365704281916,0.0104777350914559,-0.0103176706734715,"{""C"": 1.0, ""class_weight"": ""balanced"", ""max_iter"": 5000, ""solver"": ""lbfgs""}",0ec0160f1649f42124ca093cb28e50d00a77309027bbdbb0b9ac6257ff1aa269,0.0798523496675561,0.2426094207306326,-0.1627570710630765,0.9031339031339032,0.4700854700854701,0.6666666666666666,0.4285714285714285,0.6506677932689326,0.4838682272168191,6.072760834935339,6.005520877663443,-0.0672399572718962,1.4210854715202004e-14,False
6,1,2,6,FFF,B,2013B,2014B,56,lightgbm,source_train_only_activity_types,13,0,,1,clicks_oucollaborate,1407,1257,984,423,160,0.4442075337597725,0.4797136038186158,0.7562698053417837,0.7637754144669111,0.0075056091251274,0.7362491968149943,0.7472711929862117,0.6080617609078535,0.6461440713542469,0.0380823104463934,0.2016123436915851,0.2112772302646434,0.0096648865730583,0.0032141240380262,0.0194210239232631,-0.0006700352989238,0.0125434229409052,0.0068776009823578,0.2329196046416014,0.0293334834437551,-2.8860411983577805e-06,0.0148782738162082,0.0144552096275469,0.0294235277103125,0.0150090326735382,0.0144144950367742,0.0315528097783169,0.0271141571091934,0.0181010950645184,0.011655452567898,80,80,0.4797136038186158,target_prevalence,0.0182200049712566,0.009225573246881,0.0089944317243755,0.0079360163533667,-0.0021168307420177,"{""class_weight"": ""balanced"", ""colsample_bytree"": 1.0, ""deterministic"": true, ""force_col_wise"": true, ""learning_rate"": 0.035, ""min_child_samples"": 12, ""n_estimators"": 180, ""n_jobs"": 1, ""num_leaves"": 15, ""objective"": ""binary"", ""reg_lambda"": 1.0, ""subsample"": 1.0, ""verbosity"": -1}",7340a032adf73dcca6285d723e7b8782f8c2625f4216107ab44a30759e1137a7,0.0870675606112301,0.227065494233208,-0.1399979336219779,0.8005698005698006,0.5327635327635328,1.0,0.4285714285714285,0.8130983823070935,0.4915516324768791,3.939226297765493,4.341849546461839,0.4026232486963468,7.993605777301127e-15,False
6,1,2,7,FFF,J,2013J,2014J,14,logistic,source_train_only_activity_types,13,0,,1,clicks_htmlactivity,1998,1886,1398,600,160,0.4519519519519519,0.4077412513255567,0.7278681905360087,0.7202531395049669,-0.0076150510310417,0.690270531771664,0.6237187380785196,0.61026574173863,0.6152282896563039,0.0049625479176739,0.2107396229272767,0.2115549560700853,0.0008153331428086,0.0244619163516863,0.0173750098126885,0.0007472810418393,0.0243995516619895,-0.007024541849301,0.2531353938693826,0.0137206366252197,-0.0041469243614648,0.0430829673837891,-0.0293623307585693,0.0148509233186838,0.0395696236830333,-0.0247187003643495,0.0198462708317521,0.0075950024186872,0.02404225985613,0.0621236749114482,80,80,0.4077412513255567,target_prevalence,0.0118566585745434,0.0220258101875023,-0.0101691516129588,-0.0085968467311299,0.0031446097636578,"{""C"": 1.0, ""class_weight"": ""balanced"", ""max_iter"": 5000, ""solver"": ""lbfgs""}",0ec0160f1649f42124ca093cb28e50d00a77309027bbdbb0b9ac6257ff1aa269,0.047492600735966,0.2497655316955831,-0.202272930959617,0.9031339031339032,0.6011396011396013,0.6666666666666666,0.6666666666666666,0.5633536472628958,0.587901390056252,3.751487434511116,3.909884518594241,0.1583970840831248,2.609024107869118e-15,False
6,1,2,7,FFF,J,2013J,2014J,14,lightgbm,source_train_only_activity_types,13,0,,1,clicks_htmlactivity,1998,1886,1398,600,160,0.4519519519519519,0.4077412513255567,0.7179196715979317,0.7164910887769464,-0.0014285828209852,0.6903736496212326,0.6375875013671153,0.6300109595573655,0.6231506162510554,-0.0068603433063101,0.216503578388045,0.2132476606916142,-0.0032559176964307,0.0041050258526902,0.0296375196275069,-0.0002963065022268,0.0064053341422594,0.0232321854852475,0.2733053435008516,0.0271879455054654,5.815325694416562e-05,0.009744623674845,0.0174433218306204,0.0285361894361072,0.0096561024167131,0.0188800870193941,0.0344948077272769,0.019881083283654,0.009264879155199,0.0102243681944909,80,80,0.4077412513255567,target_prevalence,0.0302461266369798,0.0073946420003782,0.0228514846366016,0.0230418350609246,0.0003807008486458,"{""class_weight"": ""balanced"", ""colsample_bytree"": 1.0, ""deterministic"": true, ""force_col_wise"": true, ""learning_rate"": 0.035, ""min_child_samples"": 12, ""n_estimators"": 180, ""n_jobs"": 1, ""num_leaves"": 15, ""objective"": ""binary"", ""reg_lambda"": 1.0, ""subsample"": 1.0, ""verbosity"": -1}",7340a032adf73dcca6285d723e7b8782f8c2625f4216107ab44a30759e1137a7,0.083265436492127,0.2426771927552101,-0.159411756263083,0.8799999999999999,0.48,0.4285714285714285,0.4285714285714285,0.5263182601521521,0.7429417557810345,2.9448152138205863,3.1886815790509053,0.243866365230319,4.884981308350689e-15,True
6,1,2,7,FFF,J,2013J,2014J,56,logistic,source_train_only_activity_types,14,0,,1,clicks_htmlactivity,1915,1793,1340,575,160,0.4281984334203655,0.3770217512548801,0.7808584772777819,0.7814080933184301,0.0005496160406481,0.7251521929189986,0.6843128459467643,0.5926484613271689,0.5720303789084985,-0.0206180824186703,0.1950259812756769,0.1921025464891151,-0.0029234347865617,0.0043245113302196,0.0112597799691013,0.0068753017109405,0.0268585781764896,-0.0155987982073882,0.2300570778583455,0.0150867316354952,-0.0016492224316627,0.0402478569548576,-0.0251611253193624,0.0171461927512921,0.0358615898485333,-0.0187153970972411,0.0234600055144606,0.0067134577565299,0.0224143491960376,0.0580813647136777,80,80,0.3770217512548801,target_prevalence,0.0245400893346675,0.0280991367145844,-0.0035590473799168,-0.0095789227936525,-0.0120397508274714,"{""C"": 1.0, ""class_weight"": ""balanced"", ""max_iter"": 5000, ""solver"": ""lbfgs""}",0ec0160f1649f42124ca093cb28e50d00a77309027bbdbb0b9ac6257ff1aa269,0.0681900925037284,0.26972604272817,-0.2015359502244415,0.9365079365079364,0.5767195767195767,1.0,0.4285714285714285,0.6098940687321084,0.1974313281653606,6.884809799555993,6.554779337893089,-0.3300304616629033,3.552713678800501e-15,False
6,1,2,7,FFF,J,2013J,2014J,56,lightgbm,source_train_only_activity_types,14,0,,1,clicks_htmlactivity,1915,1793,1340,575,160,0.4281984334203655,0.3770217512548801,0.7563137865421208,0.7685328410312917,0.0122190544891709,0.7122711314005543,0.7016958670597033,0.6202538757361382,0.5698196084078819,-0.0504342673282562,0.2042500950768026,0.1888952935395243,-0.0153548015372783,0.02050436157857,0.0127318565848166,-0.0012685757551144,0.0050526644676609,0.0076791921171556,0.2139581338289284,0.0160694776104509,-0.0016147831496559,0.0050345506007985,0.0110349270096523,0.0172726002944142,0.0051552597078037,0.0121173405866104,0.0209610852574943,0.0111778699634075,0.0055253248159014,0.0045437763856957,80,80,0.3770217512548801,target_prevalence,0.0102130047626987,0.005241722530026,0.0049712822326726,0.0063252371749141,0.0027079098844829,"{""class_weight"": ""balanced"", ""colsample_bytree"": 1.0, ""deterministic"": true, ""force_col_wise"": true, ""learning_rate"": 0.035, ""min_child_samples"": 12, ""n_estimators"": 180, ""n_jobs"": 1, ""num_leaves"": 15, ""objective"": ""binary"", ""reg_lambda"": 1.0, ""subsample"": 1.0, ""verbosity"": -1}",7340a032adf73dcca6285d723e7b8782f8c2625f4216107ab44a30759e1137a7,0.0475342776010268,0.2000401362457449,-0.152505858644718,0.9204244031830238,0.7443715138562698,0.6666666666666666,0.4285714285714285,0.8955076637931454,0.6147898452292663,4.001228957074053,4.101121730369124,0.0998927732950711,7.105427357601002e-15,True
6,1,2,8,GGG,J,2013J,2014J,14,logistic,source_train_only_activity_types,6,0,,1,clicks_quiz,926,719,648,278,134,0.3606911447084233,0.3824756606397774,0.6217415730337079,0.6356347256347257,0.0138931526010177,0.4880162278778125,0.5174160846996074,0.7014953774042243,0.6999145116468839,-0.0015808657573403,0.2490296685142115,0.245986025406318,-0.0030436431078935,0.0078651685393258,0.0156570666286843,-0.0012731580348349,0.0175208337146686,-0.0018637670859842,0.3338527208542179,0.0100790902141598,0.0063753685848521,0.0198491640662847,-0.0097700738521249,0.0112481725175184,0.0181654797328467,-0.0069173072153283,0.0150528782385079,0.0051053021898117,0.0126860336772793,0.02701229445529,80,50,0.3824756606397774,target_prevalence,0.0125904843821246,0.0158659397378841,-0.0032754553557594,-0.0025696112208718,0.0014116882697751,"{""C"": 1.0, ""class_weight"": ""balanced"", ""max_iter"": 5000, ""solver"": ""lbfgs""}",0ec0160f1649f42124ca093cb28e50d00a77309027bbdbb0b9ac6257ff1aa269,0.0940155233677501,0.3153604633962177,-0.2213449400284675,0.9052631578947368,0.5157894736842106,0.6666666666666666,0.6666666666666666,0.2055773504585792,0.5504965892451988,3.11757850702046,3.7273213316980542,0.6097428246775949,1.7763568394002505e-15,False
6,1,2,8,GGG,J,2013J,2014J,14,lightgbm,source_train_only_activity_types,6,0,,1,clicks_quiz,926,719,648,278,134,0.3606911447084233,0.3824756606397774,0.6325280898876404,0.6144676494676495,-0.0180604404199908,0.4843208784080974,0.4961396740867483,0.6885047584909969,0.7485980888934946,0.0600933304024976,0.2361598159183895,0.2643468593182305,0.0281870433998409,0.0537359550561797,0.0288844155078477,0.0022051706381568,0.0153032637267235,0.0135811517811241,0.3114276993178077,0.0374920802778998,0.0028909731799233,0.0125589142108931,0.0249331660670067,0.0331550994591035,0.0118434677570936,0.0213116317020099,0.0190406648417191,0.0559434957140805,0.0095150917240182,0.015602736697768,80,50,0.3824756606397774,target_prevalence,0.0117800033119805,0.0106086542436207,0.0011713490683598,0.0073762504247419,0.0124098027127643,"{""class_weight"": ""balanced"", ""colsample_bytree"": 1.0, ""deterministic"": true, ""force_col_wise"": true, ""learning_rate"": 0.035, ""min_child_samples"": 12, ""n_estimators"": 180, ""n_jobs"": 1, ""num_leaves"": 15, ""objective"": ""binary"", ""reg_lambda"": 1.0, ""subsample"": 1.0, ""verbosity"": -1}",7340a032adf73dcca6285d723e7b8782f8c2625f4216107ab44a30759e1137a7,0.1134096980493381,0.2230039321601236,-0.1095942341107855,0.9473684210526316,0.6105263157894737,1.0,0.25,0.4625495910399468,0.3835142916615393,3.176528846400008,3.4555630268916158,0.2790341804916072,7.549516567451064e-15,True
6,1,2,8,GGG,J,2013J,2014J,56,logistic,source_train_only_activity_types,6,0,,1,clicks_quiz,919,698,643,276,136,0.3558215451577802,0.3638968481375358,0.6623480853015363,0.6642016031779812,0.0018535178764448,0.5071121854289659,0.502239579052578,0.6684983527847557,0.6992649048903796,0.0307665521056239,0.2318637079750983,0.2380343923977315,0.0061706844226332,0.0036115569823433,0.0185584471628694,-0.0016033696835011,0.01968503505371,-0.0011265878908405,0.2045543950867904,0.050241522643154,0.0252326291545601,0.0317050856256753,0.0185364370174786,0.0507041919607097,0.0251384234882363,0.0255657684724733,0.0519412236097535,0.0485418216765545,0.0075812426155047,0.055828928635846,80,49,0.3638968481375358,target_prevalence,0.0264220321797853,0.0147059707508909,0.0117160614288943,0.0052947367690268,-0.0128426493197349,"{""C"": 1.0, ""class_weight"": ""balanced"", ""max_iter"": 5000, ""solver"": ""lbfgs""}",0ec0160f1649f42124ca093cb28e50d00a77309027bbdbb0b9ac6257ff1aa269,0.0969761800005356,0.2228730217300006,-0.125896841729465,0.8421052631578948,0.6421052631578947,0.6666666666666666,0.4285714285714285,0.9429185750767566,0.5013315991638084,4.806532400873453,6.466233773413912,1.659701372540458,3.552713678800501e-15,False
6,1,2,8,GGG,J,2013J,2014J,56,lightgbm,source_train_only_activity_types,6,0,,1,clicks_quiz,919,698,643,276,136,0.3558215451577802,0.3638968481375358,0.6566727814721393,0.6353036106973114,-0.0213691707748278,0.5158334456882432,0.5145302561847267,0.6897896692062719,0.6989835321513458,0.0091938629450738,0.2375570854758625,0.2438175107836276,0.0062604253077651,0.0045287778032558,0.0190857344407097,-0.0022755292456161,0.0114974329510013,0.0075883014897084,0.3362013125349255,0.0365025645743613,-0.0025720295433737,0.012258602290768,0.0242439622835932,0.0319195780693531,0.0127226491596286,0.0191969289097245,0.0196661194138576,0.053339009734865,0.0139633639458452,0.0105538406356908,80,49,0.3638968481375358,target_prevalence,0.049356272409242,0.0091590454543687,0.0401972269548732,0.0238927642222908,-0.0326089254651648,"{""class_weight"": ""balanced"", ""colsample_bytree"": 1.0, ""deterministic"": true, ""force_col_wise"": true, ""learning_rate"": 0.035, ""min_child_samples"": 12, ""n_estimators"": 180, ""n_jobs"": 1, ""num_leaves"": 15, ""objective"": ""binary"", ""reg_lambda"": 1.0, ""subsample"": 1.0, ""verbosity"": -1}",7340a032adf73dcca6285d723e7b8782f8c2625f4216107ab44a30759e1137a7,0.108087875660381,0.2730998918470192,-0.1650120161866382,0.8736842105263158,0.5263157894736842,0.6666666666666666,0.4285714285714285,0.9178175272110514,0.6071948628190482,3.251499625209972,3.5905832501398973,0.3390836249299256,1.0880185641326534e-14,False
7,1,3,0,AAA,J,2013J,2014J,14,logistic,source_train_only_activity_types,9,0,,0,,370,350,259,111,53,0.2486486486486486,0.2771428571428571,0.4862306368330465,0.5613463184059329,0.0751156815728863,0.2789703948176851,0.3408790429790881,0.8979339604898863,0.8116275914522586,-0.0863063690376276,0.3047648450715908,0.2762921441106092,-0.0284727009609816,0.1222030981067125,0.0037339593612874,0.0062369518271985,0.0180974838140824,-0.0143635244527949,0.2371903244310866,0.0113053500148109,0.0001628108624839,0.006983497500258,0.0043218525145529,0.0142353844787966,0.0115153944816373,0.0027199899971592,0.0178791452865736,0.0047315547430482,0.017151215086686,-0.0031842200861699,41,14,0.2771428571428571,target_prevalence,0.0034863277262308,0.008502563879712,-0.0050162361534812,-0.0096898803031381,-0.0093472882993137,"{""C"": 1.0, ""class_weight"": ""balanced"", ""max_iter"": 5000, ""solver"": ""lbfgs""}",0ec0160f1649f42124ca093cb28e50d00a77309027bbdbb0b9ac6257ff1aa269,0.0814992248256809,0.2485351567086405,-0.1670359318829596,0.8972332015810277,0.6205533596837944,1.0,0.4285714285714285,0.7448618698278455,0.4847084164012965,6.673561790370973,8.143962244941283,1.47040045457031,3.1086244689504387e-15,False
7,1,3,0,AAA,J,2013J,2014J,14,lightgbm,source_train_only_activity_types,9,0,,0,,370,350,259,111,53,0.2486486486486486,0.2771428571428571,0.5550774526678142,0.6076769487795932,0.052599496111779,0.3011179996187699,0.3553790307629283,0.7662639065307942,0.8160930357878933,0.049829129257099,0.2544949098899933,0.2697618726736085,0.0152669627836152,0.0567986230636833,0.0067458814264613,0.0011204995326178,0.0158094109687367,-0.0090635295422753,0.3127844855202755,0.0013080811631397,-0.0172137118152602,0.0056319833430273,-0.0043239021798875,0.0079344511630766,0.011040617895,-0.0031061667319234,0.0161749369322289,-0.0135587746059494,0.0177667403506585,-0.0065027736646039,41,14,0.2771428571428571,target_prevalence,0.0031064440195179,0.0308855448128101,-0.0277791007932921,-0.0184213151677837,0.0187155712510168,"{""class_weight"": ""balanced"", ""colsample_bytree"": 1.0, ""deterministic"": true, ""force_col_wise"": true, ""learning_rate"": 0.035, ""min_child_samples"": 12, ""n_estimators"": 180, ""n_jobs"": 1, ""num_leaves"": 15, ""objective"": ""binary"", ""reg_lambda"": 1.0, ""subsample"": 1.0, ""verbosity"": -1}",7340a032adf73dcca6285d723e7b8782f8c2625f4216107ab44a30759e1137a7,0.0880822518406945,0.271319274789903,-0.1832370229492084,0.865079365079365,0.5544565326087171,0.6666666666666666,0.6666666666666666,0.5962521925855242,0.6046947154719126,4.3284797802246535,4.412376241588148,0.0838964613634942,7.105427357601002e-15,False
7,1,3,0,AAA,J,2013J,2014J,56,logistic,source_train_only_activity_types,9,0,,0,,365,342,255,110,52,0.2383561643835616,0.260233918128655,0.5741758241758241,0.6453790469423102,0.071203222766486,0.3255251129575438,0.4021660467856071,0.8205441745184177,0.7609668385223125,-0.0595773359961051,0.2647084898096183,0.2487658313138769,-0.0159426584957414,0.048992673992674,-0.0046991544633049,-0.0040750242734338,0.0140314076390184,-0.0187305621023234,0.2812361877403583,0.0185932711159595,-0.0138554813869016,0.0100629964312931,0.0085302746846663,0.0110092899767338,0.0111564689381963,-0.0001471789614625,0.0027778958134278,0.0344086464184913,0.0123432866591033,0.0077827062034829,42,13,0.260233918128655,target_prevalence,-0.0043713540862327,0.0088868250798876,-0.0132581791661203,-0.0159943706342219,-0.005472382936203,"{""C"": 1.0, ""class_weight"": ""balanced"", ""max_iter"": 5000, ""solver"": ""lbfgs""}",0ec0160f1649f42124ca093cb28e50d00a77309027bbdbb0b9ac6257ff1aa269,0.0791226355837102,0.3852695075236777,-0.3061468719399674,0.9367588932806324,0.2569169960474308,0.6666666666666666,0.6666666666666666,0.4955057940372429,0.5312171190293187,5.666035010344178,6.46247321374677,0.7964382034025919,2.664535259100376e-15,False
7,1,3,0,AAA,J,2013J,2014J,56,lightgbm,source_train_only_activity_types,9,0,,0,,365,342,255,110,52,0.2383561643835616,0.260233918128655,0.566849816849817,0.6722476351201314,0.1053978182703144,0.3496287502611294,0.438269089200273,0.7813326082771981,0.6886957877831,-0.092636820494098,0.2259163661536498,0.2159661084401014,-0.0099502577135484,0.0956959706959705,0.0138290793591048,0.0195943633482507,0.0372613928822148,-0.02343231352311,0.3810825123358408,0.0161952729872911,0.0262559095931589,0.0612737433143465,-0.0450784703270553,0.0173932096369511,0.0454878565013401,-0.028094646864389,0.0186934091713382,0.0136971368032441,0.0283543939847845,0.0941930926439085,42,13,0.260233918128655,target_prevalence,0.0058124466640814,0.0122689923829573,-0.0064565457188758,-0.0149444296209929,-0.0169757678042342,"{""class_weight"": ""balanced"", ""colsample_bytree"": 1.0, ""deterministic"": true, ""force_col_wise"": true, ""learning_rate"": 0.035, ""min_child_samples"": 12, ""n_estimators"": 180, ""n_jobs"": 1, ""num_leaves"": 15, ""objective"": ""binary"", ""reg_lambda"": 1.0, ""subsample"": 1.0, ""verbosity"": -1}",7340a032adf73dcca6285d723e7b8782f8c2625f4216107ab44a30759e1137a7,0.063565455723067,0.3271227091537207,-0.2635572534306536,0.936,0.4621550622759655,1.0,0.6666666666666666,0.5943351172544161,0.2446129158642373,4.102139990628597,4.44539488765526,0.3432548970266627,1.2878587085651816e-14,False
7,1,3,1,BBB,B,2013B,2014B,14,logistic,source_train_only_activity_types,10,0,,1,clicks_oucollaborate,1606,1289,1124,482,160,0.5006226650062267,0.4375484871993794,0.7103527831821077,0.6531841526045489,-0.0571686305775588,0.7120219901403533,0.5845098698156094,0.6523957080684659,0.7374344871259493,0.0850387790574833,0.2249765263812403,0.2558754818694645,0.0308989554882241,0.0002238253473596,0.0093848473189824,0.0009963250469113,0.0272700627836777,-0.0178852154646952,0.2773189867966453,0.0134573375550398,0.0060142884357566,0.0487747634025872,-0.0353174258475474,0.0149369392596349,0.0472888110779367,-0.0323518718183018,0.0253033412644996,0.0016113338455801,0.0368779152878387,0.0606716115173358,80,80,0.4375484871993794,target_prevalence,0.0058046330467581,0.0275177779271555,-0.0217131448803974,-0.0197991801725463,0.0038279294157021,"{""C"": 1.0, ""class_weight"": ""balanced"", ""max_iter"": 5000, ""solver"": ""lbfgs""}",0ec0160f1649f42124ca093cb28e50d00a77309027bbdbb0b9ac6257ff1aa269,0.1311197717739684,0.36002273169895,-0.2289029599249815,0.9492753623188406,0.4855072463768116,1.0,0.25,0.575710830036632,0.824077863384094,4.783387957162601,4.542377386249815,-0.2410105709127856,5.3290705182007506e-15,False
7,1,3,1,BBB,B,2013B,2014B,14,lightgbm,source_train_only_activity_types,10,0,,1,clicks_oucollaborate,1606,1289,1124,482,160,0.5006226650062267,0.4375484871993794,0.7286548096623681,0.6808718513083883,-0.0477829583539797,0.7361708515239287,0.6161713199562847,0.6301231264481084,0.6978202771965417,0.0676971507484333,0.2186505842906261,0.2429169777702904,0.0242663934796643,0.0091165785713057,0.0022156220712526,-0.0022262596461014,0.0259916275381223,-0.0237760054668696,0.3437629516531939,0.0061169819863487,0.0041253889625629,0.0401593069079533,-0.0340423249216045,0.0073138692334429,0.0422886694086732,-0.0349748001752303,0.0156995140453823,-0.0034655500726848,0.0572074327677549,0.0231111810481516,80,80,0.4375484871993794,target_prevalence,0.0087926680935869,0.0246320495436256,-0.0158393814500386,-0.0198076934584541,-0.0079366240168309,"{""class_weight"": ""balanced"", ""colsample_bytree"": 1.0, ""deterministic"": true, ""force_col_wise"": true, ""learning_rate"": 0.035, ""min_child_samples"": 12, ""n_estimators"": 180, ""n_jobs"": 1, ""num_leaves"": 15, ""objective"": ""binary"", ""reg_lambda"": 1.0, ""subsample"": 1.0, ""verbosity"": -1}",7340a032adf73dcca6285d723e7b8782f8c2625f4216107ab44a30759e1137a7,0.044744820860544,0.2989760691550956,-0.2542312482945515,0.891304347826087,0.6956521739130435,0.6666666666666666,0.4285714285714285,0.7074418712692775,0.5568493700641993,3.014489133074537,3.047356576446311,0.0328674433717739,5.773159728050814e-15,False
7,1,3,1,BBB,B,2013B,2014B,56,logistic,source_train_only_activity_types,10,0,,1,clicks_oucollaborate,1470,1247,1029,441,160,0.454421768707483,0.4170008019246191,0.7625103734439833,0.7462861072902338,-0.0162242661537495,0.7511165589766973,0.7063262576825298,0.5809315579834139,0.6752538777436905,0.0943223197602766,0.1991167934628624,0.2120867007718715,0.012969907309009,0.0055601659751038,0.0535763442176193,0.0029795402127926,0.0128445352815348,0.0407318089360845,0.2020093721671846,0.0408480237081878,0.0020858810704635,0.0237037251572149,0.0171442985509729,0.0438461817951458,0.0225243921962626,0.0213217895988831,0.0589093915073986,0.022786655908977,0.0165992410880967,0.030808209226333,80,80,0.4170008019246191,target_prevalence,0.048513935125326,0.0182531291828094,0.0302608059425166,0.0354963074393006,0.0104710029935678,"{""C"": 1.0, ""class_weight"": ""balanced"", ""max_iter"": 5000, ""solver"": ""lbfgs""}",0ec0160f1649f42124ca093cb28e50d00a77309027bbdbb0b9ac6257ff1aa269,0.2518284646382988,0.3081054718406233,-0.0562770072023244,0.8550724637681159,0.3840579710144927,0.6666666666666666,0.6666666666666666,0.6368389100946706,0.5185027831918484,4.650739364168797,5.716777094730295,1.066037730561498,2.664535259100376e-15,False
7,1,3,1,BBB,B,2013B,2014B,56,lightgbm,source_train_only_activity_types,10,0,,1,clicks_oucollaborate,1470,1247,1029,441,160,0.454421768707483,0.4170008019246191,0.7556016597510373,0.7593878954607978,0.0037862357097604,0.7631924041897808,0.7384654145840275,0.5949701273281498,0.627398021971425,0.0324278946432752,0.205113381970621,0.2146115445152811,0.0094981625446601,0.0213900414937759,0.0097699074147302,-0.0008657644505867,0.0058772804355615,0.0038926269791687,0.2733293358983666,0.0060379670714774,0.0003974850735739,0.0173072792459688,-0.0112693121744913,0.0068431614941156,0.0163630852441049,-0.0095199237499892,0.01088858274795,0.0011873513950049,0.011619308616383,0.0229952498755545,80,80,0.4170008019246191,target_prevalence,0.0198803523529819,0.0117653151378487,0.0081150372151331,0.0060038320971509,-0.0042224102359644,"{""class_weight"": ""balanced"", ""colsample_bytree"": 1.0, ""deterministic"": true, ""force_col_wise"": true, ""learning_rate"": 0.035, ""min_child_samples"": 12, ""n_estimators"": 180, ""n_jobs"": 1, ""num_leaves"": 15, ""objective"": ""binary"", ""reg_lambda"": 1.0, ""subsample"": 1.0, ""verbosity"": -1}",7340a032adf73dcca6285d723e7b8782f8c2625f4216107ab44a30759e1137a7,0.0648971178919772,0.2836107374613861,-0.2187136195694088,0.9202898550724636,0.4710144927536232,1.0,0.4285714285714285,0.5243094640040017,0.7561536235555013,3.674127700894926,3.7003290749066,0.0262013740116735,8.881784197001252e-15,True
7,1,3,2,BBB,J,2013J,2014J,14,logistic,source_train_only_activity_types,10,0,,0,,1851,1791,1295,556,160,0.4219340896812534,0.3618090452261306,0.7045801020746337,0.6344611051704957,-0.070118996904138,0.6477358051855517,0.5025913981080863,0.6649555029455141,1.257727572023984,0.5927720690784699,0.2245351704621966,0.268827458481543,0.0442922880193463,0.0101676940412275,0.3129402667265649,0.0022360399182368,0.005952112450246,0.3069881542763188,0.162472296040106,0.3241137739655543,-0.0039400606558843,0.0028693581133791,0.3212444158521752,0.3409737148278648,0.0025407289776756,0.3384329858501891,0.3851161054491868,0.2631114424819218,0.001680318149652,0.0040583980771061,80,80,0.3618090452261306,target_prevalence,0.401816620972537,0.006461158805559,0.395355462166978,0.3511718082216484,-0.0883673078906591,"{""C"": 1.0, ""class_weight"": ""balanced"", ""max_iter"": 5000, ""solver"": ""lbfgs""}",0ec0160f1649f42124ca093cb28e50d00a77309027bbdbb0b9ac6257ff1aa269,0.4518171367382026,0.264416007374504,0.1874011293636985,0.8478260869565217,0.536231884057971,0.6666666666666666,0.4285714285714285,0.8548175024120565,0.5228650850056611,3.794582293915212,7.248925425243959,3.4543431313287467,1.0658141036401504e-14,False
7,1,3,2,BBB,J,2013J,2014J,14,lightgbm,source_train_only_activity_types,10,0,,0,,1851,1791,1295,556,160,0.4219340896812534,0.3618090452261306,0.7080532909127064,0.6342403573010165,-0.0738129336116899,0.655857609110616,0.4816033052929933,0.6288538418464495,0.6807942317927698,0.0519403899463202,0.2190337730314791,0.2407911095029201,0.021757336471441,0.0056339895274076,0.0424619003569624,-0.0008629758815556,0.0153342544543754,0.0271276459025869,0.2809327973402792,0.0441241279310939,-0.0006971494371414,0.013559443496209,0.0305646844348849,0.0408622225859779,0.0123585272733651,0.0285036953126128,0.0323219613187651,0.0559262945434227,0.0092143102535558,0.0179045767388622,80,80,0.3618090452261306,target_prevalence,0.2435461496289849,0.0127613209250507,0.2307848287039342,0.1289562373032605,-0.2036571828013472,"{""class_weight"": ""balanced"", ""colsample_bytree"": 1.0, ""deterministic"": true, ""force_col_wise"": true, ""learning_rate"": 0.035, ""min_child_samples"": 12, ""n_estimators"": 180, ""n_jobs"": 1, ""num_leaves"": 15, ""objective"": ""binary"", ""reg_lambda"": 1.0, ""subsample"": 1.0, ""verbosity"": -1}",7340a032adf73dcca6285d723e7b8782f8c2625f4216107ab44a30759e1137a7,0.1631753694560878,0.1949788556517113,-0.0318034861956235,0.7391304347826086,0.6521739130434783,0.6666666666666666,1.0,0.5263552783957742,0.4070988428995096,2.528641384773166,2.675918810815784,0.1472774260426175,6.661338147750939e-15,False
7,1,3,2,BBB,J,2013J,2014J,56,logistic,source_train_only_activity_types,10,0,,0,,1785,1750,1249,536,160,0.3994397759103641,0.3417142857142857,0.7158965577291461,0.6808763586956522,-0.0350201990334938,0.6714292919429925,0.5268096565267218,0.6508102356477786,0.8738268101546166,0.2230165745068379,0.2181702191864732,0.2642124070546614,0.0460421878681881,0.0002176815464096,0.0410133688477205,-7.312941204756784e-05,0.0048617533958873,0.0361516154518332,0.1767476387510535,0.0383180195671033,0.0011889622585005,0.0058358400653408,0.0324821795017625,0.0457923557075559,0.0060957363265399,0.039696619381016,0.0619282871587856,0.0147077519754211,0.0066568120095617,0.0050148681211199,80,80,0.3417142857142857,target_prevalence,0.0879403608927206,0.0024288916925934,0.0855114692001272,0.0608315423259802,-0.0493598537482939,"{""C"": 1.0, ""class_weight"": ""balanced"", ""max_iter"": 5000, ""solver"": ""lbfgs""}",0ec0160f1649f42124ca093cb28e50d00a77309027bbdbb0b9ac6257ff1aa269,0.2706008697964796,0.2319434287874147,0.0386574410090648,0.7101449275362319,0.5797101449275361,0.6666666666666666,0.6666666666666666,0.7254068350053524,0.5208080099084775,4.850569904740356,6.669383078511558,1.8188131737712023,7.105427357601002e-15,False
7,1,3,2,BBB,J,2013J,2014J,56,lightgbm,source_train_only_activity_types,10,0,,0,,1785,1750,1249,536,160,0.3994397759103641,0.3417142857142857,0.7288848899982586,0.6714373432274248,-0.0574475467708338,0.6890475719096268,0.5291965429743025,0.6236605318928586,0.8703251132429266,0.2466645813500679,0.2094268315846296,0.2843323915239848,0.0749055599393551,0.01024554478435,0.1538992452058255,0.0004822472429746,0.0049849174451946,0.1489143277606308,0.2538543042221398,0.1582218537538545,0.0021309960910151,0.0106423399363086,0.1475795138175458,0.1687960690496301,0.0096704945565713,0.1591255744930588,0.1916241583885248,0.1248195491191841,0.0075724312458025,0.0137122486268147,80,80,0.3417142857142857,target_prevalence,0.1480888960318605,0.0078848528574645,0.1402040431743959,0.1445591854675134,0.0087102845862349,"{""class_weight"": ""balanced"", ""colsample_bytree"": 1.0, ""deterministic"": true, ""force_col_wise"": true, ""learning_rate"": 0.035, ""min_child_samples"": 12, ""n_estimators"": 180, ""n_jobs"": 1, ""num_leaves"": 15, ""objective"": ""binary"", ""reg_lambda"": 1.0, ""subsample"": 1.0, ""verbosity"": -1}",7340a032adf73dcca6285d723e7b8782f8c2625f4216107ab44a30759e1137a7,0.2410940538764111,0.1934350406585851,0.047659013217826,0.8260869565217391,0.6521739130434783,0.6666666666666666,0.6666666666666666,0.8816115345158675,0.5086470432743267,3.339755082750582,4.305842608659459,0.9660875259088764,1.5099033134902132e-14,False
7,1,3,3,DDD,B,2013B,2014B,14,logistic,source_train_only_activity_types,11,0,,1,clicks_oucollaborate,1197,1050,837,360,160,0.5747702589807853,0.5447619047619048,0.7086924947112501,0.6634286215876175,-0.0452638731236325,0.7685060581338988,0.6699878624293237,0.6416013571912479,0.695902932490343,0.054301575299095,0.2229942795379256,0.2405641633082761,0.0175698837703504,0.0029995895298537,0.0180932364648656,-0.0002504044330119,0.0378414010130709,-0.0197481645482052,0.2846712808089479,0.0106590764000992,0.00042651652286,0.0328450214777612,-0.022185945077662,0.0105299500978495,0.0336854695344057,-0.0231555194365562,0.0121014446699099,0.0092167081302885,0.0234570378663068,0.0422330050892156,76,80,0.5447619047619048,target_prevalence,0.0142675706219443,0.021860618300546,-0.0075930476786016,-0.0136706061134034,-0.0121551168696035,"{""C"": 1.0, ""class_weight"": ""balanced"", ""max_iter"": 5000, ""solver"": ""lbfgs""}",0ec0160f1649f42124ca093cb28e50d00a77309027bbdbb0b9ac6257ff1aa269,0.0695300247327665,0.3899632925814944,-0.3204332678487278,0.9266666666666664,0.2866666666666666,1.0,0.25,0.0994526539579692,0.3252627899421724,4.916632617632024,4.513887236022417,-0.4027453816096065,3.552713678800501e-15,False
7,1,3,3,DDD,B,2013B,2014B,14,lightgbm,source_train_only_activity_types,11,0,,1,clicks_oucollaborate,1197,1050,837,360,160,0.5747702589807853,0.5447619047619048,0.6966309873385748,0.6797261316089768,-0.0169048557295979,0.7432986054353625,0.7116036650428226,0.6609021295812217,0.6739129166721504,0.0130107870909286,0.2301178686753621,0.2349762643502949,0.0048583956749327,0.0022733731173629,0.0019537429580896,-0.0007832135591614,0.0102093938644229,-0.0082556509063332,0.2651223073075809,0.0067880648903535,-0.0022192620525351,0.0111663162704888,-0.0043782513801353,0.0070980079644183,0.0112694697703985,-0.0041714618059801,0.0033259348077142,0.0102501949729927,0.0100140697289443,0.0123185628120333,76,80,0.5447619047619048,target_prevalence,0.0021487786764866,0.0097004732535144,-0.0075516945770278,-0.0079036727416805,-0.0007039563293054,"{""class_weight"": ""balanced"", ""colsample_bytree"": 1.0, ""deterministic"": true, ""force_col_wise"": true, ""learning_rate"": 0.035, ""min_child_samples"": 12, ""n_estimators"": 180, ""n_jobs"": 1, ""num_leaves"": 15, ""objective"": ""binary"", ""reg_lambda"": 1.0, ""subsample"": 1.0, ""verbosity"": -1}",7340a032adf73dcca6285d723e7b8782f8c2625f4216107ab44a30759e1137a7,0.0675146643956887,0.2250502563813357,-0.157535591985647,0.7599999999999999,0.4599999999999999,1.0,0.25,0.7841517291696868,0.475267330192631,3.5079780892693235,3.391218227018693,-0.1167598622506305,5.3290705182007506e-15,False
7,1,3,3,DDD,B,2013B,2014B,56,logistic,source_train_only_activity_types,11,0,,1,clicks_oucollaborate,1085,971,759,326,159,0.5299539170506913,0.5077239958805355,0.7530318485775813,0.7338852724757484,-0.0191465761018329,0.8013588395721081,0.7534755151882724,0.5901282270898458,0.6291353707865396,0.0390071436966937,0.2038820586975609,0.2160538333485482,0.0121717746509873,0.0282216933015981,0.0138028611242796,-0.0015320607201653,0.0065449465960156,0.007257914528264,0.1888067345643703,0.0279028215526184,-6.58688618100367e-05,0.0102740056838395,0.0176288158687788,0.0277260725229716,0.0103019859853917,0.0174240865375798,0.0393443754050866,0.0164612677001502,0.0084627474966939,0.0120852638709851,76,80,0.5077239958805355,target_prevalence,0.0221411991548239,0.004242212785933,0.0178989863688908,0.0125784504485774,-0.0106410718406268,"{""C"": 1.0, ""class_weight"": ""balanced"", ""max_iter"": 5000, ""solver"": ""lbfgs""}",0ec0160f1649f42124ca093cb28e50d00a77309027bbdbb0b9ac6257ff1aa269,0.0601402622696275,0.2986472306904115,-0.2385069684207839,0.9266666666666664,0.4733333333333333,1.0,1.0,0.277981088655867,0.257065566381674,4.637930858486244,4.149836942172051,-0.4880939163141926,3.552713678800501e-15,True
7,1,3,3,DDD,B,2013B,2014B,56,lightgbm,source_train_only_activity_types,11,0,,1,clicks_oucollaborate,1085,971,759,326,159,0.5299539170506913,0.5077239958805355,0.7840114851335525,0.7271656750999347,-0.0568458100336177,0.8257466675759626,0.7351567597986262,0.5734662818034685,0.8544604526771307,0.2809941708736622,0.193561000428661,0.2637318705207186,0.0701708700920575,0.0256526502701274,0.0351052288179274,0.0005768186199904,0.0141450518444682,0.0209601769734592,0.2608492986307865,0.0430969281187851,0.0013805635333105,0.0234534159129209,0.0196435122058642,0.0433786347874842,0.0234538524638147,0.0199247823236694,0.0248611164316638,0.0613327398059064,0.023425156518391,0.0234816753074508,76,80,0.5077239958805355,target_prevalence,0.0152549714189918,0.0189897945997438,-0.003734823180752,0.0086126768963536,0.0246950001542112,"{""class_weight"": ""balanced"", ""colsample_bytree"": 1.0, ""deterministic"": true, ""force_col_wise"": true, ""learning_rate"": 0.035, ""min_child_samples"": 12, ""n_estimators"": 180, ""n_jobs"": 1, ""num_leaves"": 15, ""objective"": ""binary"", ""reg_lambda"": 1.0, ""subsample"": 1.0, ""verbosity"": -1}",7340a032adf73dcca6285d723e7b8782f8c2625f4216107ab44a30759e1137a7,0.123295218175238,0.2480766213472938,-0.1247814031720557,0.9066666666666664,0.5666666666666667,1.0,0.25,0.5857755575443665,0.4049455653772872,4.376913454525205,4.582758329688162,0.2058448751629571,8.881784197001252e-15,False
7,1,3,4,DDD,J,2013J,2014J,14,logistic,source_train_only_activity_types,10,0,,0,,1675,1479,1172,503,160,0.5068656716417911,0.4645030425963489,0.6832226438962683,0.7196510225986208,0.0364283787023524,0.6797459751215863,0.6729797504736661,0.6512768813942473,0.6460421069318447,-0.0052347744624026,0.228140271282632,0.2161172655486109,-0.012023005734021,0.0054237824161924,0.0059754379177835,-0.0019170990259963,0.0179596820614738,-0.0119842441436902,0.2229782289897251,0.0099193686696788,0.0002360329425522,0.026335609918507,-0.0164162412488282,0.0103352069717,0.0253821538583559,-0.0150469468866558,0.0157767481810061,0.0040619891583515,0.0129055002712349,0.0397657195657791,80,80,0.4645030425963489,target_prevalence,0.0046928373148816,0.020184969490902,-0.0154921321760204,-0.0137381881598553,0.0035078880323302,"{""C"": 1.0, ""class_weight"": ""balanced"", ""max_iter"": 5000, ""solver"": ""lbfgs""}",0ec0160f1649f42124ca093cb28e50d00a77309027bbdbb0b9ac6257ff1aa269,0.0693547806476154,0.299812220402414,-0.2304574397547986,0.9057971014492754,0.5144927536231884,0.4285714285714285,0.6666666666666666,0.5177121049677392,0.4258994961147245,4.325498500006778,4.474136985837957,0.1486384858311789,7.105427357601002e-15,False
7,1,3,4,DDD,J,2013J,2014J,14,lightgbm,source_train_only_activity_types,10,0,,0,,1675,1479,1172,503,160,0.5068656716417911,0.4645030425963489,0.6677735610373181,0.6812980606648729,0.0135244996275547,0.6902227526667173,0.6491610810700219,0.6812392456449209,0.6612499678077134,-0.0199892778372074,0.2395125480975507,0.2292505357566903,-0.0102620123408603,0.0119228336495889,0.0030704270958471,0.0010289601502672,0.0099948231367734,-0.0069243960409263,0.2633445588807853,0.0135434732015772,-7.753537609198058e-05,0.0127041784306194,0.0008392947709578,0.0132279911503009,0.0127357246867741,0.0004922664635268,0.0090996831650288,0.0179872632381256,0.0131485299815992,0.0122598268796396,80,80,0.4645030425963489,target_prevalence,0.0033239742741605,0.0112287398588764,-0.0079047655847159,-0.0074145808128211,0.0009803695437896,"{""class_weight"": ""balanced"", ""colsample_bytree"": 1.0, ""deterministic"": true, ""force_col_wise"": true, ""learning_rate"": 0.035, ""min_child_samples"": 12, ""n_estimators"": 180, ""n_jobs"": 1, ""num_leaves"": 15, ""objective"": ""binary"", ""reg_lambda"": 1.0, ""subsample"": 1.0, ""verbosity"": -1}",7340a032adf73dcca6285d723e7b8782f8c2625f4216107ab44a30759e1137a7,0.1014947699898945,0.2486935610751186,-0.147198791085224,0.7681159420289855,0.5289855072463768,0.6666666666666666,0.1111111111111111,0.7241481805532355,0.3578864982644792,3.120695616295124,3.207473813679382,0.086778197384258,6.217248937900877e-15,False
7,1,3,4,DDD,J,2013J,2014J,56,logistic,source_train_only_activity_types,10,0,,0,,1574,1417,1101,473,160,0.4739517153748411,0.4410726887791108,0.756544033275961,0.6737777777777778,-0.0827662554981831,0.7515436228826278,0.5950477874769116,0.5913318560584327,0.7575926072928113,0.1662607512343785,0.2024416343994369,0.2622188839969263,0.0597772495974893,0.0063468158347675,0.026717607555628,-0.0005612054593374,0.0083931200130318,0.0183244875425962,0.205783653152672,0.0303602650933406,-0.0028590713717293,0.0118011628455376,0.0185591022478029,0.0325435262093206,0.0111628515320464,0.0213806746772741,0.0488853010295304,0.0118352291571508,0.0063850722394478,0.0172172534516274,80,80,0.4410726887791108,target_prevalence,0.0124817468285449,0.0096435053563039,0.0028382414722409,0.0105813645074186,0.0154862460703552,"{""C"": 1.0, ""class_weight"": ""balanced"", ""max_iter"": 5000, ""solver"": ""lbfgs""}",0ec0160f1649f42124ca093cb28e50d00a77309027bbdbb0b9ac6257ff1aa269,0.0764448909869793,0.3008168213582985,-0.2243719303713192,0.891304347826087,0.4420289855072464,0.6666666666666666,0.4285714285714285,0.2959470021990379,0.4432734909330983,4.766560711399365,4.77987784544423,0.0133171340448647,3.552713678800501e-15,False
7,1,3,4,DDD,J,2013J,2014J,56,lightgbm,source_train_only_activity_types,10,0,,0,,1574,1417,1101,473,160,0.4739517153748411,0.4410726887791108,0.7947325014343087,0.6624626262626263,-0.1322698751716824,0.8071549063665985,0.6210939101862766,0.5500698614150634,0.8461472046898073,0.2960773432747439,0.1873759401746135,0.3030100794681772,0.1156341392935637,0.0082831325301205,0.2529064830243125,-0.002327956485513,0.0089927374977113,0.2439137455266011,0.2221691928646926,0.2516773368178965,-0.0025922555612681,0.006500743278536,0.2451765935393605,0.2672038724813802,0.0066121968078889,0.2605916756734912,0.383420456788893,0.1199342168468999,0.0074464298120279,0.005555056745044,80,80,0.4410726887791108,target_prevalence,0.331547191200038,0.0037780161037181,0.3277691750963198,0.2858414603114605,-0.0838554295697186,"{""class_weight"": ""balanced"", ""colsample_bytree"": 1.0, ""deterministic"": true, ""force_col_wise"": true, ""learning_rate"": 0.035, ""min_child_samples"": 12, ""n_estimators"": 180, ""n_jobs"": 1, ""num_leaves"": 15, ""objective"": ""binary"", ""reg_lambda"": 1.0, ""subsample"": 1.0, ""verbosity"": -1}",7340a032adf73dcca6285d723e7b8782f8c2625f4216107ab44a30759e1137a7,0.1490025969410117,0.1988291865220714,-0.0498265895810597,0.927536231884058,0.5869565217391304,1.0,0.6666666666666666,0.277438014276048,0.4202626257469795,3.783144804598904,4.247758314633215,0.4646135100343112,7.993605777301127e-15,False
7,1,3,5,EEE,J,2013J,2014J,14,logistic,source_train_only_activity_types,9,0,,2,clicks_ouwiki|clicks_page,933,1027,653,280,138,0.3483386923901393,0.3339824732229795,0.6403341556402781,0.7206707244301229,0.0803365687898448,0.4871810375293361,0.5425192024357504,0.7163449651585548,0.6274580690280872,-0.0888868961304676,0.2504345546161539,0.2172429996683548,-0.033191554947799,0.0026351199820587,0.0064460035105021,0.0005512192048601,0.0237619020369886,-0.0173158985264864,0.3206596800932221,0.0048991472673607,0.0032624321664841,0.0471865404775407,-0.0422873932101799,0.007956588641842,0.0378738384348946,-0.0299172497930525,0.0141073358057546,-0.0043090412710331,0.0191391944429437,0.0752338865121377,80,49,0.3339824732229795,target_prevalence,0.0070837256442316,0.0257100143636142,-0.0186262887193826,-0.0179710936229345,0.0013103901928961,"{""C"": 1.0, ""class_weight"": ""balanced"", ""max_iter"": 5000, ""solver"": ""lbfgs""}",0ec0160f1649f42124ca093cb28e50d00a77309027bbdbb0b9ac6257ff1aa269,0.0647135186749564,0.2901385537911968,-0.2254250351162403,0.9446640316205536,0.5968379446640317,1.0,0.4285714285714285,0.3862367262176328,0.5510760843441862,4.360164686118865,4.4644279850465525,0.1042632989276874,2.664535259100376e-15,False
7,1,3,5,EEE,J,2013J,2014J,14,lightgbm,source_train_only_activity_types,9,0,,2,clicks_ouwiki|clicks_page,933,1027,653,280,138,0.3483386923901393,0.3339824732229795,0.6855797263960529,0.7157178660938059,0.030138139697753,0.5608931056103881,0.5629598028746543,0.6749439654245746,0.630736034530163,-0.0442079308944115,0.2234866221105846,0.2090641324902729,-0.0144224896203117,0.021024893473873,-0.0008194253512118,-0.0007649100433395,0.01253768516265,-0.0133571105138619,0.3188812952544182,0.000817145484331,-0.0021720025177167,0.014375597244971,-0.0135584517606399,0.002839206309908,0.0130810082425642,-0.0102418019326561,0.006907047149632,-0.0052727561809699,0.0104766444430011,0.0182745500469409,80,49,0.3339824732229795,target_prevalence,0.0078632693130482,0.0076204869210027,0.0002427823920455,-0.0065571640609081,-0.0135998929059074,"{""class_weight"": ""balanced"", ""colsample_bytree"": 1.0, ""deterministic"": true, ""force_col_wise"": true, ""learning_rate"": 0.035, ""min_child_samples"": 12, ""n_estimators"": 180, ""n_jobs"": 1, ""num_leaves"": 15, ""objective"": ""binary"", ""reg_lambda"": 1.0, ""subsample"": 1.0, ""verbosity"": -1}",7340a032adf73dcca6285d723e7b8782f8c2625f4216107ab44a30759e1137a7,0.0744264969668434,0.2626579551680644,-0.188231458201221,0.8571428571428571,0.5238095238095237,1.0,0.1111111111111111,0.7792107838270629,0.3500234875228016,3.4038859435652054,3.360504992819709,-0.0433809507454965,6.661338147750939e-15,False
7,1,3,5,EEE,J,2013J,2014J,56,logistic,source_train_only_activity_types,9,0,,2,clicks_ouwiki|clicks_page,906,997,634,272,134,0.3278145695364238,0.3139418254764293,0.7421870203229569,0.7861153149113467,0.0439282945883897,0.6397661832541146,0.6569227799781565,0.5582427608400294,0.5765444642528346,0.0183017034128051,0.1926727902262421,0.1939943764735542,0.0013215862473121,0.0248664579112174,0.0055417478973597,-0.0005782490217878,0.0134774259761638,-0.007935678078804,0.2064690417806239,0.0071487609183426,-0.0024664361475164,0.020856415146264,-0.0137076542279213,0.0080884284997125,0.0200045580753757,-0.0119161295756631,0.0096739592434796,0.0046235625932056,0.0185671927751706,0.0231456375173574,80,44,0.3139418254764293,target_prevalence,0.0098774668191001,0.011553043391366,-0.0016755765722659,-0.0048056273255349,-0.0062601015065381,"{""C"": 1.0, ""class_weight"": ""balanced"", ""max_iter"": 5000, ""solver"": ""lbfgs""}",0ec0160f1649f42124ca093cb28e50d00a77309027bbdbb0b9ac6257ff1aa269,0.0660542878942429,0.352601090435082,-0.286546802540839,0.9525691699604742,0.4545454545454546,0.6666666666666666,0.4285714285714285,0.1295878305381397,0.7460793306512951,6.029320221270922,5.641332006975986,-0.3879882142949356,2.664535259100376e-15,False
7,1,3,5,EEE,J,2013J,2014J,56,lightgbm,source_train_only_activity_types,9,0,,2,clicks_ouwiki|clicks_page,906,997,634,272,134,0.3278145695364238,0.3139418254764293,0.7319948425124333,0.7527651663770715,0.0207703238646381,0.6604764311077724,0.677786223574118,0.6192586014516334,0.5797403068316165,-0.0395182946200168,0.1926042042947756,0.1904752649814122,-0.0021289393133634,0.0104377724565605,0.026129132396392,0.0027877105092758,0.0196151950589913,0.0065139373374006,0.356601997973767,0.0323834156933507,0.0070853703023498,0.0386521271516656,-0.0062687114583148,0.0371280480669118,0.0353253351904198,0.001802712876492,0.0451338158993894,0.0196330154873121,0.0297119341992072,0.047592320104124,80,44,0.3139418254764293,target_prevalence,0.0128741193917987,0.0244256501696634,-0.0115515307778646,-0.002518796720232,0.0180654681152653,"{""class_weight"": ""balanced"", ""colsample_bytree"": 1.0, ""deterministic"": true, ""force_col_wise"": true, ""learning_rate"": 0.035, ""min_child_samples"": 12, ""n_estimators"": 180, ""n_jobs"": 1, ""num_leaves"": 15, ""objective"": ""binary"", ""reg_lambda"": 1.0, ""subsample"": 1.0, ""verbosity"": -1}",7340a032adf73dcca6285d723e7b8782f8c2625f4216107ab44a30759e1137a7,0.1199219335638077,0.3289009454653124,-0.2089790119015047,0.8809523809523808,0.5396825396825397,0.6666666666666666,0.1111111111111111,0.8108928233524022,0.2439400646513277,3.9015096247642,4.316594445914412,0.4150848211502125,8.881784197001252e-15,False
7,1,3,6,FFF,B,2013B,2014B,14,logistic,source_train_only_activity_types,13,0,,1,clicks_oucollaborate,1520,1309,1064,456,160,0.4861842105263158,0.5011459129106188,0.742068992068992,0.7135336906584993,-0.0285353014104927,0.7409728847216966,0.6906904270165872,0.6244386619132687,0.6768703460622768,0.0524316841490081,0.2100669972803062,0.2238647948436568,0.0137977975633505,0.0089897589897589,0.0140711411528825,0.003568867088888,0.0109372803769315,0.003133860775951,0.1560401329932967,0.01269913092235,0.0041988152013274,0.0104240435211871,0.0022750874011628,0.0126984247816889,0.0104126703455997,0.0022857544360892,0.0130072436307846,0.0123910182139153,0.015386539135853,0.0054615479065213,80,80,0.5011459129106188,target_prevalence,0.0117546477607155,0.0112815393219063,0.0004731084388091,0.00180348460738,0.0026607523371418,"{""C"": 1.0, ""class_weight"": ""balanced"", ""max_iter"": 5000, ""solver"": ""lbfgs""}",0ec0160f1649f42124ca093cb28e50d00a77309027bbdbb0b9ac6257ff1aa269,0.0463137439260209,0.1704494134623157,-0.1241356695362947,0.965811965811966,0.7720797720797723,1.0,0.4285714285714285,0.7656018397988997,0.3039801390532365,4.920762033602604,4.770757824998951,-0.1500042086036535,1.4210854715202004e-14,False
7,1,3,6,FFF,B,2013B,2014B,14,lightgbm,source_train_only_activity_types,13,0,,1,clicks_oucollaborate,1520,1309,1064,456,160,0.4861842105263158,0.5011459129106188,0.7233194733194734,0.7076135472304188,-0.0157059260890546,0.7209839839157453,0.6877105104451439,0.6563099432273496,0.6883630978577885,0.0320531546304388,0.2265313138841506,0.2334246052750443,0.0068932913908937,0.0293947793947794,0.0170573423509731,-0.0012411633861925,0.0096082759780261,0.007449066372947,0.2682944551981207,0.0105837715988851,-0.0018664220556808,0.0190013819596011,-0.008417610360716,0.0105597428700525,0.0190191192297119,-0.0084593763596593,0.0210683069461696,9.923625160068728e-05,0.0112620197679239,0.0267407441512783,80,80,0.5011459129106188,target_prevalence,0.0114259345693694,0.010866995984311,0.0005589385850583,0.0040040024790027,0.0068901277878886,"{""class_weight"": ""balanced"", ""colsample_bytree"": 1.0, ""deterministic"": true, ""force_col_wise"": true, ""learning_rate"": 0.035, ""min_child_samples"": 12, ""n_estimators"": 180, ""n_jobs"": 1, ""num_leaves"": 15, ""objective"": ""binary"", ""reg_lambda"": 1.0, ""subsample"": 1.0, ""verbosity"": -1}",7340a032adf73dcca6285d723e7b8782f8c2625f4216107ab44a30759e1137a7,0.0497049597083594,0.263557451607296,-0.2138524918989365,0.9031339031339032,0.5555555555555557,1.0,0.1111111111111111,0.5684722097523637,0.7523970653477339,3.736196300515373,3.836063531195446,0.0998672306800729,5.773159728050814e-15,True
7,1,3,6,FFF,B,2013B,2014B,56,logistic,source_train_only_activity_types,13,0,,1,clicks_oucollaborate,1407,1257,984,423,160,0.4442075337597725,0.4797136038186158,0.7674287007695789,0.7718390717158347,0.0044103709462557,0.7169972889672536,0.7356333830187728,0.629022079770199,0.6321401309039424,0.0031180511337434,0.2024196694521217,0.2054863563438024,0.0030666868916806,0.0010411951109098,0.0139376124013827,0.0034998916413572,0.007199849408759,0.0067377629926237,0.1572267159972954,0.0323261379031783,-0.0020701968182986,0.0039439340685442,0.0283822038346341,0.031600463785884,0.0038986111680332,0.0277018526178508,0.0144404052475129,0.0502118705588437,0.0028268578735964,0.005061010263492,80,80,0.4797136038186158,target_prevalence,0.0120859476624706,0.0102967470158524,0.0017892006466181,0.0042634818196209,0.0049485623460055,"{""C"": 1.0, ""class_weight"": ""balanced"", ""max_iter"": 5000, ""solver"": ""lbfgs""}",0ec0160f1649f42124ca093cb28e50d00a77309027bbdbb0b9ac6257ff1aa269,0.0680034291357038,0.2188648101481722,-0.1508613810124684,0.8746438746438747,0.4586894586894587,1.0,0.6666666666666666,0.6786968789499815,0.5462843495579022,6.001036893683927,6.191072267305567,0.1900353736216402,3.552713678800501e-15,False
7,1,3,6,FFF,B,2013B,2014B,56,lightgbm,source_train_only_activity_types,13,0,,1,clicks_oucollaborate,1407,1257,984,423,160,0.4442075337597725,0.4797136038186158,0.7274105930285196,0.7538885592425233,0.0264779662140036,0.6991072118356756,0.7355975985634392,0.6564052173462815,0.6441467625095298,-0.0122584548367516,0.2198382400250805,0.2123342249351081,-0.0075040150899723,0.0287686736079675,0.0258349779883109,-0.0013882928888819,0.0120792013074019,0.0137557766809089,0.2471214111306633,0.0222970947082132,-0.0015724461253784,0.0198579473789289,0.0024391473292843,0.0221459460436026,0.0200221418545507,0.0021238041890519,0.0185717246804592,0.0260224647359672,0.0239048582780782,0.0158110364797795,80,80,0.4797136038186158,target_prevalence,0.0199137924860112,0.014006278572911,0.0059075139131002,0.0098316452970046,0.0078482627678087,"{""class_weight"": ""balanced"", ""colsample_bytree"": 1.0, ""deterministic"": true, ""force_col_wise"": true, ""learning_rate"": 0.035, ""min_child_samples"": 12, ""n_estimators"": 180, ""n_jobs"": 1, ""num_leaves"": 15, ""objective"": ""binary"", ""reg_lambda"": 1.0, ""subsample"": 1.0, ""verbosity"": -1}",7340a032adf73dcca6285d723e7b8782f8c2625f4216107ab44a30759e1137a7,0.0976119654484581,0.2480080730298895,-0.1503961075814314,0.8575498575498577,0.6125356125356126,0.6666666666666666,0.4285714285714285,0.4749974962275592,0.6625599024817378,3.891314093380801,4.216904996708162,0.3255909033273609,8.437694987151191e-15,True
7,1,3,7,FFF,J,2013J,2014J,14,logistic,source_train_only_activity_types,13,0,,1,clicks_htmlactivity,1998,1886,1398,600,160,0.4519519519519519,0.4077412513255567,0.7353492075954194,0.740956933454253,0.0056077258588335,0.701991516040934,0.6445048401044347,0.6036860511804324,0.6052046658955765,0.0015186147151441,0.2083406198799992,0.2069271440039929,-0.0014134758760063,0.0098139279265133,0.0127912665762141,0.0001119160401965,0.0104173924848401,0.002373874091374,0.2112904595855552,0.0157624926831972,0.0018248237679622,0.0193613031733638,-0.0035988104901665,0.0163273733945962,0.0186766597080396,-0.0023492863134433,0.0188238864237101,0.0127010989426844,0.0156508503699114,0.0230717559768162,80,80,0.4077412513255567,target_prevalence,0.0039636473569639,0.0139785900681093,-0.0100149427111453,-0.0038205343098856,0.0123888168025194,"{""C"": 1.0, ""class_weight"": ""balanced"", ""max_iter"": 5000, ""solver"": ""lbfgs""}",0ec0160f1649f42124ca093cb28e50d00a77309027bbdbb0b9ac6257ff1aa269,0.0472267712595163,0.3033020784358547,-0.2560753071763383,0.965811965811966,0.54985754985755,0.6666666666666666,0.6666666666666666,0.6434977992903241,0.5559030866751622,3.29393095747083,3.5642514703360497,0.2703205128652195,1.7763568394002505e-15,True
7,1,3,7,FFF,J,2013J,2014J,14,lightgbm,source_train_only_activity_types,13,0,,1,clicks_htmlactivity,1998,1886,1398,600,160,0.4519519519519519,0.4077412513255567,0.7109545867495148,0.7110514533052843,9.686655576945924e-05,0.6989501980878114,0.6335786542050408,0.623831184535434,0.6219827916025732,-0.0018483929328607,0.2153718564768353,0.2123818269910272,-0.002990029485808,0.0146031247546518,0.037491241952514,0.0001538979057822,0.0073056331826691,0.0301856087698448,0.2880441102217765,0.0458829509621586,-0.0010637979316747,0.0183586918144421,0.0275242591477164,0.0480720687887046,0.0177164912576506,0.030355577531054,0.0577469630910835,0.0340189388332336,0.0148782600612557,0.0218391235676286,80,80,0.4077412513255567,target_prevalence,0.0498408087107733,0.0085311648461614,0.0413096438646118,0.0357476263172283,-0.011124035094767,"{""class_weight"": ""balanced"", ""colsample_bytree"": 1.0, ""deterministic"": true, ""force_col_wise"": true, ""learning_rate"": 0.035, ""min_child_samples"": 12, ""n_estimators"": 180, ""n_jobs"": 1, ""num_leaves"": 15, ""objective"": ""binary"", ""reg_lambda"": 1.0, ""subsample"": 1.0, ""verbosity"": -1}",7340a032adf73dcca6285d723e7b8782f8c2625f4216107ab44a30759e1137a7,0.1005553506688419,0.2472009030503154,-0.1466455523814735,0.8404558404558405,0.5877324097149871,0.4285714285714285,0.4285714285714285,0.5097154840442244,0.6045574544370632,2.568915912515059,2.731069442322546,0.1621535298074867,6.217248937900877e-15,True
7,1,3,7,FFF,J,2013J,2014J,56,logistic,source_train_only_activity_types,14,0,,1,clicks_htmlactivity,1915,1793,1340,575,160,0.4281984334203655,0.3770217512548801,0.7922875429362196,0.7775516096051871,-0.0147359333310325,0.7286837502318344,0.6805034289809279,0.55689086017736,0.572746642207889,0.0158557820305289,0.1864618008312143,0.1933427143761703,0.0068809135449559,0.0199915980922726,0.019127243100406,-0.0001890415129302,0.0134762705366066,0.0056509725637994,0.1873706651099299,0.0307842571971764,0.0027601330583729,0.026316924884793,0.0044673323123833,0.0358853190056892,0.0238779943849767,0.0120073246207124,0.0515239484050298,0.010044565989323,0.0164008197007325,0.0362330300688535,80,80,0.3770217512548801,target_prevalence,0.0158750207831501,0.0112098937576087,0.0046651270255414,0.0051580497946704,0.0009858455382579,"{""C"": 1.0, ""class_weight"": ""balanced"", ""max_iter"": 5000, ""solver"": ""lbfgs""}",0ec0160f1649f42124ca093cb28e50d00a77309027bbdbb0b9ac6257ff1aa269,0.0540197370461228,0.2940873711697024,-0.2400676341235796,0.9153439153439152,0.5396825396825397,0.6666666666666666,0.6666666666666666,0.742791472399068,0.5228270407131598,5.027703592401172,5.254873745410476,0.227170153009304,2.220446049250313e-15,True
7,1,3,7,FFF,J,2013J,2014J,56,lightgbm,source_train_only_activity_types,14,0,,1,clicks_htmlactivity,1915,1793,1340,575,160,0.4281984334203655,0.3770217512548801,0.7868263029134851,0.7751863349101832,-0.0116399680033019,0.7287281450242805,0.6998104427637688,0.569923615603161,0.5663087616106803,-0.0036148539924806,0.1900570731287796,0.1907662148707851,0.0007091417420054,0.0198124397657351,-0.0001197902874657,-0.0018255278272191,0.0023705739146801,-0.0024903642021459,0.2127300496006728,0.0019468125192561,-0.0020883551220645,0.0062769117606709,-0.0043300992414148,0.0026581541965508,0.0054913145971525,-0.0028331604006017,0.0048389567990507,-0.0009453317605385,0.0030828625221483,0.0094709609991935,80,80,0.3770217512548801,target_prevalence,0.0064026670317604,0.0051229409588776,0.0012797260728827,-0.0006053190646315,-0.0037700902750286,"{""class_weight"": ""balanced"", ""colsample_bytree"": 1.0, ""deterministic"": true, ""force_col_wise"": true, ""learning_rate"": 0.035, ""min_child_samples"": 12, ""n_estimators"": 180, ""n_jobs"": 1, ""num_leaves"": 15, ""objective"": ""binary"", ""reg_lambda"": 1.0, ""subsample"": 1.0, ""verbosity"": -1}",7340a032adf73dcca6285d723e7b8782f8c2625f4216107ab44a30759e1137a7,0.0630628490696007,0.1824790812919955,-0.1194162322223948,0.8938992042440318,0.7374005305039788,0.6666666666666666,0.6666666666666666,0.7338435938463995,0.563002187672518,3.5864112832747126,3.605425916361358,0.0190146330866451,7.993605777301127e-15,False
7,1,3,8,GGG,J,2013J,2014J,14,logistic,source_train_only_activity_types,6,0,,1,clicks_quiz,926,719,648,278,134,0.3606911447084233,0.3824756606397774,0.5911797752808989,0.6312121212121212,0.0400323459312222,0.4337460153074243,0.4903269671314001,0.7072150555675235,0.7149750036998519,0.0077599481323283,0.2519448799213085,0.252833367429199,0.0008884875078905,0.005,0.0243747191607018,-0.0014963097587878,0.0258919512453486,-0.0015172320846467,0.3072308644137207,0.0217348956720436,-0.0018763787269118,0.0317495579513875,-0.0100146622793439,0.0266600901074978,0.0316127059451641,-0.0049526158376663,0.0426888293944787,0.0007809619496085,0.0311673295935495,0.0323317863092256,80,50,0.3824756606397774,target_prevalence,0.0289080918074742,0.0241477234316444,0.0047603683758297,0.0016215681455915,-0.0062776004604765,"{""C"": 1.0, ""class_weight"": ""balanced"", ""max_iter"": 5000, ""solver"": ""lbfgs""}",0ec0160f1649f42124ca093cb28e50d00a77309027bbdbb0b9ac6257ff1aa269,0.0871122173921162,0.3781607557507573,-0.2910485383586411,0.9157894736842106,0.4526315789473684,1.0,0.25,0.6613035628196235,0.4208098289776697,3.318582504473307,4.122241393917734,0.803658889444427,2.220446049250313e-15,False
7,1,3,8,GGG,J,2013J,2014J,14,lightgbm,source_train_only_activity_types,6,0,,1,clicks_quiz,926,719,648,278,134,0.3606911447084233,0.3824756606397774,0.5993258426966291,0.5642424242424242,-0.0350834184542049,0.4415445763201797,0.441604653921836,0.7073639118704634,0.7473900880470713,0.0400261761766078,0.2497785462012886,0.2675587457367022,0.0177801995354136,0.0151685393258426,0.0035075335245616,-0.0023301640796062,0.0064741640543651,-0.0029666305298035,0.3594883290723448,0.0066065497300032,-0.0034061874014538,0.007239701273296,-0.0006331515432928,0.0089433648002954,0.0071675600738065,0.0017758047264889,0.0165483842598265,-0.00333528479982,0.0069327810222136,0.0075466215243784,80,50,0.3824756606397774,target_prevalence,0.0327254328730659,0.0042352878689132,0.0284901450041527,0.0127617572371745,-0.0314567755339562,"{""class_weight"": ""balanced"", ""colsample_bytree"": 1.0, ""deterministic"": true, ""force_col_wise"": true, ""learning_rate"": 0.035, ""min_child_samples"": 12, ""n_estimators"": 180, ""n_jobs"": 1, ""num_leaves"": 15, ""objective"": ""binary"", ""reg_lambda"": 1.0, ""subsample"": 1.0, ""verbosity"": -1}",7340a032adf73dcca6285d723e7b8782f8c2625f4216107ab44a30759e1137a7,0.0658123240018729,0.2378110870461185,-0.1719987630442456,0.9052631578947368,0.5368421052631579,1.0,0.4285714285714285,0.9350955085342764,0.7554960504252859,2.6499612556042216,2.7200676401728328,0.0701063845686111,6.439293542825908e-15,False
7,1,3,8,GGG,J,2013J,2014J,56,logistic,source_train_only_activity_types,6,0,,1,clicks_quiz,919,698,643,276,136,0.3558215451577802,0.3638968481375358,0.6639532217381335,0.6473983826346031,-0.0165548391035303,0.5187676807192989,0.4892841769684306,0.6867512316267708,0.7272301834835477,0.0404789518567769,0.2409804769147897,0.2484652104394852,0.0074847335246955,0.0385232744783308,0.0161824828006307,-0.0034938527650379,0.0202857727171454,-0.0041032899165147,0.230212700490572,0.0202553198673431,-0.0006522802263624,0.0257800719418844,-0.0055247520745412,0.0230563547057702,0.0232807285623369,-0.0002243738565667,0.0305454373264067,0.0099652024082795,0.0165982736317573,0.0349618702520114,80,49,0.3638968481375358,target_prevalence,0.0276694046571399,0.0176015228821013,0.0100678817750385,0.0029822959292619,-0.0141711716915533,"{""C"": 1.0, ""class_weight"": ""balanced"", ""max_iter"": 5000, ""solver"": ""lbfgs""}",0ec0160f1649f42124ca093cb28e50d00a77309027bbdbb0b9ac6257ff1aa269,0.0937101829614237,0.3349861209023395,-0.2412759379409156,0.8736842105263158,0.4526315789473684,1.0,0.4285714285714285,0.8440521064962093,0.9053713142748336,4.658069295780102,5.534697741317867,0.8766284455377651,3.552713678800501e-15,False
7,1,3,8,GGG,J,2013J,2014J,56,lightgbm,source_train_only_activity_types,6,0,,1,clicks_quiz,919,698,643,276,136,0.3558215451577802,0.3638968481375358,0.6599977069479477,0.6535433070866141,-0.0064543998613335,0.4946822903178387,0.5310830705718826,0.6781342819080005,0.6996957595230026,0.021561477615002,0.2310940705602783,0.2432554276753631,0.0121613571150848,0.0178858060077963,0.025175967801258,-0.0023557440028428,0.0105183104204534,0.0146576573808046,0.2725270580825266,0.0266007991398095,0.0002227707350307,0.0117365366336395,0.0148642625061699,0.0250142953329687,0.0116676408052037,0.0133466545277649,0.0207724851546785,0.0324291131249406,0.0114834351165438,0.0119896381507353,80,49,0.3638968481375358,target_prevalence,0.0252796733164053,0.011022237626352,0.0142574356900533,0.0144575465354289,0.0004002216907512,"{""class_weight"": ""balanced"", ""colsample_bytree"": 1.0, ""deterministic"": true, ""force_col_wise"": true, ""learning_rate"": 0.035, ""min_child_samples"": 12, ""n_estimators"": 180, ""n_jobs"": 1, ""num_leaves"": 15, ""objective"": ""binary"", ""reg_lambda"": 1.0, ""subsample"": 1.0, ""verbosity"": -1}",7340a032adf73dcca6285d723e7b8782f8c2625f4216107ab44a30759e1137a7,0.1108305996995867,0.2001012471875076,-0.0892706474879209,0.8736842105263158,0.6526315789473685,1.0,0.4285714285714285,0.9495796466855608,0.8584250978621559,3.576079802861887,4.013865784797591,0.4377859819357033,5.3290705182007506e-15,True
8,2,0,0,AAA,J,2013J,2014J,14,logistic,source_train_only_activity_types,9,0,,0,,370,350,259,111,53,0.2486486486486486,0.2771428571428571,0.620051635111876,0.6082066745446396,-0.0118449605672363,0.3755469137923097,0.3503989149642391,0.8016077898519993,0.9496798388501504,0.148072048998151,0.2342748056560959,0.2760746806043846,0.0417998749482886,0.0430292598967297,-0.0022910763300645,-0.0065615467451629,0.0273207394904809,-0.0296118158205455,0.3200439032868843,-0.0053506163868436,-0.0051230670981639,0.0358873372048258,-0.0412379535916694,-0.0049978450942996,0.0321732896416079,-0.0371711347359075,-0.0045591423330589,-0.0061420904406283,0.0275545381847857,0.0442201362248658,41,14,0.2771428571428571,target_prevalence,-0.000151897222326,0.0252266069771346,-0.0253785041994606,-0.0274951600100031,-0.0042333116210848,"{""C"": 1.0, ""class_weight"": ""balanced"", ""max_iter"": 5000, ""solver"": ""lbfgs""}",0ec0160f1649f42124ca093cb28e50d00a77309027bbdbb0b9ac6257ff1aa269,0.0800760090216597,0.4225299603546876,-0.3424539513330279,0.7944664031620553,0.3043478260869565,0.4285714285714285,0.4285714285714285,0.3864601850164822,0.5322583024559434,8.561086308792829,8.573952602216963,0.0128662934241337,4.440892098500626e-15,False
8,2,0,0,AAA,J,2013J,2014J,14,lightgbm,source_train_only_activity_types,9,0,,0,,370,350,259,111,53,0.2486486486486486,0.2771428571428571,0.6002581755593804,0.6069027341999103,0.0066445586405298,0.359034640759458,0.402443491238394,0.7656746629385807,0.7678366690040463,0.0021620060654656,0.2429618893277227,0.2507022009644746,0.0077403116367518,0.0382960413080895,-0.0051495963200574,-0.0047371100870899,0.01129546505152,-0.0164450613715774,0.3084282466038435,0.0019563349032016,-0.0144324487431531,0.0073698675422774,-0.0054135326390758,0.0024047590338581,0.0116931332064451,-0.0092883741725869,0.0029624146835207,0.0009502551228825,0.0170695020452176,-0.0023297669606627,41,14,0.2771428571428571,target_prevalence,-0.0006631342037864,0.016416187662619,-0.0170793218664055,-0.0167621916189915,0.000634260494828,"{""class_weight"": ""balanced"", ""colsample_bytree"": 1.0, ""deterministic"": true, ""force_col_wise"": true, ""learning_rate"": 0.035, ""min_child_samples"": 12, ""n_estimators"": 180, ""n_jobs"": 1, ""num_leaves"": 15, ""objective"": ""binary"", ""reg_lambda"": 1.0, ""subsample"": 1.0, ""verbosity"": -1}",7340a032adf73dcca6285d723e7b8782f8c2625f4216107ab44a30759e1137a7,0.0616518797490343,0.2331670557630077,-0.1715151760139733,0.8888888888888888,0.5338687788360292,1.0,0.4285714285714285,0.8995617837668112,0.514028045675017,4.322539830547265,4.537037944177089,0.2144981136298245,7.105427357601002e-15,False
8,2,0,0,AAA,J,2013J,2014J,56,logistic,source_train_only_activity_types,9,0,,0,,365,342,255,110,52,0.2383561643835616,0.260233918128655,0.5338827838827839,0.636274814584536,0.1023920307017521,0.2652008704019086,0.3537966705632119,0.9461778222342666,0.8539306564438711,-0.0922471657903954,0.2748719044254908,0.2650596822732982,-0.0098122221521926,0.1341575091575092,-0.0042262428931155,-0.0049256957268063,0.0165337466588556,-0.0207599895519711,0.3510681474643912,0.0036811645422189,0.0057137004982709,0.0455157802799335,-0.0418346157377145,0.0110566433842757,0.037826962967792,-0.0267703195835162,0.0190617362738251,-0.0116994071893872,0.029481783202175,0.0615497773576919,42,13,0.260233918128655,target_prevalence,-0.0017446724101501,0.0208210517259685,-0.0225657241361187,-0.0216628568440449,0.0018057345841476,"{""C"": 1.0, ""class_weight"": ""balanced"", ""max_iter"": 5000, ""solver"": ""lbfgs""}",0ec0160f1649f42124ca093cb28e50d00a77309027bbdbb0b9ac6257ff1aa269,0.0604957178351174,0.3391440049095469,-0.2786482870744294,0.8893280632411068,0.3280632411067194,0.4285714285714285,0.25,0.8516013532910217,0.3990909945413954,7.787943012460507,8.148479685572152,0.3605366731116453,3.552713678800501e-15,False
8,2,0,0,AAA,J,2013J,2014J,56,lightgbm,source_train_only_activity_types,9,0,,0,,365,342,255,110,52,0.2383561643835616,0.260233918128655,0.5966117216117216,0.6076742017142603,0.0110624801025387,0.3336662460287382,0.4015928059272686,0.708146437126908,0.6969507772318747,-0.0111956598950332,0.2266670239739929,0.2222111013986695,-0.0044559225753234,0.0705128205128204,-0.0033494210339286,0.0057572069699026,0.026481055762891,-0.0298304767968196,0.419703430214373,0.0025297276568854,-0.0047197954358402,0.0226492158003185,-0.0201194881434331,0.0030681534050544,0.0272234166778719,-0.0241552632728175,0.0036525423268475,0.0014069129869234,0.0321880981181432,0.0131103334824939,42,13,0.260233918128655,target_prevalence,-0.005206829194838,0.030578472871944,-0.0357853020667821,-0.0328078894318008,0.0059548252699625,"{""class_weight"": ""balanced"", ""colsample_bytree"": 1.0, ""deterministic"": true, ""force_col_wise"": true, ""learning_rate"": 0.035, ""min_child_samples"": 12, ""n_estimators"": 180, ""n_jobs"": 1, ""num_leaves"": 15, ""objective"": ""binary"", ""reg_lambda"": 1.0, ""subsample"": 1.0, ""verbosity"": -1}",7340a032adf73dcca6285d723e7b8782f8c2625f4216107ab44a30759e1137a7,0.0759031903846669,0.386329647998502,-0.3104264576138351,0.8809523809523808,0.3571428571428571,0.6666666666666666,0.1111111111111111,0.6779189547371707,0.3750929499780491,4.119636165375472,4.054862605338683,-0.0647735600367891,7.993605777301127e-15,False
8,2,0,1,BBB,B,2013B,2014B,14,logistic,source_train_only_activity_types,10,0,,1,clicks_oucollaborate,1606,1289,1124,482,160,0.5006226650062267,0.4375484871993794,0.7342160086775366,0.6733015407190022,-0.0609144679585343,0.7449009721845052,0.6056766050069711,0.6128684846178775,0.6838499308136063,0.0709814461957288,0.2111047221901036,0.2386111929758385,0.0275064707857349,0.0201098465935503,0.0025902923492543,-0.0007978656731786,0.0131745986335376,-0.0105843062842832,0.1823972937074582,0.0025602964806303,0.0025104801999263,0.0174370631881535,-0.0148767667075232,0.0021583862013812,0.0168739382989315,-0.0147155520975503,-0.0006574820905007,0.0057780750517613,0.0129285664042584,0.0219455599720486,80,80,0.4375484871993794,target_prevalence,0.011288532931833,0.009979900855823,0.00130863207601,-0.0046378371041366,-0.0118929383602932,"{""C"": 1.0, ""class_weight"": ""balanced"", ""max_iter"": 5000, ""solver"": ""lbfgs""}",0ec0160f1649f42124ca093cb28e50d00a77309027bbdbb0b9ac6257ff1aa269,0.0528903883119866,0.258303194762116,-0.2054128064501293,0.891304347826087,0.536231884057971,1.0,0.6666666666666666,0.5711421817952445,0.462913076931972,4.136700192572684,4.007562830316487,-0.1291373622561975,3.552713678800501e-15,False
8,2,0,1,BBB,B,2013B,2014B,14,lightgbm,source_train_only_activity_types,10,0,,1,clicks_oucollaborate,1606,1289,1124,482,160,0.5006226650062267,0.4375484871993794,0.7292918510356228,0.6703497187576425,-0.0589421322779802,0.7463956562792553,0.598360205443571,0.6394368617759789,0.7210270245070085,0.0815901627310295,0.2193558115191888,0.2502962256953605,0.0309404141761716,0.0206694099619495,0.0075092126887524,-0.000168310949456,0.0112820779791404,-0.0037728652903879,0.2542321680253853,0.0077038735901717,-0.0020006848489101,0.0130395682041844,-0.0053356946140127,0.0083200168013095,0.0135390755886272,-0.0052190587873176,0.0126368462557412,0.0027709009246021,0.0170387298100647,0.0090404065983041,80,80,0.4375484871993794,target_prevalence,0.0051042588023024,0.0063420909869911,-0.0012378321846886,-0.0025053487375382,-0.0025350331056993,"{""class_weight"": ""balanced"", ""colsample_bytree"": 1.0, ""deterministic"": true, ""force_col_wise"": true, ""learning_rate"": 0.035, ""min_child_samples"": 12, ""n_estimators"": 180, ""n_jobs"": 1, ""num_leaves"": 15, ""objective"": ""binary"", ""reg_lambda"": 1.0, ""subsample"": 1.0, ""verbosity"": -1}",7340a032adf73dcca6285d723e7b8782f8c2625f4216107ab44a30759e1137a7,0.0981616474044825,0.2634463748519945,-0.165284727447512,0.8550724637681159,0.5869565217391304,0.4285714285714285,0.4285714285714285,0.6614241466373357,0.6173801053345913,3.022757609724869,3.067619403547905,0.0448617938230357,5.773159728050814e-15,False
8,2,0,1,BBB,B,2013B,2014B,56,logistic,source_train_only_activity_types,10,0,,1,clicks_oucollaborate,1470,1247,1029,441,160,0.454421768707483,0.4170008019246191,0.76402489626556,0.6929795788805418,-0.0710453173850181,0.760883715994153,0.5955170016721394,0.5882606061570368,0.7696004910528459,0.1813398848958091,0.2013670240519485,0.265407051816672,0.0640400277647234,0.0166182572614106,0.0154001014444942,-0.0015910019222761,0.0115493018299547,0.0038507996145394,0.2159051647859287,0.0130226862376273,-0.0020640850403998,0.0112891771854055,0.0017335090522218,0.01472311538398,0.0102340791403428,0.0044890362436371,0.0232663342835295,0.0027790381917252,0.0049331034550038,0.0176452509158072,80,80,0.4170008019246191,target_prevalence,0.0067145360259771,0.0092756127347205,-0.0025610767087433,0.000644861452898,0.0064118763232828,"{""C"": 1.0, ""class_weight"": ""balanced"", ""max_iter"": 5000, ""solver"": ""lbfgs""}",0ec0160f1649f42124ca093cb28e50d00a77309027bbdbb0b9ac6257ff1aa269,0.1555124163414108,0.2617506724259361,-0.1062382560845252,0.8115942028985507,0.3985507246376811,0.6666666666666666,0.4285714285714285,0.7104844245285702,0.2139968166596386,5.538597670981747,5.755920481538305,0.2173228105565581,1.7763568394002505e-15,False
8,2,0,1,BBB,B,2013B,2014B,56,lightgbm,source_train_only_activity_types,10,0,,1,clicks_oucollaborate,1470,1247,1029,441,160,0.454421768707483,0.4170008019246191,0.7814315352697094,0.7466802454766691,-0.0347512897930403,0.7941691282681499,0.7326371749043104,0.5531519336442623,0.6201701507441731,0.0670182170999108,0.1878906363968291,0.2120347119038604,0.0241440755070313,0.0059543568464728,0.013314431834899,-0.0018440512315909,0.0047198858717442,0.0085945459631547,0.2328327329398688,0.0079918520588441,2.248047328101688e-05,0.0107319873818909,-0.0027401353230467,0.008973039216244,0.0107906211240342,-0.0018175819077902,0.0139026751761279,0.0020810289415603,0.0110852061087159,0.0103787686550658,80,80,0.4170008019246191,target_prevalence,0.0154261474440529,0.0052739362689178,0.010152211175135,0.0093733785691449,-0.0015576652119803,"{""class_weight"": ""balanced"", ""colsample_bytree"": 1.0, ""deterministic"": true, ""force_col_wise"": true, ""learning_rate"": 0.035, ""min_child_samples"": 12, ""n_estimators"": 180, ""n_jobs"": 1, ""num_leaves"": 15, ""objective"": ""binary"", ""reg_lambda"": 1.0, ""subsample"": 1.0, ""verbosity"": -1}",7340a032adf73dcca6285d723e7b8782f8c2625f4216107ab44a30759e1137a7,0.1189510902952878,0.2045236614559882,-0.0855725711607003,0.7971014492753623,0.5942028985507246,1.0,0.4285714285714285,0.7300440614688304,0.8488001883570208,3.9444947752417407,3.9855971657154186,0.0411023904736778,1.0658141036401504e-14,False
8,2,0,2,BBB,J,2013J,2014J,14,logistic,source_train_only_activity_types,10,0,,0,,1851,1791,1295,556,160,0.4219340896812534,0.3618090452261306,0.7182673825147479,0.661995857770865,-0.0562715247438828,0.6465379229740336,0.5227449708294372,0.6346357768324515,0.667449442816655,0.0328136659842034,0.2154340172383512,0.2257091119936345,0.0102750947552832,0.0150593225956121,0.0225221972466045,-0.0019733951727972,0.0019470924841443,0.0205751047624602,0.1932089503570161,0.0282627699812101,-0.0008572162371199,0.001636584872926,0.0266261851082841,0.0303591419625435,0.0015738049267124,0.028785337035831,0.0358478249682164,0.0206777149942039,0.0014094356129897,0.0018637341328622,80,80,0.3618090452261306,target_prevalence,0.1755688799878661,0.0029689964909699,0.1725998834968962,0.0965874941296782,-0.1520247787344359,"{""C"": 1.0, ""class_weight"": ""balanced"", ""max_iter"": 5000, ""solver"": ""lbfgs""}",0ec0160f1649f42124ca093cb28e50d00a77309027bbdbb0b9ac6257ff1aa269,0.2014111467802529,0.2086757392480511,-0.0072645924677982,0.7971014492753623,0.5579710144927535,0.6666666666666666,0.6666666666666666,0.6028641822955725,0.3532053281467261,3.1228853337544606,3.3055818375798984,0.1826965038254377,5.3290705182007506e-15,False
8,2,0,2,BBB,J,2013J,2014J,14,lightgbm,source_train_only_activity_types,10,0,,0,,1851,1791,1295,556,160,0.4219340896812534,0.3618090452261306,0.6933320076887386,0.619709476901807,-0.0736225307869316,0.6103404905299383,0.4832307275158306,0.648132324815309,0.6801177731130341,0.031985448297725,0.2253102973849486,0.2405351437222666,0.015224846337318,0.0086432027573408,0.0331764852715738,-0.0014480778663548,0.0053013787009041,0.0278751065706696,0.2545302532908758,0.0383572600064863,-0.0020947950638664,0.0116276681507352,0.0267295918557511,0.0371439329181553,0.0110292258147829,0.0261147071033724,0.0339672219959797,0.0427472980169928,0.0094623949715623,0.0137929413299081,80,80,0.3618090452261306,target_prevalence,0.0668387400062315,0.0067260775534344,0.0601126624527971,0.0439938845117333,-0.0322375558821275,"{""class_weight"": ""balanced"", ""colsample_bytree"": 1.0, ""deterministic"": true, ""force_col_wise"": true, ""learning_rate"": 0.035, ""min_child_samples"": 12, ""n_estimators"": 180, ""n_jobs"": 1, ""num_leaves"": 15, ""objective"": ""binary"", ""reg_lambda"": 1.0, ""subsample"": 1.0, ""verbosity"": -1}",7340a032adf73dcca6285d723e7b8782f8c2625f4216107ab44a30759e1137a7,0.1435858373463789,0.1889918160684774,-0.0454059787220984,0.8043478260869565,0.6594202898550725,0.6666666666666666,0.6666666666666666,0.8399319954598339,0.3835214266551077,2.6205103587259915,2.669685304622682,0.0491749458966905,5.3290705182007506e-15,False
8,2,0,2,BBB,J,2013J,2014J,56,logistic,source_train_only_activity_types,10,0,,0,,1785,1750,1249,536,160,0.3994397759103641,0.3417142857142857,0.7319759679572765,0.6922017256596061,-0.0397742422976703,0.6639173556918749,0.5504011567745553,0.6149748010424766,0.791465880918881,0.1764910798764044,0.2111675997758896,0.2305625647200604,0.0193949649441708,0.011899924537064,0.0608047801529659,0.0010696082666126,0.0078074678954188,0.052997312257547,0.1979683393956438,0.0438320370674644,-0.0011570843902673,0.0159245159504077,0.0279075211170567,0.0544624220141196,0.0154075839821755,0.0390548380319441,0.0774117729097867,0.0102523012251421,0.0142916081085189,0.0175574237922965,80,80,0.3417142857142857,target_prevalence,0.1871370710541451,0.0095110742807066,0.1776259967734385,0.1153116545154928,-0.1246286845158914,"{""C"": 1.0, ""class_weight"": ""balanced"", ""max_iter"": 5000, ""solver"": ""lbfgs""}",0ec0160f1649f42124ca093cb28e50d00a77309027bbdbb0b9ac6257ff1aa269,0.2896113586535548,0.3155789297419716,-0.0259675710884167,0.7463768115942029,0.4057971014492753,1.0,0.6666666666666666,0.2217252054660449,0.4170773965466487,4.1878999637401,6.108514623071372,1.920614659331272,7.105427357601002e-15,False
8,2,0,2,BBB,J,2013J,2014J,56,lightgbm,source_train_only_activity_types,10,0,,0,,1785,1750,1249,536,160,0.3994397759103641,0.3417142857142857,0.7476490392987751,0.6587365872352287,-0.0889124520635464,0.7183400071244134,0.5286822323676018,0.5778232227965022,0.8361180385660675,0.2582948157695652,0.1959285075992152,0.2831572264099548,0.0872287188107395,0.0090990886399257,0.0828694272998663,-0.0010126967627548,0.006367504725834,0.0765019225740322,0.2733827110051018,0.086015496322101,0.0106787277328154,0.0233576145788421,0.0626578817432588,0.0859076777857245,0.0192192024946595,0.0666884752910649,0.0856749143028611,0.0863560783413409,0.0102850132298897,0.0364302159277946,80,80,0.3417142857142857,target_prevalence,0.0797377943096232,0.009189573880809,0.0705482204288142,0.0735250715014232,0.005953702145218,"{""class_weight"": ""balanced"", ""colsample_bytree"": 1.0, ""deterministic"": true, ""force_col_wise"": true, ""learning_rate"": 0.035, ""min_child_samples"": 12, ""n_estimators"": 180, ""n_jobs"": 1, ""num_leaves"": 15, ""objective"": ""binary"", ""reg_lambda"": 1.0, ""subsample"": 1.0, ""verbosity"": -1}",7340a032adf73dcca6285d723e7b8782f8c2625f4216107ab44a30759e1137a7,0.1613577021351256,0.1786001193275232,-0.0172424171923975,0.7753623188405797,0.6449275362318841,0.6666666666666666,0.4285714285714285,0.6017975671817514,0.635639185368877,3.238156408734207,3.7561467136167943,0.5179903048825878,1.199040866595169e-14,False
8,2,0,3,DDD,B,2013B,2014B,14,logistic,source_train_only_activity_types,11,0,,1,clicks_oucollaborate,1197,1050,837,360,160,0.5747702589807853,0.5447619047619048,0.70862934545799,0.6467763408139977,-0.0618530046439922,0.7577544900833415,0.6724444421840905,0.6641028304976203,0.7025928410228044,0.038490010525184,0.2242751222198685,0.2442071338892971,0.0199320116694285,0.0034416343026744,0.0157655360544136,-0.0011635875184571,0.024266866462568,-0.0085013304081544,0.2880827624722367,0.0167161744056366,0.0012763340198425,0.0283467090975829,-0.0116305346919463,0.0164716533953125,0.0291270515931494,-0.0126553981978369,0.019447526116704,0.0139848226945692,0.0196301173917873,0.0370633008033786,76,80,0.5447619047619048,target_prevalence,0.0122470055298825,0.0214899596369783,-0.0092429541070958,-0.0088721422576251,0.0007416236989414,"{""C"": 1.0, ""class_weight"": ""balanced"", ""max_iter"": 5000, ""solver"": ""lbfgs""}",0ec0160f1649f42124ca093cb28e50d00a77309027bbdbb0b9ac6257ff1aa269,0.0636158289854833,0.4209742818512169,-0.3573584528657335,0.96,0.1666666666666666,1.0,0.25,0.630259485803467,0.4687548272249109,6.200307557617428,6.294935380536806,0.0946278229193779,2.664535259100376e-15,False
8,2,0,3,DDD,B,2013B,2014B,14,lightgbm,source_train_only_activity_types,11,0,,1,clicks_oucollaborate,1197,1050,837,360,160,0.5747702589807853,0.5447619047619048,0.68501152473872,0.663355472978904,-0.0216560517598159,0.7442949987850211,0.6779806650390469,0.6973105134974807,0.7181233191142805,0.0208128056167997,0.2411465392366085,0.2479116931530006,0.0067651539163921,0.0004104701461905,0.0146028574839082,2.086208593865546e-05,0.0236643428890552,-0.0090614854051469,0.2942012440538031,0.0133683665537846,-0.0012462588573801,0.028316609720195,-0.0149482431664104,0.0132957143558757,0.0273157539681269,-0.0140200396122511,0.0141799070623411,0.0125568260452281,0.0394963814188283,0.0171368380215617,76,80,0.5447619047619048,target_prevalence,0.0065886341173085,0.013465162278194,-0.0068765281608854,-0.0079690067830162,-0.0021849572442614,"{""class_weight"": ""balanced"", ""colsample_bytree"": 1.0, ""deterministic"": true, ""force_col_wise"": true, ""learning_rate"": 0.035, ""min_child_samples"": 12, ""n_estimators"": 180, ""n_jobs"": 1, ""num_leaves"": 15, ""objective"": ""binary"", ""reg_lambda"": 1.0, ""subsample"": 1.0, ""verbosity"": -1}",7340a032adf73dcca6285d723e7b8782f8c2625f4216107ab44a30759e1137a7,0.094853098571189,0.30653242799135,-0.211679329420161,0.7266666666666666,0.4133333333333333,0.6666666666666666,0.1111111111111111,0.566844157818297,0.5269793730414212,3.7970235544107367,3.5728471288982684,-0.2241764255124683,6.439293542825908e-15,False
8,2,0,3,DDD,B,2013B,2014B,56,logistic,source_train_only_activity_types,11,0,,1,clicks_oucollaborate,1085,971,759,326,159,0.5299539170506913,0.5077239958805355,0.7358419282934755,0.7271296052687415,-0.008712323024734,0.7575615119420803,0.7307546182310333,0.6287781370226576,0.6504366772198169,0.0216585401971592,0.2139755065543441,0.2223072045021528,0.0083316979478086,0.0047980656617173,0.0214119159210277,0.0061518079064685,0.0157275210750136,0.005684394846014,0.2015662221072749,0.0381730789802403,-0.0021496959674041,0.0091323262932127,0.0290407526870275,0.0380409760376627,0.0091534070388971,0.0288875689987655,0.0467245427964264,0.0296216151640541,0.0077676993559054,0.0104969532305199,76,80,0.5077239958805355,target_prevalence,0.0115248281690795,0.0118269435693126,-0.0003021154002331,0.0026911397228904,0.0059865102462471,"{""C"": 1.0, ""class_weight"": ""balanced"", ""max_iter"": 5000, ""solver"": ""lbfgs""}",0ec0160f1649f42124ca093cb28e50d00a77309027bbdbb0b9ac6257ff1aa269,0.0274774626832786,0.2848551809641854,-0.2573777182809068,0.9333333333333332,0.4399999999999999,0.6666666666666666,0.4285714285714285,0.7515880175172664,0.3015152232200764,5.71715341781032,5.669255159655213,-0.047898258155107,3.552713678800501e-15,False
8,2,0,3,DDD,B,2013B,2014B,56,lightgbm,source_train_only_activity_types,11,0,,1,clicks_oucollaborate,1085,971,759,326,159,0.5299539170506913,0.5077239958805355,0.7177830669840191,0.7224914493282525,0.0047083823442334,0.7571278325990891,0.7487307401403464,0.6801081281888492,0.7610615373096177,0.0809534091207684,0.2298528224975125,0.2486488960736766,0.0187960735761641,0.021459065321697,0.0406062804662689,-0.0010401539410782,0.0068678861565529,0.0337383943097159,0.2325667406688142,0.0374724695094702,0.0024826481866656,0.0155514009614909,0.0219210685479792,0.0377425821118121,0.0154282996211978,0.0223142824906142,0.019987180384539,0.0549577586344013,0.0235201610564624,0.0075826408665194,76,80,0.5077239958805355,target_prevalence,0.0288688690000528,0.0108682044424839,0.0180006645575688,0.0258695294336424,0.015737729752147,"{""class_weight"": ""balanced"", ""colsample_bytree"": 1.0, ""deterministic"": true, ""force_col_wise"": true, ""learning_rate"": 0.035, ""min_child_samples"": 12, ""n_estimators"": 180, ""n_jobs"": 1, ""num_leaves"": 15, ""objective"": ""binary"", ""reg_lambda"": 1.0, ""subsample"": 1.0, ""verbosity"": -1}",7340a032adf73dcca6285d723e7b8782f8c2625f4216107ab44a30759e1137a7,0.128423881752741,0.2177849973268298,-0.0893611155740887,0.9133333333333332,0.6266666666666666,1.0,0.4285714285714285,0.2450977221515455,0.7804159067444564,4.0728452780536415,4.318441787513509,0.2455965094598671,8.437694987151191e-15,True
8,2,0,4,DDD,J,2013J,2014J,14,logistic,source_train_only_activity_types,10,0,,0,,1675,1479,1172,503,160,0.5068656716417911,0.4645030425963489,0.7264389626818469,0.6927682942966785,-0.0336706683851684,0.7206862645736445,0.6466987281701893,0.6162515027572746,0.6781202783453507,0.0618687755880761,0.2128028325606066,0.2267226074721553,0.0139197749115487,0.0200506008855154,0.0090472549983809,-0.0021860161401936,0.008799475456628,0.0002477795417529,0.2295422042106609,0.0060087423085981,0.0002402358457362,0.0173776421094579,-0.0113688998008598,0.0059993419928238,0.0169125956286824,-0.0109132536358586,0.0058763321464058,0.0061411524707903,0.0108271302516768,0.0239281539672391,80,80,0.4645030425963489,target_prevalence,0.0071351161145857,0.0099693718414875,-0.0028342557269017,-0.0012932380925744,0.0030820352686546,"{""C"": 1.0, ""class_weight"": ""balanced"", ""max_iter"": 5000, ""solver"": ""lbfgs""}",0ec0160f1649f42124ca093cb28e50d00a77309027bbdbb0b9ac6257ff1aa269,0.0724933575982423,0.297468359231782,-0.2249750016335396,0.8985507246376812,0.5144927536231884,0.4285714285714285,0.4285714285714285,0.4560684327219384,0.8374879570479443,3.951346166149803,3.919790418147136,-0.0315557480026669,7.105427357601002e-15,False
8,2,0,4,DDD,J,2013J,2014J,14,lightgbm,source_train_only_activity_types,10,0,,0,,1675,1479,1172,503,160,0.5068656716417911,0.4645030425963489,0.698561037318153,0.6792598473821182,-0.0193011899360348,0.7168291508020826,0.6404366879042395,0.6545370379750196,0.6624587553496865,0.0079217173746668,0.2277439877612976,0.2315702004221594,0.0038262126608617,0.0442441492726122,0.0073083877143994,0.0007981114102598,0.006150244912534,0.0011581428018653,0.2775527691258593,0.0058391779496341,-0.0032571630844645,0.0110935272535461,-0.005254349303912,0.0059897318319656,0.0114496064527159,-0.0054598746207503,0.0079598369207603,0.0037185189785078,0.0161091571161378,0.0060778973909544,80,80,0.4645030425963489,target_prevalence,0.0106695298909335,0.0092387140491848,0.0014308158417487,0.001294479321807,-0.0002726730398833,"{""class_weight"": ""balanced"", ""colsample_bytree"": 1.0, ""deterministic"": true, ""force_col_wise"": true, ""learning_rate"": 0.035, ""min_child_samples"": 12, ""n_estimators"": 180, ""n_jobs"": 1, ""num_leaves"": 15, ""objective"": ""binary"", ""reg_lambda"": 1.0, ""subsample"": 1.0, ""verbosity"": -1}",7340a032adf73dcca6285d723e7b8782f8c2625f4216107ab44a30759e1137a7,0.0812439692447618,0.2498951517966849,-0.168651182551923,0.8768115942028986,0.4927536231884057,1.0,0.25,0.5277473027359587,0.5762967623494508,2.882601145473688,2.7582335432095832,-0.1243676022641047,4.884981308350689e-15,True
8,2,0,4,DDD,J,2013J,2014J,56,logistic,source_train_only_activity_types,10,0,,0,,1574,1417,1101,473,160,0.4739517153748411,0.4410726887791108,0.7642534423407917,0.7111575757575757,-0.053095866583216,0.7488467194000246,0.632489900022799,0.5934969821531432,0.6777123923168225,0.0842154101636792,0.1995126858268901,0.2329176923626497,0.0334050065357595,0.0242218875502008,0.0312372493194537,0.0040401795727159,0.0183435105333178,0.0128937387861359,0.1935202944907351,0.0204379874876845,0.0001008749843314,0.0197786664222162,0.0006593210654683,0.0217352965253426,0.0191895530240021,0.0025457435013405,0.0314456935138018,0.0094302814615672,0.0147800216002441,0.0247773112441882,80,80,0.4410726887791108,target_prevalence,0.047671602991285,0.0142735794484921,0.0333980235427929,0.0231458811644644,-0.020504284756657,"{""C"": 1.0, ""class_weight"": ""balanced"", ""max_iter"": 5000, ""solver"": ""lbfgs""}",0ec0160f1649f42124ca093cb28e50d00a77309027bbdbb0b9ac6257ff1aa269,0.0841399003882587,0.2783700564865395,-0.1942301560982807,0.8478260869565217,0.4927536231884057,0.6666666666666666,0.6666666666666666,0.327005861238628,0.1746559786286713,4.336264768898249,4.449813684371913,0.1135489154736637,3.219646771412954e-15,False
8,2,0,4,DDD,J,2013J,2014J,56,lightgbm,source_train_only_activity_types,10,0,,0,,1574,1417,1101,473,160,0.4739517153748411,0.4410726887791108,0.7670682730923695,0.6734454545454545,-0.093622818546915,0.7706089867684955,0.6392044306994087,0.5878425112667478,0.8006394342235654,0.2127969229568176,0.199094952189276,0.2862328682159214,0.0871379160266453,0.0295109007458405,0.2225841644499893,-0.0007912866586199,0.0079932231016508,0.2145909413483385,0.247466913586396,0.2530051862027114,0.0003348168627615,0.0155237445151575,0.2374814416875539,0.2682764178479835,0.0154376240943342,0.2528387937536493,0.3825820439353495,0.1234283284700734,0.014793010166016,0.016254478864299,80,80,0.4410726887791108,target_prevalence,0.1529471820582182,0.0087503730246447,0.1441968090335735,0.179393875190956,0.0703941323147649,"{""class_weight"": ""balanced"", ""colsample_bytree"": 1.0, ""deterministic"": true, ""force_col_wise"": true, ""learning_rate"": 0.035, ""min_child_samples"": 12, ""n_estimators"": 180, ""n_jobs"": 1, ""num_leaves"": 15, ""objective"": ""binary"", ""reg_lambda"": 1.0, ""subsample"": 1.0, ""verbosity"": -1}",7340a032adf73dcca6285d723e7b8782f8c2625f4216107ab44a30759e1137a7,0.1391205762816612,0.2107756457635839,-0.0716550694819226,0.7898550724637681,0.608695652173913,1.0,0.1111111111111111,0.9368239886301952,0.4826865634461426,3.271106102986594,3.861556105149457,0.5904500021628625,6.661338147750939e-15,False
8,2,0,5,EEE,J,2013J,2014J,14,logistic,source_train_only_activity_types,9,0,,2,clicks_ouwiki|clicks_page,933,1027,653,280,138,0.3483386923901393,0.3339824732229795,0.6500336398295582,0.73566995720594,0.0856363173763817,0.5223747512120726,0.5919159311760807,0.7192902339347865,0.6230449399004457,-0.0962452940343407,0.2501278696283707,0.2078221976387073,-0.0423056719896634,0.0150257905359946,0.0100765737698479,5.7981402928342085e-06,0.0102895551250843,-0.0002129813552364,0.2406928944110863,0.0078566407419606,-0.0038625258616342,0.0222355153563796,-0.014378874614419,0.0119275295843489,0.0194836480777062,-0.0075561184933572,0.0201170596309132,-0.0044037781469919,0.0139476335522811,0.0305233971604781,80,49,0.3339824732229795,target_prevalence,0.0093093566587368,0.0187974751888845,-0.0094881185301476,-0.004850549942692,0.0092751371749111,"{""C"": 1.0, ""class_weight"": ""balanced"", ""max_iter"": 5000, ""solver"": ""lbfgs""}",0ec0160f1649f42124ca093cb28e50d00a77309027bbdbb0b9ac6257ff1aa269,0.1292758786423977,0.273541899208406,-0.1442660205660082,0.8656126482213439,0.557312252964427,0.6666666666666666,0.6666666666666666,0.7000516424327157,0.278908431985337,4.25896523121425,4.615964154696865,0.3569989234826147,3.552713678800501e-15,False
8,2,0,5,EEE,J,2013J,2014J,14,lightgbm,source_train_only_activity_types,9,0,,2,clicks_ouwiki|clicks_page,933,1027,653,280,138,0.3483386923901393,0.3339824732229795,0.6745907154070419,0.6942909996078631,0.0197002842008212,0.523749280470534,0.5382554042673039,0.6830437383135366,0.6747359871400769,-0.0083077511734597,0.2305704373117487,0.2290737471022309,-0.0014966902095177,0.0270239964117514,0.0051304790391483,-0.0016662545208974,0.012269783761314,-0.0071393047221657,0.3166673070725942,0.0039832623393855,0.0023063055608254,0.0160913870091118,-0.0121081246697263,0.0048596456899424,0.014563101816794,-0.0097034561268515,0.0066226925476611,0.0013438321311098,0.0114886043331283,0.0206941696850953,80,49,0.3339824732229795,target_prevalence,0.0013869816452118,0.0123727370161131,-0.0109857553709012,-0.0090625300465334,0.0038464506487355,"{""class_weight"": ""balanced"", ""colsample_bytree"": 1.0, ""deterministic"": true, ""force_col_wise"": true, ""learning_rate"": 0.035, ""min_child_samples"": 12, ""n_estimators"": 180, ""n_jobs"": 1, ""num_leaves"": 15, ""objective"": ""binary"", ""reg_lambda"": 1.0, ""subsample"": 1.0, ""verbosity"": -1}",7340a032adf73dcca6285d723e7b8782f8c2625f4216107ab44a30759e1137a7,0.0657763755735917,0.2908283273660685,-0.2250519517924767,0.8809523809523808,0.4594068413043655,0.6666666666666666,0.1111111111111111,0.6879121366993142,0.790305750234661,3.5004985623611726,3.553738341413686,0.0532397790525132,6.661338147750939e-15,False
8,2,0,5,EEE,J,2013J,2014J,56,logistic,source_train_only_activity_types,9,0,,2,clicks_ouwiki|clicks_page,906,997,634,272,134,0.3278145695364238,0.3139418254764293,0.7275127402222631,0.7458382377669415,0.0183254975446783,0.6318531184657651,0.6036833965683908,0.6474163726197685,0.6564604641792612,0.0090440915594927,0.2159714596763195,0.2254762459136727,0.0095047862373531,0.0056486768588444,0.0132082264131256,0.0001150930418932,0.0115893849291002,0.0016188414840254,0.2504117395412262,0.0221051110352565,0.0171947209487498,0.0339215170494709,-0.0118164060142143,0.0245494441442068,0.0241310158333338,0.000418428310873,0.0286738444843763,0.0155363775861367,0.0076111943742993,0.0602318397246425,80,44,0.3139418254764293,target_prevalence,0.0218373610917972,0.0090530439838002,0.012784317107997,0.0072015792960112,-0.0111654756239715,"{""C"": 1.0, ""class_weight"": ""balanced"", ""max_iter"": 5000, ""solver"": ""lbfgs""}",0ec0160f1649f42124ca093cb28e50d00a77309027bbdbb0b9ac6257ff1aa269,0.0613034471992594,0.2851577842126824,-0.223854337013423,0.9288537549407117,0.5889328063241107,0.6666666666666666,0.4285714285714285,0.3915390355156992,0.8173121373661102,4.9757501448858426,5.375222030186508,0.3994718853006649,2.664535259100376e-15,False
8,2,0,5,EEE,J,2013J,2014J,56,lightgbm,source_train_only_activity_types,9,0,,2,clicks_ouwiki|clicks_page,906,997,634,272,134,0.3278145695364238,0.3139418254764293,0.7554491312089396,0.7648627692767596,0.0094136380678199,0.6698825879999011,0.6654576121985979,0.5929419556604798,0.5758989134687147,-0.0170430421917651,0.1953204867308191,0.1841319730780344,-0.0111885136527846,0.023331491373488,0.0352808336334622,-0.0001866611424609,0.0138577639571875,0.0214230696762747,0.3068060432281682,0.0356693467111134,0.0087908679981214,0.0326586414047068,0.0030107053064065,0.0385707907723801,0.0294607693869264,0.0091100213854537,0.0434664888380215,0.0278722045842054,0.0240648990819923,0.0412523837274214,80,44,0.3139418254764293,target_prevalence,0.002750411135186,0.0125790024810825,-0.0098285913458965,0.0057972391651891,0.0312516610221713,"{""class_weight"": ""balanced"", ""colsample_bytree"": 1.0, ""deterministic"": true, ""force_col_wise"": true, ""learning_rate"": 0.035, ""min_child_samples"": 12, ""n_estimators"": 180, ""n_jobs"": 1, ""num_leaves"": 15, ""objective"": ""binary"", ""reg_lambda"": 1.0, ""subsample"": 1.0, ""verbosity"": -1}",7340a032adf73dcca6285d723e7b8782f8c2625f4216107ab44a30759e1137a7,0.1247671491809266,0.2582426543300291,-0.1334755051491024,0.8333333333333333,0.5515873015873016,0.4285714285714285,0.4285714285714285,0.4144884050727471,0.7053898850943697,3.921283620208369,3.936693983022105,0.015410362813736,8.881784197001252e-15,True
8,2,0,6,FFF,B,2013B,2014B,14,logistic,source_train_only_activity_types,13,0,,1,clicks_oucollaborate,1520,1309,1064,456,160,0.4861842105263158,0.5011459129106188,0.7376222376222377,0.7281379561498524,-0.0094842814723852,0.7375104088565998,0.7103347996556589,0.6132971646934076,0.6454055754508619,0.0321084107574543,0.2101608949569302,0.2143512699626745,0.0041903750057442,0.0300492800492799,0.0021252093702943,-0.002131212069707,0.0217566367823854,-0.0196314274120911,0.2106605806280573,0.0102872021297544,-0.0020965290879054,0.0249885982563493,-0.0147013961265949,0.0103039975426032,0.0250167554906772,-0.0147127579480739,0.0029588036567077,0.017615600602801,0.0127026583446386,0.03727453816806,80,80,0.5011459129106188,target_prevalence,0.0022527613749575,0.0202478876766172,-0.0179951263016597,-0.0188132768568754,-0.0016363011104313,"{""C"": 1.0, ""class_weight"": ""balanced"", ""max_iter"": 5000, ""solver"": ""lbfgs""}",0ec0160f1649f42124ca093cb28e50d00a77309027bbdbb0b9ac6257ff1aa269,0.0502455317006599,0.3182544105988746,-0.2680088788982147,0.9487179487179488,0.3390313390313391,0.6666666666666666,0.6666666666666666,0.840809102777889,0.831500930558832,5.06535366610152,4.749359490182075,-0.3159941759194451,7.105427357601002e-15,False
8,2,0,6,FFF,B,2013B,2014B,14,lightgbm,source_train_only_activity_types,13,0,,1,clicks_oucollaborate,1520,1309,1064,456,160,0.4861842105263158,0.5011459129106188,0.7442057442057443,0.6936372464796623,-0.0505684977260819,0.7577836595610312,0.675236352329381,0.6048896424000619,0.668072634898473,0.063182992498411,0.2087138606992121,0.2323775971562668,0.0236637364570546,0.0032725032725032,0.0042977048371453,0.0002588394995404,0.0040698154134485,0.0002278894236967,0.2351179574712086,0.0053461058814633,0.0007513930641015,0.0083502991844547,-0.0030041933029913,0.0053512979376161,0.0083568991231888,-0.0030056011855726,0.0030806387134845,0.0076115730494422,0.0054705259168284,0.011230072452081,80,80,0.5011459129106188,target_prevalence,0.003076014373209,0.0048949354812152,-0.0018189211080061,-0.0007955158421547,0.0020468105317029,"{""class_weight"": ""balanced"", ""colsample_bytree"": 1.0, ""deterministic"": true, ""force_col_wise"": true, ""learning_rate"": 0.035, ""min_child_samples"": 12, ""n_estimators"": 180, ""n_jobs"": 1, ""num_leaves"": 15, ""objective"": ""binary"", ""reg_lambda"": 1.0, ""subsample"": 1.0, ""verbosity"": -1}",7340a032adf73dcca6285d723e7b8782f8c2625f4216107ab44a30759e1137a7,0.060580644341957,0.1786596699597252,-0.1180790256177682,0.8571428571428571,0.6371428571428571,1.0,0.4285714285714285,0.8480868491320545,0.6846670139087845,3.4776699315090185,3.4459028985706253,-0.0317670329383932,4.440892098500626e-15,False
8,2,0,6,FFF,B,2013B,2014B,56,logistic,source_train_only_activity_types,13,0,,1,clicks_oucollaborate,1407,1257,984,423,160,0.4442075337597725,0.4797136038186158,0.7926889995473065,0.7669121264219169,-0.0257768731253896,0.7647209131972381,0.7167194666947393,0.5543883083925536,0.6253347543629498,0.0709464459703962,0.1860240277198125,0.2019787006796687,0.0159546729598561,0.0042779538252601,0.0236354710501333,-0.0004718216257914,0.0135035631391515,0.0101319079109817,0.2034961382018717,0.0380112777699266,0.0061417077938087,0.0233224294456764,0.0146888483242502,0.0373333504785102,0.0228032979347813,0.0145300525437289,0.0213023639403109,0.0547201915995423,0.0105273645594977,0.0361174943318551,80,80,0.4797136038186158,target_prevalence,0.0189574303503965,0.0135676629104698,0.0053897674399266,0.0077608376754542,0.004742140471055,"{""C"": 1.0, ""class_weight"": ""balanced"", ""max_iter"": 5000, ""solver"": ""lbfgs""}",0ec0160f1649f42124ca093cb28e50d00a77309027bbdbb0b9ac6257ff1aa269,0.0356601450940796,0.329897755191518,-0.2942376100974384,0.9487179487179488,0.3048433048433049,1.0,0.25,0.2706376856059155,0.7359160103747485,5.492290269887983,5.4144164447908105,-0.0778738250971722,1.4210854715202004e-14,False
8,2,0,6,FFF,B,2013B,2014B,56,lightgbm,source_train_only_activity_types,13,0,,1,clicks_oucollaborate,1407,1257,984,423,160,0.4442075337597725,0.4797136038186158,0.7828202806699864,0.7630603354278557,-0.0197599452421307,0.7574447816692307,0.7454497280515986,0.5625628852708512,0.611330815894793,0.0487679306239418,0.1922919525704668,0.2057174674327658,0.013425514862299,0.0060208239022181,0.0105857031506591,4.538047539776047e-05,0.0087079316474463,0.0018777715032127,0.2391174474193963,0.0098308644573891,-0.000411780396703,0.011648465949186,-0.0018176014917969,0.0101050689414,0.0115555851318516,-0.0014505161904516,0.0165891985044814,0.0030725304102967,0.0093592269807685,0.0139377049176035,80,80,0.4797136038186158,target_prevalence,0.0182835030324535,0.0056070426434443,0.0126764603890092,0.0072771159461109,-0.0107986888857964,"{""class_weight"": ""balanced"", ""colsample_bytree"": 1.0, ""deterministic"": true, ""force_col_wise"": true, ""learning_rate"": 0.035, ""min_child_samples"": 12, ""n_estimators"": 180, ""n_jobs"": 1, ""num_leaves"": 15, ""objective"": ""binary"", ""reg_lambda"": 1.0, ""subsample"": 1.0, ""verbosity"": -1}",7340a032adf73dcca6285d723e7b8782f8c2625f4216107ab44a30759e1137a7,0.0876700856498809,0.1781037487641214,-0.0904336631142405,0.8803418803418804,0.6923076923076924,0.6666666666666666,0.6666666666666666,0.5926774896004985,0.4795428943951006,3.977300331984116,4.024546390915821,0.0472460589317047,8.881784197001252e-15,False
8,2,0,7,FFF,J,2013J,2014J,14,logistic,source_train_only_activity_types,13,0,,1,clicks_htmlactivity,1998,1886,1398,600,160,0.4519519519519519,0.4077412513255567,0.7359997308179769,0.7391757366063892,0.0031760057884123,0.6797089422333611,0.6453364457697008,0.6107955908339205,0.6188992462728566,0.008103655438936,0.2093097248591521,0.2133435841541591,0.0040338592950069,0.0015253647977208,-9.68423463340029e-05,0.0060969355998193,0.0200429245821668,-0.0201397669285008,0.2667892266573538,0.0034102166305318,-0.0037764900091589,0.0201402860520656,-0.0167300694215337,0.0027277042308653,0.0188986789287813,-0.016170974697916,-0.0002886867768565,0.0071091200379203,0.0134113462977147,0.0268692258064165,80,80,0.4077412513255567,target_prevalence,0.0127136886638981,0.0239911869606027,-0.0112774982967046,-0.0157086326126027,-0.0088622686317962,"{""C"": 1.0, ""class_weight"": ""balanced"", ""max_iter"": 5000, ""solver"": ""lbfgs""}",0ec0160f1649f42124ca093cb28e50d00a77309027bbdbb0b9ac6257ff1aa269,0.0430553391868004,0.3230921228023886,-0.2800367836155882,0.8974358974358976,0.4358974358974359,1.0,0.6666666666666666,0.632476286483244,0.3996782467350259,3.501052558385299,3.2716159552694406,-0.2294366031158583,3.552713678800501e-15,False
8,2,0,7,FFF,J,2013J,2014J,14,lightgbm,source_train_only_activity_types,13,0,,1,clicks_htmlactivity,1998,1886,1398,600,160,0.4519519519519519,0.4077412513255567,0.7132762816989873,0.72363042843023,0.0103541467312426,0.679305610162321,0.6439498325747545,0.6416599110417174,0.6220478976878931,-0.0196120133538242,0.2204670991628488,0.2128418671546555,-0.0076252320081932,0.016734149104409,0.0056122054880679,0.0008525854944548,0.0111436980906004,-0.0055314926025324,0.2497638260171195,0.0152123932190834,-0.0020767351758661,0.0077932215862227,0.0074191716328606,0.0140360408722593,0.0079985769535949,0.0060374639186644,0.0088371043509506,0.0215876820872162,0.0089061532611192,0.0066802899113262,80,80,0.4077412513255567,target_prevalence,0.0093465975890212,0.005230501964432,0.0041160956245892,-0.0007076984889716,-0.0096475882271217,"{""class_weight"": ""balanced"", ""colsample_bytree"": 1.0, ""deterministic"": true, ""force_col_wise"": true, ""learning_rate"": 0.035, ""min_child_samples"": 12, ""n_estimators"": 180, ""n_jobs"": 1, ""num_leaves"": 15, ""objective"": ""binary"", ""reg_lambda"": 1.0, ""subsample"": 1.0, ""verbosity"": -1}",7340a032adf73dcca6285d723e7b8782f8c2625f4216107ab44a30759e1137a7,0.0647157078365903,0.2032947580606801,-0.1385790502240898,0.8974358974358976,0.6390876688162966,1.0,0.4285714285714285,0.6750770555954755,0.5206771354085864,2.814492751784071,2.900568674119975,0.0860759223359042,4.884981308350689e-15,False
8,2,0,7,FFF,J,2013J,2014J,56,logistic,source_train_only_activity_types,14,0,,1,clicks_htmlactivity,1915,1793,1340,575,160,0.4281984334203655,0.3770217512548801,0.7855413052610769,0.7890508706223878,0.0035095653613108,0.7438465054889939,0.696527004099606,0.5695235136893542,0.5493723179519852,-0.020151195737369,0.1914098604763078,0.1843078533221782,-0.0071020071541295,0.0017915832653767,0.0257990209540983,-0.0015551200046761,0.0094196534038706,0.0163793675502276,0.1953093599215677,0.020786125490219,0.0009689421275885,0.0178704214822938,0.0029157040079252,0.0216868894864611,0.0165439681951748,0.0051429212912863,0.0244484153887725,0.0171238355916655,0.0124773812469098,0.0232634617176777,80,80,0.3770217512548801,target_prevalence,0.038760483204649,0.0110178262810377,0.0277426569236113,0.0220610122369195,-0.0113632893733837,"{""C"": 1.0, ""class_weight"": ""balanced"", ""max_iter"": 5000, ""solver"": ""lbfgs""}",0ec0160f1649f42124ca093cb28e50d00a77309027bbdbb0b9ac6257ff1aa269,0.0750377151276538,0.1963165226214177,-0.1212788074937638,0.8677248677248677,0.6825396825396826,1.0,1.0,0.8064607041919414,0.3368552561396938,5.023458937915342,5.054807067712194,0.0313481297968527,2.664535259100376e-15,False
8,2,0,7,FFF,J,2013J,2014J,56,lightgbm,source_train_only_activity_types,14,0,,1,clicks_htmlactivity,1915,1793,1340,575,160,0.4281984334203655,0.3770217512548801,0.7667852818345812,0.7667608715229404,-2.4410311640798987e-05,0.7147802677843581,0.7044607252685444,0.6076496627140914,0.5559141437964079,-0.0517355189176834,0.2001454121052581,0.1860332398491722,-0.0141121722560859,0.0018039390120346,0.0244737133355161,-0.0010490574858202,0.0072415392862071,0.0172321740493089,0.244647927699877,0.0256051426697981,-0.0015355674835045,0.0101310095259713,0.0154741331438268,0.0257774445712274,0.0097868647212688,0.0159905798499585,0.02630568078604,0.0249046045535563,0.0087317994696639,0.0115302195822786,80,80,0.3770217512548801,target_prevalence,0.019131074068663,0.0069328582910139,0.012198215777649,0.014715194913479,0.0050339582716599,"{""class_weight"": ""balanced"", ""colsample_bytree"": 1.0, ""deterministic"": true, ""force_col_wise"": true, ""learning_rate"": 0.035, ""min_child_samples"": 12, ""n_estimators"": 180, ""n_jobs"": 1, ""num_leaves"": 15, ""objective"": ""binary"", ""reg_lambda"": 1.0, ""subsample"": 1.0, ""verbosity"": -1}",7340a032adf73dcca6285d723e7b8782f8c2625f4216107ab44a30759e1137a7,0.0691227122291853,0.2253531893994308,-0.1562304771702454,0.9310344827586206,0.6781938879126839,1.0,0.25,0.4594777468841584,0.4761654721212197,3.561706201499321,3.424183753585015,-0.1375224479143058,5.773159728050814e-15,True
8,2,0,8,GGG,J,2013J,2014J,14,logistic,source_train_only_activity_types,6,0,,1,clicks_quiz,926,719,648,278,134,0.3606911447084233,0.3824756606397774,0.6171348314606742,0.5677968877968878,-0.0493379436637864,0.4732403270176627,0.4366063207899615,0.6899612406545728,0.7640792774784274,0.0741180368238546,0.2447001926439287,0.2687960719062755,0.0240958792623467,0.0239887640449437,0.0206616750742515,0.0032532580240326,0.0260939908871709,-0.0054323158129193,0.218848943075774,0.0291701505972446,0.0060314580046669,0.0355131916000896,-0.006343041002845,0.0267203469808098,0.0310380312010367,-0.0043176842202269,0.0187476133178564,0.0395926878766328,0.0164738997248292,0.0545524834753501,80,50,0.3824756606397774,target_prevalence,0.0162100612409833,0.0235240228451065,-0.0073139616041231,-0.0063731387085212,0.0018816457912038,"{""C"": 1.0, ""class_weight"": ""balanced"", ""max_iter"": 5000, ""solver"": ""lbfgs""}",0ec0160f1649f42124ca093cb28e50d00a77309027bbdbb0b9ac6257ff1aa269,0.1009986630939253,0.2696342346473442,-0.1686355715534189,0.8947368421052632,0.6210526315789474,0.6666666666666666,0.4285714285714285,0.899401747137079,0.3648072986751922,3.897055993529248,5.4108020087189015,1.5137460151896531,3.552713678800501e-15,False
8,2,0,8,GGG,J,2013J,2014J,14,lightgbm,source_train_only_activity_types,6,0,,1,clicks_quiz,926,719,648,278,134,0.3606911447084233,0.3824756606397774,0.6234269662921348,0.6059009009009009,-0.0175260653912339,0.4609677763445815,0.4894770829372348,0.7037969253909969,0.7409718159837129,0.0371748905927159,0.2430756051091739,0.2635195813915476,0.0204439762823736,0.0049438202247189,0.0271415701214125,-0.0016854673585266,0.0058897908327353,0.0212517792886772,0.3121098759291245,0.0217578355377094,0.0043633073883862,0.0118016586091655,0.0099561769285438,0.025662294851815,0.0115216050490155,0.0141406898027995,0.0383691151048215,0.0051465559705973,0.0106101881372846,0.0129931290810464,80,50,0.3824756606397774,target_prevalence,0.030923720947191,0.0057100046975434,0.0252137162496476,0.0232327477691624,-0.0039619369609704,"{""class_weight"": ""balanced"", ""colsample_bytree"": 1.0, ""deterministic"": true, ""force_col_wise"": true, ""learning_rate"": 0.035, ""min_child_samples"": 12, ""n_estimators"": 180, ""n_jobs"": 1, ""num_leaves"": 15, ""objective"": ""binary"", ""reg_lambda"": 1.0, ""subsample"": 1.0, ""verbosity"": -1}",7340a032adf73dcca6285d723e7b8782f8c2625f4216107ab44a30759e1137a7,0.1180443499664104,0.1996235969314722,-0.0815792469650617,0.8631578947368421,0.6842105263157895,1.0,0.25,0.4437614172209569,0.6026896961280178,2.795505639363471,2.9925820228159288,0.1970763834524578,6.439293542825908e-15,False
8,2,0,8,GGG,J,2013J,2014J,56,logistic,source_train_only_activity_types,6,0,,1,clicks_quiz,919,698,643,276,136,0.3558215451577802,0.3638968481375358,0.6484751203852327,0.6509629708448605,0.0024878504596278,0.5078689135841478,0.5021338181242623,0.6632016232563184,0.6843493627031798,0.0211477394468614,0.2340106743486903,0.2344214725314896,0.0004107981827993,0.0092868608117404,0.0294091503269743,-0.0021287087849544,0.0254471750623477,0.0039619752646265,0.3139723147718257,0.0100982761965224,-0.0010808529992704,0.0323060636262689,-0.0222077874297464,0.014896279021663,0.0304562727163085,-0.0155599936946455,0.027724623417302,-0.0075280710242571,0.0255105159675724,0.0391016112849654,80,49,0.3638968481375358,target_prevalence,0.0201268260455879,0.0272100749925322,-0.0070832489469443,-0.0015606368411588,0.0110452242115708,"{""C"": 1.0, ""class_weight"": ""balanced"", ""max_iter"": 5000, ""solver"": ""lbfgs""}",0ec0160f1649f42124ca093cb28e50d00a77309027bbdbb0b9ac6257ff1aa269,0.1177467298977048,0.3549988969348623,-0.2372521670371575,0.8842105263157894,0.4210526315789474,0.6666666666666666,0.4285714285714285,0.1818025966590015,0.4309477093579442,3.2473006960217523,4.020787074245876,0.7734863782241232,4.135580766728708e-15,True
8,2,0,8,GGG,J,2013J,2014J,56,lightgbm,source_train_only_activity_types,6,0,,1,clicks_quiz,919,698,643,276,136,0.3558215451577802,0.3638968481375358,0.6297867461591378,0.6275049655955167,-0.002281780563621,0.4515918145012861,0.4592497686317039,0.7207707121668703,0.7561651229543742,0.0353944107875039,0.2502652696740427,0.2637633095553846,0.0134980398813418,0.0284911717495986,0.054410047431782,-0.0003568268080741,0.006380338265101,0.0480297091666809,0.3166187485539524,0.0341769584905418,-0.002732746272638,0.0093014568697761,0.0248755016207656,0.0362755531382952,0.0087649103101185,0.0275106428281766,0.0418865325122884,0.0264673844687952,0.0073303542453497,0.0112725594942026,80,49,0.3638968481375358,target_prevalence,0.0217445841155051,0.0082647567543197,0.0134798273611853,0.0307547682639331,0.0345498818054956,"{""class_weight"": ""balanced"", ""colsample_bytree"": 1.0, ""deterministic"": true, ""force_col_wise"": true, ""learning_rate"": 0.035, ""min_child_samples"": 12, ""n_estimators"": 180, ""n_jobs"": 1, ""num_leaves"": 15, ""objective"": ""binary"", ""reg_lambda"": 1.0, ""subsample"": 1.0, ""verbosity"": -1}",7340a032adf73dcca6285d723e7b8782f8c2625f4216107ab44a30759e1137a7,0.1810430730971815,0.2111291305225229,-0.0300860574253414,0.8210526315789474,0.5263157894736842,0.6666666666666666,0.4285714285714285,0.9186969226721192,0.5220615696249196,3.064653444523703,3.552055016318967,0.4874015717952638,6.439293542825908e-15,True
9,2,1,0,AAA,J,2013J,2014J,14,logistic,source_train_only_activity_types,9,0,,0,,370,350,259,111,53,0.2486486486486486,0.2771428571428571,0.6333907056798623,0.6026649280795403,-0.030725777600322,0.3866641119626652,0.3484766077968311,0.6850952163830448,0.7211327081814369,0.0360374917983921,0.2346934143442029,0.2465187530570595,0.0118253387128565,0.0124784853700516,-0.002549993289442,-0.0003688641738108,0.0137242293835038,-0.0162742226729459,0.2908657282679386,0.0012371822808157,0.0013613738619674,0.0305141052456291,-0.0292769229648134,0.0030994924924969,0.0247242654154373,-0.0216247729229403,0.005415442371126,-0.0029410778094945,0.0175240799855833,0.043504130505675,41,14,0.2771428571428571,target_prevalence,0.008812585195628,0.0092924234882059,-0.0004798382925778,-0.0083770304827618,-0.015794384380368,"{""C"": 1.0, ""class_weight"": ""balanced"", ""max_iter"": 5000, ""solver"": ""lbfgs""}",0ec0160f1649f42124ca093cb28e50d00a77309027bbdbb0b9ac6257ff1aa269,0.0778960222977219,0.3372378668094739,-0.2593418445117519,0.9130434782608696,0.4308300395256917,1.0,0.4285714285714285,0.6473138351385451,0.4674686251999186,4.289589801903591,4.398736085936537,0.1091462840329464,3.552713678800501e-15,False
9,2,1,0,AAA,J,2013J,2014J,14,lightgbm,source_train_only_activity_types,9,0,,0,,370,350,259,111,53,0.2486486486486486,0.2771428571428571,0.5895008605851979,0.622957499694389,0.033456639109191,0.41794660167852,0.3811031501677331,0.7658883500480805,0.7476404083515475,-0.0182479416965329,0.2356673390382291,0.2380169472025404,0.0023496081643112,0.0434595524956969,0.0083194828800523,-0.002059725620442,0.0206716221708253,-0.0123521392907729,0.3926774378807284,0.0093648429398539,-0.0017153218958494,0.0346332365640325,-0.0252683936241786,0.0112369093106525,0.0396157900173584,-0.0283788807067058,0.0135649918486968,0.005164694031011,0.045812042388802,0.0234544307392631,41,14,0.2771428571428571,target_prevalence,0.0076936118523421,0.022915522827041,-0.0152219109746988,-0.0137870251327359,0.0028697716839259,"{""class_weight"": ""balanced"", ""colsample_bytree"": 1.0, ""deterministic"": true, ""force_col_wise"": true, ""learning_rate"": 0.035, ""min_child_samples"": 12, ""n_estimators"": 180, ""n_jobs"": 1, ""num_leaves"": 15, ""objective"": ""binary"", ""reg_lambda"": 1.0, ""subsample"": 1.0, ""verbosity"": -1}",7340a032adf73dcca6285d723e7b8782f8c2625f4216107ab44a30759e1137a7,0.1124391901947738,0.3355513750386071,-0.2231121848438333,0.7312252964426879,0.3596837944664031,1.0,0.1111111111111111,0.6952800228135572,0.5210821641618472,4.019043448138582,4.224643827188847,0.2056003790502645,5.773159728050814e-15,False
9,2,1,0,AAA,J,2013J,2014J,56,logistic,source_train_only_activity_types,9,0,,0,,365,342,255,110,52,0.2383561643835616,0.260233918128655,0.5760073260073261,0.5917306923657681,0.015723366358442,0.2902337831532696,0.3208377330567076,0.9234838339514484,0.9013283711643312,-0.0221554627871172,0.2837608533236075,0.2915566384288636,0.007795785105256,0.0787545787545788,-0.005817227925845,0.0009309556052683,0.0295264633196966,-0.0353436912455416,0.3351404129773828,0.0163167621473679,0.0337220671432678,0.0452920731996909,-0.0289753110523229,0.0210858212256665,0.0316183752171239,-0.0105325539914573,0.0262619951033321,0.0063715291914038,0.0167774103336061,0.0738067360657757,42,13,0.260233918128655,target_prevalence,-0.0030854852261648,0.0142085572010441,-0.017294042427209,-0.0263188668363753,-0.0180496488183326,"{""C"": 1.0, ""class_weight"": ""balanced"", ""max_iter"": 5000, ""solver"": ""lbfgs""}",0ec0160f1649f42124ca093cb28e50d00a77309027bbdbb0b9ac6257ff1aa269,0.0756924712966484,0.3239557077567958,-0.2482632364601474,0.9130434782608696,0.1936758893280632,1.0,0.4285714285714285,0.7815826183702965,0.4097547842269288,6.327364064503278,6.321800645373892,-0.0055634191293858,5.3290705182007506e-15,False
9,2,1,0,AAA,J,2013J,2014J,56,lightgbm,source_train_only_activity_types,9,0,,0,,365,342,255,110,52,0.2383561643835616,0.260233918128655,0.6117216117216117,0.581516187769241,-0.0302054239523706,0.3059380009164815,0.3352006697128181,0.6254581737334742,0.7278596723705949,0.1024014986371206,0.2042204369671292,0.2388787200298789,0.0346582830627497,0.0288461538461539,0.0055992739476745,-0.0007843866411512,0.0060240552515343,-0.0004247813038598,0.3160736037979523,-0.011617774877065,0.0045850705462942,0.0107162545585809,-0.0223340294356459,-0.0094470125877261,0.0129860745122108,-0.0224330870999369,-0.0070909413224679,-0.0161446084316622,0.0154496595838335,0.0059828495333282,42,13,0.260233918128655,target_prevalence,0.0115284133812458,0.0074056269655011,0.0041227864157447,0.0018490025559424,-0.0045475677196045,"{""class_weight"": ""balanced"", ""colsample_bytree"": 1.0, ""deterministic"": true, ""force_col_wise"": true, ""learning_rate"": 0.035, ""min_child_samples"": 12, ""n_estimators"": 180, ""n_jobs"": 1, ""num_leaves"": 15, ""objective"": ""binary"", ""reg_lambda"": 1.0, ""subsample"": 1.0, ""verbosity"": -1}",7340a032adf73dcca6285d723e7b8782f8c2625f4216107ab44a30759e1137a7,0.0757227454140101,0.3053935842533203,-0.2296708388393102,0.8730158730158729,0.4563492063492063,0.6666666666666666,0.1111111111111111,0.7090615853818844,0.2213947174102252,4.075388265688869,4.358941278566868,0.2835530128779986,6.439293542825908e-15,False
9,2,1,1,BBB,B,2013B,2014B,14,logistic,source_train_only_activity_types,10,0,,1,clicks_oucollaborate,1606,1289,1124,482,160,0.5006226650062267,0.4375484871993794,0.7490745682753396,0.6930447542186353,-0.0560298140567042,0.7484062333320309,0.6427489423391258,0.6028218149047563,0.7040976541760109,0.1012758392712546,0.2070823465396709,0.2392993299758179,0.032216983436147,0.0171484650746371,0.0095319246102993,-0.0011939121843898,0.0058978231221929,0.0036341014881064,0.1920191829846897,0.0294292441135813,0.0034488060684267,0.0186179048332914,0.0108113392802898,0.0327028097424749,0.0185772830107415,0.0141255267317333,0.0556381018504997,0.0032203863766629,0.0182926779434355,0.0189431317231473,80,80,0.4375484871993794,target_prevalence,0.0006730225947976,0.0084763015248448,-0.0078032789300472,-0.0020845887209703,0.0114373804181536,"{""C"": 1.0, ""class_weight"": ""balanced"", ""max_iter"": 5000, ""solver"": ""lbfgs""}",0ec0160f1649f42124ca093cb28e50d00a77309027bbdbb0b9ac6257ff1aa269,0.1359830532488237,0.203481243339365,-0.0674981900905412,0.8478260869565217,0.6014492753623188,0.6666666666666666,0.4285714285714285,0.4320908273164144,0.5270511382675052,5.02064650591487,5.423643400911558,0.4029968949966882,2.664535259100376e-15,False
9,2,1,1,BBB,B,2013B,2014B,14,lightgbm,source_train_only_activity_types,10,0,,1,clicks_oucollaborate,1606,1289,1124,482,160,0.5006226650062267,0.4375484871993794,0.7333034899536853,0.6882098312545855,-0.0450936586990998,0.7448719354141085,0.6222020219021798,0.6237242398921319,0.6813666306716666,0.0576423907795347,0.213666795228285,0.2372036503499661,0.0235368551216811,0.0136189115201184,0.0096932368338846,0.0008398198376713,0.0081947895858298,0.0014984472480548,0.2447558792656451,0.008783942474978,-0.0014649175499513,0.0067244081458039,0.002059534329174,0.00988410753417,0.0066087878516463,0.0032753196825236,0.0175920962718634,-2.421132190733033e-05,0.0057987276540701,0.0076500886375378,80,80,0.4375484871993794,target_prevalence,0.0080280953087664,0.009192883936949,-0.0011647886281825,0.0001668293099361,0.0026632358762374,"{""class_weight"": ""balanced"", ""colsample_bytree"": 1.0, ""deterministic"": true, ""force_col_wise"": true, ""learning_rate"": 0.035, ""min_child_samples"": 12, ""n_estimators"": 180, ""n_jobs"": 1, ""num_leaves"": 15, ""objective"": ""binary"", ""reg_lambda"": 1.0, ""subsample"": 1.0, ""verbosity"": -1}",7340a032adf73dcca6285d723e7b8782f8c2625f4216107ab44a30759e1137a7,0.0724735176928291,0.1608279487874779,-0.0883544310946488,0.8985507246376812,0.7463768115942029,1.0,0.6666666666666666,0.629321185706394,0.3302428216203242,2.858145264268596,2.9499309706818275,0.0917857064132317,7.105427357601002e-15,False
9,2,1,1,BBB,B,2013B,2014B,56,logistic,source_train_only_activity_types,10,0,,1,clicks_oucollaborate,1470,1247,1029,441,160,0.454421768707483,0.4170008019246191,0.7528008298755187,0.7503703311818857,-0.0024304986936329,0.7379749691942715,0.7042290977315891,0.5912683585544796,0.6266756132328328,0.0354072546783532,0.2019712077020635,0.205850448769926,0.0038792410678625,0.0026970954356846,0.0228836128975215,0.0010077177358434,0.0096025898367979,0.0132810230607235,0.2092888813519351,0.0233649512706891,0.0009577164926418,0.0144395376320063,0.0089254136386827,0.0248698669004798,0.0131689836134018,0.0117008832870779,0.0324307956685102,0.0142991068728681,0.0067855238097849,0.0220935514542278,80,80,0.4170008019246191,target_prevalence,0.0570714508345258,0.0126181397805295,0.0444533110539962,0.0288671670573599,-0.0311722879932726,"{""C"": 1.0, ""class_weight"": ""balanced"", ""max_iter"": 5000, ""solver"": ""lbfgs""}",0ec0160f1649f42124ca093cb28e50d00a77309027bbdbb0b9ac6257ff1aa269,0.1833604617330716,0.2856906807280698,-0.1023302189949981,0.7753623188405797,0.3550724637681159,0.6666666666666666,0.25,0.5039052604040348,0.3751789330407108,5.197673055682978,6.0135199465285325,0.8158468908455543,7.105427357601002e-15,True
9,2,1,1,BBB,B,2013B,2014B,56,lightgbm,source_train_only_activity_types,10,0,,1,clicks_oucollaborate,1470,1247,1029,441,160,0.454421768707483,0.4170008019246191,0.7566182572614107,0.7554174161464395,-0.0012008411149712,0.763993402650395,0.73704118847825,0.5758736978267344,0.6047503403328583,0.0288766425061239,0.1978954386963021,0.2086884719198493,0.0107930332235471,0.0130290456431535,0.0199097844199024,-0.0018171194586844,0.0049891983997703,0.0149205860201321,0.2474882466407494,0.0098556287392646,7.714117436749546e-05,0.0098845309048921,-2.8902165627453517e-05,0.009246154856822,0.0094190007007052,-0.0001728458438832,0.0061840638532456,0.0135271936252836,0.0070801049888486,0.0126889568209355,80,80,0.4170008019246191,target_prevalence,0.0126376531201408,0.0044207730981483,0.0082168800219925,0.0115687330210623,0.0067037059981396,"{""class_weight"": ""balanced"", ""colsample_bytree"": 1.0, ""deterministic"": true, ""force_col_wise"": true, ""learning_rate"": 0.035, ""min_child_samples"": 12, ""n_estimators"": 180, ""n_jobs"": 1, ""num_leaves"": 15, ""objective"": ""binary"", ""reg_lambda"": 1.0, ""subsample"": 1.0, ""verbosity"": -1}",7340a032adf73dcca6285d723e7b8782f8c2625f4216107ab44a30759e1137a7,0.0690463562857823,0.2232603446079551,-0.1542139883221728,0.9130434782608696,0.608695652173913,1.0,0.4285714285714285,0.6522570337990735,0.3101360727878349,3.682015389037292,3.859200680467127,0.177185291429835,7.105427357601002e-15,True
9,2,1,2,BBB,J,2013J,2014J,14,logistic,source_train_only_activity_types,10,0,,0,,1851,1791,1295,556,160,0.4219340896812534,0.3618090452261306,0.6856300125936237,0.6481056187421017,-0.0375243938515219,0.6154074334551929,0.5077488646582197,0.6555396898074526,0.8436511310603035,0.1881114412528509,0.2263336160169437,0.2435069154182221,0.0171732994012784,0.007105455027507,0.1309797375176355,-0.0012408233893589,0.0144847370286647,0.1164950004889708,0.271632673922224,0.119280055542548,0.0027474082695632,0.0297641714496927,0.0895158840928552,0.1262859466855354,0.0244771492391908,0.1018087974463445,0.144628643496266,0.09393146758883,0.0106347638153313,0.0488935790840542,80,80,0.3618090452261306,target_prevalence,0.300962817992134,0.0127284332710897,0.2882343847210442,0.2023646926050075,-0.1717393842320733,"{""C"": 1.0, ""class_weight"": ""balanced"", ""max_iter"": 5000, ""solver"": ""lbfgs""}",0ec0160f1649f42124ca093cb28e50d00a77309027bbdbb0b9ac6257ff1aa269,0.3243992666496807,0.2254905113169312,0.0989087553327495,0.8333333333333333,0.6014492753623188,0.6666666666666666,0.6666666666666666,0.8429639987901578,0.621035870657663,3.821261254652809,5.015116165060909,1.1938549104080995,1.4210854715202004e-14,False
9,2,1,2,BBB,J,2013J,2014J,14,lightgbm,source_train_only_activity_types,10,0,,0,,1851,1791,1295,556,160,0.4219340896812534,0.3618090452261306,0.6924703387021939,0.6308656826847261,-0.0616046560174677,0.6148361008180727,0.496219976415124,0.6487624915473572,0.6743154805528392,0.0255529890054819,0.2253432665222801,0.238034351230294,0.0126910847080138,0.0242990654205607,0.0242516118635266,-0.0021218632947259,0.0037450626187888,0.0205065492447377,0.2508997409173605,0.0222085196599851,0.0009012223357351,0.0092375164206962,0.0129710032392889,0.0240133487975655,0.0092624004979023,0.0147509482996631,0.0287387196305031,0.0156783196894672,0.0093275515364055,0.0091474813049869,80,80,0.3618090452261306,target_prevalence,0.1666640280719117,0.005178577925526,0.1614854501463856,0.0909959996955617,-0.1409789009016478,"{""class_weight"": ""balanced"", ""colsample_bytree"": 1.0, ""deterministic"": true, ""force_col_wise"": true, ""learning_rate"": 0.035, ""min_child_samples"": 12, ""n_estimators"": 180, ""n_jobs"": 1, ""num_leaves"": 15, ""objective"": ""binary"", ""reg_lambda"": 1.0, ""subsample"": 1.0, ""verbosity"": -1}",7340a032adf73dcca6285d723e7b8782f8c2625f4216107ab44a30759e1137a7,0.1486540360629689,0.2341851738193301,-0.0855311377563612,0.7463768115942029,0.5289855072463768,0.6666666666666666,0.25,0.4248886275922905,0.6883890985077303,2.936869470667733,2.958092909407527,0.0212234387397938,5.3290705182007506e-15,False
9,2,1,2,BBB,J,2013J,2014J,56,logistic,source_train_only_activity_types,10,0,,0,,1785,1750,1249,536,160,0.3994397759103641,0.3417142857142857,0.7191037325129157,0.6948421822742474,-0.0242615502386682,0.6484975196932591,0.5455717523531147,0.63013286963816,1.3700222146199967,0.7398893449818368,0.2175205057505326,0.2538486062008116,0.0363281004502789,0.0049776513612354,0.2566703859221653,-0.0013402612548475,0.006366799906688,0.2503035860154772,0.1947850465055066,0.2143641642984128,0.0002739716515813,0.0122416103353001,0.2021225539631127,0.2309537973752389,0.0115574473159212,0.2193963500593177,0.2667682399021053,0.1619600886947204,0.0100804455628939,0.0144027751077063,80,80,0.3417142857142857,target_prevalence,0.0989338335142474,0.0066957603680513,0.092238073146196,0.1712708295808366,0.1580655128692811,"{""C"": 1.0, ""class_weight"": ""balanced"", ""max_iter"": 5000, ""solver"": ""lbfgs""}",0ec0160f1649f42124ca093cb28e50d00a77309027bbdbb0b9ac6257ff1aa269,0.433393880480015,0.2650378872156766,0.1683559932643383,0.7753623188405797,0.5,0.4285714285714285,0.25,0.1827453775396832,0.5671485902682847,4.4736915396351264,9.648093984050991,5.1744024444158665,1.0658141036401504e-14,False
9,2,1,2,BBB,J,2013J,2014J,56,lightgbm,source_train_only_activity_types,10,0,,0,,1785,1750,1249,536,160,0.3994397759103641,0.3417142857142857,0.7348203401636965,0.6796896773968785,-0.0551306627668179,0.7057487322252101,0.5366968158049815,0.6071322704777976,0.8223638992101793,0.2152316287323816,0.2073385157869991,0.2785597539433218,0.0712212381563227,0.0157746560631567,0.057090448808838,0.0019257429933383,0.0109499641073262,0.0461404847015118,0.2326699561229785,0.081806908802031,-0.0004925063845581,0.0099964609580918,0.0718104478439391,0.0924846585115237,0.0099295462774177,0.082555112234106,0.1155362625775044,0.0480775550265575,0.0097850878693197,0.0102078340468639,80,80,0.3417142857142857,target_prevalence,0.0698766188294491,0.009187004110005,0.0606896147194441,0.0534150497104779,-0.0145491300179322,"{""class_weight"": ""balanced"", ""colsample_bytree"": 1.0, ""deterministic"": true, ""force_col_wise"": true, ""learning_rate"": 0.035, ""min_child_samples"": 12, ""n_estimators"": 180, ""n_jobs"": 1, ""num_leaves"": 15, ""objective"": ""binary"", ""reg_lambda"": 1.0, ""subsample"": 1.0, ""verbosity"": -1}",7340a032adf73dcca6285d723e7b8782f8c2625f4216107ab44a30759e1137a7,0.1521047171615657,0.2056794349990207,-0.0535747178374549,0.782608695652174,0.6159420289855072,0.6666666666666666,0.4285714285714285,0.8235050287680027,0.2850199587897437,3.164547528811377,3.5115768423289557,0.3470293135175781,1.021405182655144e-14,False
9,2,1,3,DDD,B,2013B,2014B,14,logistic,source_train_only_activity_types,11,0,,1,clicks_oucollaborate,1197,1050,837,360,160,0.5747702589807853,0.5447619047619048,0.7414353825266016,0.6636517248441934,-0.0777836576824081,0.7894068741785224,0.6890704714506558,0.6210662611454058,0.7057487025364795,0.0846824413910737,0.2082861953199393,0.2389838004633047,0.0306976051433653,0.0413627608853524,0.0182369137474706,0.0002332388878177,0.0355761980707889,-0.0173392843233183,0.2371178286312694,0.0154941952513549,0.0004645716033656,0.0315537131916412,-0.0160595179402862,0.0149078487789526,0.0326071704785782,-0.0176993216996255,0.0220438101026568,0.008944580400053,0.0197863711567062,0.0433210552265762,76,80,0.5447619047619048,target_prevalence,0.018920340131782,0.0330526744333688,-0.0141323343015867,-0.0157358093124525,-0.0032069500217315,"{""C"": 1.0, ""class_weight"": ""balanced"", ""max_iter"": 5000, ""solver"": ""lbfgs""}",0ec0160f1649f42124ca093cb28e50d00a77309027bbdbb0b9ac6257ff1aa269,0.0706282765812917,0.3682538682582041,-0.2976255916769124,0.8599999999999999,0.4399999999999999,0.6666666666666666,0.25,0.6105954559677892,0.4865753574239888,4.909857117051578,4.755689158456565,-0.1541679585950133,2.131628207280301e-14,False
9,2,1,3,DDD,B,2013B,2014B,14,lightgbm,source_train_only_activity_types,11,0,,1,clicks_oucollaborate,1197,1050,837,360,160,0.5747702589807853,0.5447619047619048,0.6770547188279499,0.65393393217661,-0.0231207866513398,0.7458808379432906,0.6874171905361728,0.6918946302970599,0.7101970398938164,0.0183024095967565,0.2426848895785755,0.2479892217741581,0.0053043321955826,0.0213760222285371,0.0044008397626963,-0.0004189957954593,0.0125565362653974,-0.0081556965027011,0.2459585521061957,0.0057142755502238,0.000794210693595,0.0069756052582265,-0.0012613297080027,0.0055353601685122,0.0072162157235174,-0.0016808555550051,0.0077127984310438,0.0037157526694037,0.0042879351672112,0.0096632753492418,76,80,0.5447619047619048,target_prevalence,0.0100876798123245,0.0091088114742568,0.0009788683380677,-0.0035884140823167,-0.0091345648407688,"{""class_weight"": ""balanced"", ""colsample_bytree"": 1.0, ""deterministic"": true, ""force_col_wise"": true, ""learning_rate"": 0.035, ""min_child_samples"": 12, ""n_estimators"": 180, ""n_jobs"": 1, ""num_leaves"": 15, ""objective"": ""binary"", ""reg_lambda"": 1.0, ""subsample"": 1.0, ""verbosity"": -1}",7340a032adf73dcca6285d723e7b8782f8c2625f4216107ab44a30759e1137a7,0.1053035672105283,0.2223718663518991,-0.1170682991413707,0.8066666666666665,0.5466666666666665,1.0,0.25,0.7239668333132286,0.4291102219806649,3.5853544926434098,3.334199827791634,-0.2511546648517759,7.549516567451064e-15,False
9,2,1,3,DDD,B,2013B,2014B,56,logistic,source_train_only_activity_types,11,0,,1,clicks_oucollaborate,1085,971,759,326,159,0.5299539170506913,0.5077239958805355,0.7463070006422607,0.7353747443285495,-0.0109322563137111,0.7616980714630385,0.7402568743428862,0.6369733052960188,0.6706725342904188,0.0336992289944,0.2136955366771735,0.223846304033859,0.0101507673566854,0.0069137481582228,0.0204788246491862,-0.0010420197969252,0.0080483236873367,0.0124305009618495,0.1945341937913925,0.0194915944993521,-0.0013711767876914,0.0131585744344994,0.0063330200648527,0.0193376027712954,0.0131515985760164,0.006186004195279,0.0294599923622236,0.0095231966364807,0.0136101450069692,0.0127070038620296,76,80,0.5077239958805355,target_prevalence,0.0240358581500833,0.0085552270380354,0.0154806311120479,0.0139555660369487,-0.0030501301501983,"{""C"": 1.0, ""class_weight"": ""balanced"", ""max_iter"": 5000, ""solver"": ""lbfgs""}",0ec0160f1649f42124ca093cb28e50d00a77309027bbdbb0b9ac6257ff1aa269,0.040078957842932,0.2658801114727322,-0.2258011536298002,0.8533333333333332,0.4933333333333333,1.0,0.4285714285714285,0.1585230690476736,0.7381825249823137,7.470749799099526,7.279795181349867,-0.190954617749659,7.105427357601002e-15,False
9,2,1,3,DDD,B,2013B,2014B,56,lightgbm,source_train_only_activity_types,11,0,,1,clicks_oucollaborate,1085,971,759,326,159,0.5299539170506913,0.5077239958805355,0.7310060825871775,0.7263785040780126,-0.0046275785091648,0.7695511098759116,0.7524147924354836,0.6545587671561772,0.8409127904821669,0.1863540233259897,0.2288629447885904,0.2607733801537142,0.0319104353651238,0.0214212852771166,0.0487424656964748,-0.0002578423294215,0.0137195986296303,0.0350228670668444,0.2418676538155205,0.0475204147150975,-0.0005242565777701,0.0122892108512177,0.0352312038638798,0.0473245771890342,0.012189712429933,0.0351348647591011,0.0601976305689295,0.0348431988612655,0.0187300753223789,0.0058483463800565,76,80,0.5077239958805355,target_prevalence,0.0268591615392534,0.024941106710297,0.0019180548289564,0.0184704609479004,0.033104812237888,"{""class_weight"": ""balanced"", ""colsample_bytree"": 1.0, ""deterministic"": true, ""force_col_wise"": true, ""learning_rate"": 0.035, ""min_child_samples"": 12, ""n_estimators"": 180, ""n_jobs"": 1, ""num_leaves"": 15, ""objective"": ""binary"", ""reg_lambda"": 1.0, ""subsample"": 1.0, ""verbosity"": -1}",7340a032adf73dcca6285d723e7b8782f8c2625f4216107ab44a30759e1137a7,0.1245255499518876,0.2115456199966529,-0.0870200700447653,0.8866666666666665,0.6666666666666665,1.0,0.6666666666666666,0.3382313355191544,0.4974703883506675,4.500844389749478,4.714907476584664,0.2140630868351865,1.0658141036401504e-14,True
9,2,1,4,DDD,J,2013J,2014J,14,logistic,source_train_only_activity_types,10,0,,0,,1675,1479,1172,503,160,0.5068656716417911,0.4645030425963489,0.7393738140417458,0.702657947745284,-0.0367158662964618,0.7232430360667212,0.6461488296855897,0.6082030704658622,0.6666861724185476,0.0584831019526853,0.2082942043575309,0.225876555106745,0.0175823507492141,0.0371442125237192,0.0060353736549106,-0.0025978327708265,0.0033158335688016,0.002719540086109,0.172582013096758,0.0052138199174155,0.0025749814607282,0.0061883965266671,-0.0009745766092516,0.0052301993716906,0.0058980230950403,-0.0006678237233497,0.0054445362304905,0.0049831036043405,0.0020982793326097,0.0102785137207245,80,80,0.4645030425963489,target_prevalence,0.0092684074005979,0.0030926962550763,0.0061757111455216,0.0044476256158153,-0.0034561710594125,"{""C"": 1.0, ""class_weight"": ""balanced"", ""max_iter"": 5000, ""solver"": ""lbfgs""}",0ec0160f1649f42124ca093cb28e50d00a77309027bbdbb0b9ac6257ff1aa269,0.0653751046133206,0.2161372644816117,-0.150762159868291,0.8840579710144928,0.6594202898550725,0.6666666666666666,0.6666666666666666,0.6320305945351593,0.7496610599472278,4.058420996141223,4.020786316226608,-0.037634679914615,7.105427357601002e-15,True
9,2,1,4,DDD,J,2013J,2014J,14,lightgbm,source_train_only_activity_types,10,0,,0,,1675,1479,1172,503,160,0.5068656716417911,0.4645030425963489,0.6758855154965211,0.6786992927822623,0.0028137772857411,0.6896097012504884,0.6412326263873918,0.6800675088762125,0.680407091441264,0.0003395825650515,0.2385906708590468,0.2362159315500878,-0.0023747393089589,0.0161448450347881,0.0056629561623785,-0.0009046028719141,0.0088242253526573,-0.0031612691902787,0.3045348303638338,0.0046142722634684,-0.0013038769355203,0.0098312621374785,-0.00521698987401,0.0048509764173833,0.009742911365159,-0.0048919349477757,0.0079484193457549,0.001280125181182,0.008586778401665,0.0110757458732919,80,80,0.4645030425963489,target_prevalence,0.0055137415914392,0.010668975748393,-0.0051552341569537,-0.0041582516736162,0.001993964966675,"{""class_weight"": ""balanced"", ""colsample_bytree"": 1.0, ""deterministic"": true, ""force_col_wise"": true, ""learning_rate"": 0.035, ""min_child_samples"": 12, ""n_estimators"": 180, ""n_jobs"": 1, ""num_leaves"": 15, ""objective"": ""binary"", ""reg_lambda"": 1.0, ""subsample"": 1.0, ""verbosity"": -1}",7340a032adf73dcca6285d723e7b8782f8c2625f4216107ab44a30759e1137a7,0.1360198073684524,0.264867086149995,-0.1288472787815425,0.7028985507246377,0.5,0.4285714285714285,0.4285714285714285,0.7747616769939175,0.5739870679964316,3.308752804008777,3.40140064790294,0.0926478438941624,6.217248937900877e-15,False
9,2,1,4,DDD,J,2013J,2014J,56,logistic,source_train_only_activity_types,10,0,,0,,1574,1417,1101,473,160,0.4739517153748411,0.4410726887791108,0.7861983648881239,0.7180222222222221,-0.0681761426659017,0.7801118301332863,0.6435969974608006,0.5668221207079853,0.671594203834111,0.1047720831261256,0.1884897037454826,0.231715729644336,0.0432260258988534,0.0124426276534708,0.0238570271421795,-0.0005306394558411,0.006978945699537,0.0168780814426425,0.1341601125567604,0.0303393546782045,-0.002503201852897,0.0043460905754274,0.025993264102777,0.0321105259290394,0.0039003991939004,0.0282101267351389,0.0453677957706179,0.0153109135857911,0.0005643858591171,0.0081277952917377,80,80,0.4410726887791108,target_prevalence,0.0269453857967665,0.0024191828748409,0.0245262029219255,0.020702142182284,-0.007648121479283,"{""C"": 1.0, ""class_weight"": ""balanced"", ""max_iter"": 5000, ""solver"": ""lbfgs""}",0ec0160f1649f42124ca093cb28e50d00a77309027bbdbb0b9ac6257ff1aa269,0.0914276302733858,0.1970448392770739,-0.105617209003688,0.8043478260869565,0.6014492753623188,0.4285714285714285,0.4285714285714285,0.6582859951200394,0.374935182998476,4.697880985074765,4.982190882259251,0.2843098971844853,3.1086244689504387e-15,False
9,2,1,4,DDD,J,2013J,2014J,56,lightgbm,source_train_only_activity_types,10,0,,0,,1574,1417,1101,473,160,0.4739517153748411,0.4410726887791108,0.7742577452667815,0.6645454545454544,-0.109712290721327,0.7616823393811583,0.6247091955236983,0.5870318452643503,0.8678190041312251,0.2807871588668749,0.1969909576467098,0.3106458706675079,0.1136549130207981,0.0058448078026391,0.2763331304143497,-0.0013946657795146,0.0095165473315916,0.2668165830827581,0.2533372955644941,0.3093406720286555,-0.0043881608476147,0.0063361245195142,0.3030045475091413,0.3299349089366,0.0062885863316625,0.3236463226049374,0.4840833887864833,0.1345979552708278,0.0059327615722941,0.0067394874667342,80,80,0.4410726887791108,target_prevalence,0.2983063649706281,0.0041170199335751,0.294189345037053,0.2805029640599056,-0.0273727619542948,"{""class_weight"": ""balanced"", ""colsample_bytree"": 1.0, ""deterministic"": true, ""force_col_wise"": true, ""learning_rate"": 0.035, ""min_child_samples"": 12, ""n_estimators"": 180, ""n_jobs"": 1, ""num_leaves"": 15, ""objective"": ""binary"", ""reg_lambda"": 1.0, ""subsample"": 1.0, ""verbosity"": -1}",7340a032adf73dcca6285d723e7b8782f8c2625f4216107ab44a30759e1137a7,0.171894661641755,0.1771212552052893,-0.0052265935635343,0.8333333333333333,0.6594202898550725,1.0,0.4285714285714285,0.909093427678806,0.4682061729164232,3.341734248164459,3.957848429992629,0.6161141818281703,9.325873406851317e-15,False
9,2,1,5,EEE,J,2013J,2014J,14,logistic,source_train_only_activity_types,9,0,,2,clicks_ouwiki|clicks_page,933,1027,653,280,138,0.3483386923901393,0.3339824732229795,0.7080623458174479,0.7387431162941367,0.0306807704766888,0.5727269744260536,0.5799349055018572,0.6578624784712852,0.6275883076720282,-0.0302741707992569,0.2252206403523408,0.2142510470671878,-0.010969593285153,0.0112132765193989,-0.0007843114870913,-0.0008173417211456,0.0258757989435555,-0.0266601104306468,0.3350940673696291,-5.583224229080419e-05,0.0008460616582108,0.0426571943722691,-0.0427130266145599,0.0001391721992682,0.0345965872906126,-0.0344574150913443,0.0005314685245161,-0.0006431330090977,0.0183808205515617,0.0669335681929765,80,49,0.3339824732229795,target_prevalence,0.0051022947096107,0.0259633914709489,-0.0208610967613381,-0.0237606035959925,-0.0057990136693086,"{""C"": 1.0, ""class_weight"": ""balanced"", ""max_iter"": 5000, ""solver"": ""lbfgs""}",0ec0160f1649f42124ca093cb28e50d00a77309027bbdbb0b9ac6257ff1aa269,0.0592404257064418,0.3319074084214143,-0.2726669827149725,0.9604743083003952,0.4861660079051383,1.0,0.6666666666666666,0.6562300412419962,0.2592803011288737,4.219011429352881,4.29423251565893,0.0752210863060485,2.664535259100376e-15,False
9,2,1,5,EEE,J,2013J,2014J,14,lightgbm,source_train_only_activity_types,9,0,,2,clicks_ouwiki|clicks_page,933,1027,653,280,138,0.3483386923901393,0.3339824732229795,0.6753756447633998,0.6975687518115016,0.0221931070481017,0.5394602738329854,0.5116413897846087,0.6875117428751064,0.6475550916580539,-0.0399566512170525,0.2281802788299376,0.2192080453044883,-0.0089722335254493,0.0168199147790985,0.0108923610973983,0.000773494475767,0.018805951149208,-0.0079135900518096,0.3513072710361535,0.0013180346236643,-0.0053709665427786,0.0262358725248544,-0.02491783790119,0.0027617986200032,0.0245176151671911,-0.0217558165471878,0.0056662622607319,-0.0030301930134032,0.0210609449403377,0.0314108001093711,80,49,0.3339824732229795,target_prevalence,-0.0004244595718359,0.0154744307589008,-0.0158988903307368,-0.0119062401912732,0.0079853002789271,"{""class_weight"": ""balanced"", ""colsample_bytree"": 1.0, ""deterministic"": true, ""force_col_wise"": true, ""learning_rate"": 0.035, ""min_child_samples"": 12, ""n_estimators"": 180, ""n_jobs"": 1, ""num_leaves"": 15, ""objective"": ""binary"", ""reg_lambda"": 1.0, ""subsample"": 1.0, ""verbosity"": -1}",7340a032adf73dcca6285d723e7b8782f8c2625f4216107ab44a30759e1137a7,0.0733855826060233,0.2618425097667811,-0.1884569271607578,0.8730158730158729,0.4831692641304534,0.6666666666666666,0.4285714285714285,0.7414352377775717,0.4864059498988486,3.841428669700272,3.961863276904361,0.1204346072040887,8.437694987151191e-15,False
9,2,1,5,EEE,J,2013J,2014J,56,logistic,source_train_only_activity_types,9,0,,2,clicks_ouwiki|clicks_page,906,997,634,272,134,0.3278145695364238,0.3139418254764293,0.7310738625897955,0.7640079965622256,0.0329341339724301,0.6284940524238566,0.6259533332699478,0.6245881789974073,0.6456059669447166,0.0210177879473093,0.2154011468991604,0.2259100843199725,0.0105089374208121,0.0380057714741819,0.0218924116054075,-0.0007804909007458,0.0338487977717383,-0.0119563861663308,0.3100090370211069,0.0325731230515902,-0.0022361448125638,0.0584962948626318,-0.0259231718110416,0.0347445321187754,0.0571537674828564,-0.022409235364081,0.0384084191162361,0.0267378269869443,0.0548884786964968,0.0621041110287668,80,44,0.3139418254764293,target_prevalence,0.0018643445220578,0.0274786050232548,-0.025614260501197,-0.0187853233337639,0.0136578743348662,"{""C"": 1.0, ""class_weight"": ""balanced"", ""max_iter"": 5000, ""solver"": ""lbfgs""}",0ec0160f1649f42124ca093cb28e50d00a77309027bbdbb0b9ac6257ff1aa269,0.0655413048292481,0.3756214687418286,-0.3100801639125805,0.9209486166007904,0.5098814229249012,0.6666666666666666,0.4285714285714285,0.7142488650907479,0.4259786815581634,4.426340136134804,4.369588853432036,-0.056751282702768,3.1086244689504387e-15,False
9,2,1,5,EEE,J,2013J,2014J,56,lightgbm,source_train_only_activity_types,9,0,,2,clicks_ouwiki|clicks_page,906,997,634,272,134,0.3278145695364238,0.3139418254764293,0.7448885614293608,0.7553738579676026,0.0104852965382418,0.6486126310519447,0.6604378495656115,0.6171288857826109,0.6014789552102825,-0.0156499305723284,0.201371447427926,0.1963764914886932,-0.0049949559392327,0.0094553938724134,0.0057016618289369,0.0052717459796203,0.0109010214458642,-0.0051993596169272,0.3360706547511008,0.0040156154541663,0.0005876458720328,0.0214752811640253,-0.017459665709859,0.0039506431132013,0.0212339711516332,-0.0172833280384319,0.0038410132332981,0.0041902176750345,0.0208268011576779,0.0221237611703727,80,44,0.3139418254764293,target_prevalence,0.001434181176265,0.0168777778352475,-0.0154435966589825,-0.0103214781379548,0.0102442370420552,"{""class_weight"": ""balanced"", ""colsample_bytree"": 1.0, ""deterministic"": true, ""force_col_wise"": true, ""learning_rate"": 0.035, ""min_child_samples"": 12, ""n_estimators"": 180, ""n_jobs"": 1, ""num_leaves"": 15, ""objective"": ""binary"", ""reg_lambda"": 1.0, ""subsample"": 1.0, ""verbosity"": -1}",7340a032adf73dcca6285d723e7b8782f8c2625f4216107ab44a30759e1137a7,0.0516886093299727,0.2985097283977584,-0.2468211190677857,0.9047619047619048,0.4752484565217575,0.4285714285714285,0.25,0.7852311035530499,0.5483937835028817,4.049451909482366,3.92546194116995,-0.1239899683124163,7.105427357601002e-15,False
9,2,1,6,FFF,B,2013B,2014B,14,logistic,source_train_only_activity_types,13,0,,1,clicks_oucollaborate,1520,1309,1064,456,160,0.4861842105263158,0.5011459129106188,0.7132517132517132,0.6911253875172748,-0.0221263257344384,0.7045177801787812,0.6795609513351557,0.6344639648540591,0.6807670992144167,0.0463031343603576,0.2200911863031583,0.2294366865193456,0.0093455002161873,0.0546893046893047,0.0133998415276962,0.0007898174866642,0.0135251109322306,-0.0001252694045344,0.1923061808446035,0.003674029175827,-0.0033100456826216,0.013208413114921,-0.0095343839390939,0.0036636463732207,0.0132242839517699,-0.0095606375785491,0.0082043920463847,-0.0008563336947305,0.0062834379698538,0.0201333882599882,80,80,0.5011459129106188,target_prevalence,0.01903990398955,0.0119964358029416,0.0070434681866083,0.0034590993910369,-0.0071687375911427,"{""C"": 1.0, ""class_weight"": ""balanced"", ""max_iter"": 5000, ""solver"": ""lbfgs""}",0ec0160f1649f42124ca093cb28e50d00a77309027bbdbb0b9ac6257ff1aa269,0.0364720043457927,0.2730482626911724,-0.2365762583453796,0.9601139601139604,0.5555555555555557,1.0,0.4285714285714285,0.9391629342722994,0.625904694616941,4.226250348211702,4.182728254303146,-0.0435220939085567,2.131628207280301e-14,False
9,2,1,6,FFF,B,2013B,2014B,14,lightgbm,source_train_only_activity_types,13,0,,1,clicks_oucollaborate,1520,1309,1064,456,160,0.4861842105263158,0.5011459129106188,0.737891737891738,0.6961374332349755,-0.0417543046567625,0.7267074007896601,0.6801211609077278,0.6207045740865257,0.6767693585470164,0.0560647844604906,0.2145041163875216,0.2337315831949761,0.0192274668074544,0.0064872564872564,0.0033903764659697,0.0017459443828451,0.0129512335639556,-0.0095608570979859,0.2728074753735883,0.0048749543000618,-0.000649818279524,0.0180419979678908,-0.0131670436678289,0.0048757287225364,0.0180614612393438,-0.0131857325168074,0.0045370479603164,0.0052128606398073,0.0095495238572115,0.0265344720785701,80,80,0.5011459129106188,target_prevalence,0.0062791053429252,0.013099975742922,-0.0068208703999967,-0.0081908637489913,-0.0027399866979891,"{""class_weight"": ""balanced"", ""colsample_bytree"": 1.0, ""deterministic"": true, ""force_col_wise"": true, ""learning_rate"": 0.035, ""min_child_samples"": 12, ""n_estimators"": 180, ""n_jobs"": 1, ""num_leaves"": 15, ""objective"": ""binary"", ""reg_lambda"": 1.0, ""subsample"": 1.0, ""verbosity"": -1}",7340a032adf73dcca6285d723e7b8782f8c2625f4216107ab44a30759e1137a7,0.049062273576646,0.2629821626793486,-0.2139198891027025,0.8285714285714284,0.3857142857142857,0.6666666666666666,0.0,0.8286022323357651,0.6076839047681245,3.5161961364350405,3.447380608487781,-0.0688155279472595,4.440892098500626e-15,False
9,2,1,6,FFF,B,2013B,2014B,56,logistic,source_train_only_activity_types,13,0,,1,clicks_oucollaborate,1407,1257,984,423,160,0.4442075337597725,0.4797136038186158,0.778315980081485,0.762961441518199,-0.0153545385632859,0.7468002761363998,0.7101441239226324,0.5759674111795128,0.6392522671714986,0.0632848559919858,0.193772033699114,0.205689866388539,0.011917832689425,0.0127885921231325,0.0512911646399973,0.0017197377377363,0.0158777912528456,0.0354133733871516,0.2002331837720484,0.0533875720417827,0.0020763046735726,0.0304433389848856,0.022944233056897,0.0532973334236034,0.0304842044448513,0.0228131289787521,0.0511634555113642,0.0556116885722012,0.0314505523805107,0.0294361255892605,80,80,0.4797136038186158,target_prevalence,0.0309711297342389,0.0182333749129026,0.0127377548213363,0.0240755641042439,0.0226756185658153,"{""C"": 1.0, ""class_weight"": ""balanced"", ""max_iter"": 5000, ""solver"": ""lbfgs""}",0ec0160f1649f42124ca093cb28e50d00a77309027bbdbb0b9ac6257ff1aa269,0.05231849623338,0.3036328818977927,-0.2513143856644126,0.891737891737892,0.3846153846153846,0.6666666666666666,0.4285714285714285,0.1689570930914241,0.721001665497076,6.012208652116146,6.045730240120965,0.0335215880048185,1.4210854715202004e-14,False
9,2,1,6,FFF,B,2013B,2014B,56,lightgbm,source_train_only_activity_types,13,0,,1,clicks_oucollaborate,1407,1257,984,423,160,0.4442075337597725,0.4797136038186158,0.7816659121774558,0.7594481719841162,-0.0222177401933396,0.7623319909644222,0.7346319901371484,0.55420345324964,0.620220908043665,0.0660174547940249,0.1900092891650401,0.2055609476450396,0.0155516584799994,0.009687641466727,0.014974635482886,0.0001869193089767,0.0098180156054876,0.0051566198773984,0.2573591784108585,0.0128567647730604,0.0016821265815144,0.0210074668947006,-0.0081507021216402,0.0129454125279405,0.0212713770003517,-0.0083259644724112,0.0150416712021643,0.0106718583439564,0.027512074792807,0.0145028589965943,80,80,0.4797136038186158,target_prevalence,0.0185618321835294,0.011369124263219,0.0071927079203104,0.0061746638988544,-0.0020360880429119,"{""class_weight"": ""balanced"", ""colsample_bytree"": 1.0, ""deterministic"": true, ""force_col_wise"": true, ""learning_rate"": 0.035, ""min_child_samples"": 12, ""n_estimators"": 180, ""n_jobs"": 1, ""num_leaves"": 15, ""objective"": ""binary"", ""reg_lambda"": 1.0, ""subsample"": 1.0, ""verbosity"": -1}",7340a032adf73dcca6285d723e7b8782f8c2625f4216107ab44a30759e1137a7,0.0978333958437604,0.263678236418631,-0.1658448405748706,0.8461538461538463,0.5534955703141141,0.6666666666666666,0.4285714285714285,0.5760536129568214,0.6650517162080056,3.6903501923992352,4.10050941016762,0.4101592177683844,7.549516567451064e-15,False
9,2,1,7,FFF,J,2013J,2014J,14,logistic,source_train_only_activity_types,13,0,,1,clicks_htmlactivity,1998,1886,1398,600,160,0.4519519519519519,0.4077412513255567,0.7379513004856493,0.7474728542107842,0.0095215537251349,0.6877976571061193,0.6455831856000638,0.6174512894410945,0.603472895106669,-0.0139783943344254,0.2097387798336304,0.2066416214185256,-0.0030971584151047,0.0066622550723987,0.010234188911256,-0.0002393988260784,0.0089291109482713,0.0013050779629847,0.2303495530499831,0.0020660456670134,0.005651675838553,0.0232174140398218,-0.0211513683728083,0.0022240303897204,0.0244757058392432,-0.0222516754495228,0.0029222502274309,0.0012098411065959,0.0300367770677204,0.0163980510119232,80,80,0.4077412513255567,target_prevalence,0.0057399035568824,0.0085629769860605,-0.002823073429178,-0.0007589977330966,0.0041281513921628,"{""C"": 1.0, ""class_weight"": ""balanced"", ""max_iter"": 5000, ""solver"": ""lbfgs""}",0ec0160f1649f42124ca093cb28e50d00a77309027bbdbb0b9ac6257ff1aa269,0.0540167963376435,0.2903137767730614,-0.2362969804354179,0.9316239316239318,0.50997150997151,1.0,0.4285714285714285,0.324480600497911,0.7665698360346663,3.2601878813165657,3.111822739436728,-0.1483651418798377,1.7763568394002505e-15,False
9,2,1,7,FFF,J,2013J,2014J,14,lightgbm,source_train_only_activity_types,13,0,,1,clicks_htmlactivity,1998,1886,1398,600,160,0.4519519519519519,0.4077412513255567,0.7219013223566886,0.7124810675073605,-0.009420254849328,0.6890330099827385,0.6307519928724292,0.6238052736191838,0.6236060016801844,-0.0001992719389993,0.2147399165766818,0.2134333446484743,-0.0013065719282074,0.0213887549209836,0.0177219110068536,-0.0006327688726687,0.0103553682658522,0.0073665427410013,0.2661406412506384,0.0181850333773619,0.0024193475448999,0.0157312081920694,0.0024538251852924,0.018121327729284,0.0156511102949115,0.0024702174343725,0.0178397780547329,0.0185302886999909,0.0152971144160926,0.0161653019680462,80,80,0.4077412513255567,target_prevalence,0.0103575500513085,0.0096439314387815,0.000713618612527,0.0040400806767641,0.0066529241284743,"{""class_weight"": ""balanced"", ""colsample_bytree"": 1.0, ""deterministic"": true, ""force_col_wise"": true, ""learning_rate"": 0.035, ""min_child_samples"": 12, ""n_estimators"": 180, ""n_jobs"": 1, ""num_leaves"": 15, ""objective"": ""binary"", ""reg_lambda"": 1.0, ""subsample"": 1.0, ""verbosity"": -1}",7340a032adf73dcca6285d723e7b8782f8c2625f4216107ab44a30759e1137a7,0.0816430717110539,0.2672894815883067,-0.1856464098772527,0.8914285714285712,0.4527239214983896,0.4285714285714285,0.25,0.611998575492133,0.5161208372378976,2.914863632042869,2.948901469640862,0.0340378375979928,4.440892098500626e-15,True
9,2,1,7,FFF,J,2013J,2014J,56,logistic,source_train_only_activity_types,14,0,,1,clicks_htmlactivity,1915,1793,1340,575,160,0.4281984334203655,0.3770217512548801,0.7663775421948749,0.7801857257128932,0.0138081835180183,0.7362111345961395,0.6981739030618962,0.586434334031029,0.5536404444119793,-0.0327938896190496,0.2002686335653415,0.1861942391879828,-0.0140743943773587,0.0060048928756764,0.0280567131477746,-0.0013386217369836,0.0248695396760512,0.0031871734717234,0.2634651732790695,0.0251311039839434,-0.0006637143528978,0.0383206741572767,-0.0131895701733333,0.0261768900547869,0.0342412931028851,-0.0080644030480981,0.0293830187799128,0.0208791891879739,0.0217348913216211,0.0549064569929322,80,80,0.3770217512548801,target_prevalence,0.0208230849883561,0.023512748476553,-0.0026896634881968,0.0002487549917632,0.0058768369599203,"{""C"": 1.0, ""class_weight"": ""balanced"", ""max_iter"": 5000, ""solver"": ""lbfgs""}",0ec0160f1649f42124ca093cb28e50d00a77309027bbdbb0b9ac6257ff1aa269,0.0787735686913049,0.2826074617772043,-0.2038338930858993,0.9047619047619048,0.5291005291005291,0.6666666666666666,0.4285714285714285,0.7282043568085389,0.5690142430700987,4.687734540867194,4.600331378991979,-0.0874031618752155,2.664535259100376e-15,False
9,2,1,7,FFF,J,2013J,2014J,56,lightgbm,source_train_only_activity_types,14,0,,1,clicks_htmlactivity,1915,1793,1340,575,160,0.4281984334203655,0.3770217512548801,0.759581881533101,0.752469897707829,-0.007111983825272,0.7160491321277743,0.6808242668156776,0.6031367660345252,0.5857229902055489,-0.0174137758289762,0.2063925442515829,0.2000310721280855,-0.0063614721234973,0.0126275730842413,0.0234416283997072,-6.831595957867975e-05,0.0067863842924401,0.0166552441072671,0.2331993495380384,0.0253459699901358,-0.0021715170640549,0.0102832115439469,0.0150627584461888,0.0293262377482403,0.0098587201739845,0.0194675175742557,0.0415287819862387,0.0091631579940328,0.0085573316656192,0.0120090914222745,80,80,0.3770217512548801,target_prevalence,0.0195256013196634,0.0085725103975766,0.0109530909220867,0.0138041675146769,0.0057021531851803,"{""class_weight"": ""balanced"", ""colsample_bytree"": 1.0, ""deterministic"": true, ""force_col_wise"": true, ""learning_rate"": 0.035, ""min_child_samples"": 12, ""n_estimators"": 180, ""n_jobs"": 1, ""num_leaves"": 15, ""objective"": ""binary"", ""reg_lambda"": 1.0, ""subsample"": 1.0, ""verbosity"": -1}",7340a032adf73dcca6285d723e7b8782f8c2625f4216107ab44a30759e1137a7,0.0620534881260398,0.2611152860271855,-0.1990617979011456,0.9576719576719576,0.619047619047619,1.0,0.25,0.7495677449628354,0.759370582672513,3.546686360421419,3.449100777246356,-0.0975855831750629,6.217248937900877e-15,True
9,2,1,8,GGG,J,2013J,2014J,14,logistic,source_train_only_activity_types,6,0,,1,clicks_quiz,926,719,648,278,134,0.3606911447084233,0.3824756606397774,0.615561797752809,0.5993939393939394,-0.0161678583588695,0.4552683042201654,0.4720836320099927,0.6896506929406032,0.7053845580796839,0.0157338651390807,0.2462203215800809,0.2528288342796233,0.0066085126995424,0.0243258426966291,0.0232793759441499,-0.0023340058468348,0.0116187068538287,0.0116606690903212,0.24585476387796,0.0031718289358372,-0.0034436505087267,0.0090471749557988,-0.0058753460199615,0.0036529272076973,0.0091200569773544,-0.0054671297696571,0.0052186316427448,0.0011250262289296,0.009357246988334,0.0087371029232636,80,50,0.3824756606397774,target_prevalence,0.0208742797584257,0.0085351664457901,0.0123391133126356,0.0119998912014784,-0.0006784442223144,"{""C"": 1.0, ""class_weight"": ""balanced"", ""max_iter"": 5000, ""solver"": ""lbfgs""}",0ec0160f1649f42124ca093cb28e50d00a77309027bbdbb0b9ac6257ff1aa269,0.0975414017883803,0.3165410882989335,-0.2189996865105532,0.9157894736842106,0.5684210526315789,1.0,0.6666666666666666,0.3470846497106914,0.3358440384163058,2.7978940523137505,3.421727909098029,0.6238338567842789,5.3290705182007506e-15,True
9,2,1,8,GGG,J,2013J,2014J,14,lightgbm,source_train_only_activity_types,6,0,,1,clicks_quiz,926,719,648,278,134,0.3606911447084233,0.3824756606397774,0.6090449438202248,0.6030507780507781,-0.0059941657694466,0.4955055508502184,0.5002739640567997,0.7256128065869878,0.8731525024294897,0.1475396958425019,0.2510381207220941,0.3075121371027959,0.0564740163807017,0.0167977528089888,0.0923682565330392,-0.0021186190922466,0.0117302528423444,0.0806380036906947,0.3563562778928287,0.0809591126703567,-0.0008699928430032,0.0136490997158854,0.0673100129544713,0.0762341486988833,0.0141618330401631,0.0620723156587202,0.0608570470165734,0.10106117832414,0.0158304917878124,0.0114677076439584,80,50,0.3824756606397774,target_prevalence,0.0239073623180595,0.0141981254842926,0.0097092368337668,0.0451736202622308,0.0709287668569279,"{""class_weight"": ""balanced"", ""colsample_bytree"": 1.0, ""deterministic"": true, ""force_col_wise"": true, ""learning_rate"": 0.035, ""min_child_samples"": 12, ""n_estimators"": 180, ""n_jobs"": 1, ""num_leaves"": 15, ""objective"": ""binary"", ""reg_lambda"": 1.0, ""subsample"": 1.0, ""verbosity"": -1}",7340a032adf73dcca6285d723e7b8782f8c2625f4216107ab44a30759e1137a7,0.1644025732238687,0.2289456674412416,-0.0645430942173728,0.968421052631579,0.6947368421052632,1.0,0.4285714285714285,0.86966869051486,0.3634536352157724,2.6771566613776483,3.083437266839075,0.4062806054614265,8.437694987151191e-15,True
9,2,1,8,GGG,J,2013J,2014J,56,logistic,source_train_only_activity_types,6,0,,1,clicks_quiz,919,698,643,276,136,0.3558215451577802,0.3638968481375358,0.6724948406328823,0.6496683691565581,-0.0228264714763242,0.4874164437968536,0.4980796348419251,0.6473991045492751,0.6914068397163858,0.0440077351671107,0.2261466020266596,0.24180561999429,0.0156590179676304,0.0146755331346021,0.0205647853472801,0.0027548007221177,0.0228535129326249,-0.0022887275853447,0.262463767402766,0.0335616749587117,-0.0014364880962337,0.0316811236809713,0.0018805512777403,0.0320759365687441,0.0291673295048455,0.0029086070638985,0.028103541294515,0.0390198086229083,0.0224462377076251,0.0409160096543176,80,49,0.3638968481375358,target_prevalence,0.015801568680588,0.0225434810559774,-0.0067419123753894,-0.004515319980367,0.0044531847900446,"{""C"": 1.0, ""class_weight"": ""balanced"", ""max_iter"": 5000, ""solver"": ""lbfgs""}",0ec0160f1649f42124ca093cb28e50d00a77309027bbdbb0b9ac6257ff1aa269,0.0605217672264473,0.3126344724195792,-0.2521127051931319,0.9578947368421054,0.6526315789473685,1.0,0.6666666666666666,0.1627876269469775,0.3869465222001537,3.927923946123808,4.770723778770116,0.8427998326463082,5.3290705182007506e-15,False
9,2,1,8,GGG,J,2013J,2014J,56,lightgbm,source_train_only_activity_types,6,0,,1,clicks_quiz,919,698,643,276,136,0.3558215451577802,0.3638968481375358,0.6514560880531988,0.6138894800312124,-0.0375666080219864,0.4868111339555424,0.4373756617904338,0.6968416958738809,0.768495257606473,0.071653561732592,0.2428210955112181,0.2634573318373225,0.0206362363261044,0.030554918596652,0.0063290556435749,-0.0003834406867942,0.0091827540456668,-0.0028536984020918,0.364873132214734,0.0177363111360895,0.0014710315856491,0.0174531068081957,0.0002832043278938,0.0219466606970704,0.0158357313016154,0.006110929395455,0.0332038058390615,0.0022688164331174,0.0115113799471798,0.0233948336692115,80,49,0.3638968481375358,target_prevalence,0.0232097920295785,0.0148823500424731,0.0083274419871054,0.0027368717925068,-0.0111811403891972,"{""class_weight"": ""balanced"", ""colsample_bytree"": 1.0, ""deterministic"": true, ""force_col_wise"": true, ""learning_rate"": 0.035, ""min_child_samples"": 12, ""n_estimators"": 180, ""n_jobs"": 1, ""num_leaves"": 15, ""objective"": ""binary"", ""reg_lambda"": 1.0, ""subsample"": 1.0, ""verbosity"": -1}",7340a032adf73dcca6285d723e7b8782f8c2625f4216107ab44a30759e1137a7,0.0776314545993004,0.2033846403219272,-0.1257531857226267,0.9052631578947368,0.6421052631578947,1.0,0.4285714285714285,0.8282571884254493,0.6602708856643452,3.1791296202919845,3.5729728045710565,0.3938431842790719,7.993605777301127e-15,False
10,2,2,0,AAA,J,2013J,2014J,14,logistic,source_train_only_activity_types,9,0,,0,,370,350,259,111,53,0.2486486486486486,0.2771428571428571,0.6204819277108433,0.6020944541787212,-0.0183874735321221,0.3809544700365724,0.3653770440956496,0.7145040751851469,0.8002900971762678,0.0857860219911208,0.2428742670041856,0.2744901681622089,0.0316159011580232,0.0890705679862304,-0.0049207351730461,0.0058850580699518,0.0315606429629592,-0.0364813781360054,0.2987229130123094,-0.0154466721850735,-0.0172395926068781,0.0232580464226301,-0.0387047186077036,-0.0104246677201339,0.0210556117885987,-0.0314802795087326,-0.004179354475273,-0.0267139898948741,0.0183166866667904,0.0281994061784697,41,14,0.2771428571428571,target_prevalence,-0.0048814998386883,0.0321169019543627,-0.0369984017930511,-0.0367398899645283,0.0005170236570456,"{""C"": 1.0, ""class_weight"": ""balanced"", ""max_iter"": 5000, ""solver"": ""lbfgs""}",0ec0160f1649f42124ca093cb28e50d00a77309027bbdbb0b9ac6257ff1aa269,0.0832604010249295,0.3498635796520457,-0.2666031786271161,0.8656126482213439,0.3754940711462451,0.6666666666666666,0.4285714285714285,0.3808405865884458,0.274101259014908,7.947954167989589,8.728709931951656,0.780755763962067,7.105427357601002e-15,False
10,2,2,0,AAA,J,2013J,2014J,14,lightgbm,source_train_only_activity_types,9,0,,0,,370,350,259,111,53,0.2486486486486486,0.2771428571428571,0.5301204819277109,0.6093476223462776,0.0792271404185667,0.2786302691834792,0.3964873871183557,0.8156305078190879,0.7428916461579542,-0.0727388616611336,0.2645634579572228,0.2450306696303708,-0.0195327883268519,0.0546471600688467,0.0006808199929881,-0.0051296445966405,0.009765987598394,-0.0090851676054058,0.3243790452754026,-0.0135738075077376,0.0044753437536038,0.0006276961198959,-0.0142015036276336,-0.0078364093170018,0.00487921096158,-0.0127156202785819,-0.0007014397721125,-0.0264461752433626,0.0101663512134179,-0.0089109589736259,41,14,0.2771428571428571,target_prevalence,0.0026872287465719,0.0088505741766451,-0.0061633454300731,-0.0076242565177395,-0.0029218221753326,"{""class_weight"": ""balanced"", ""colsample_bytree"": 1.0, ""deterministic"": true, ""force_col_wise"": true, ""learning_rate"": 0.035, ""min_child_samples"": 12, ""n_estimators"": 180, ""n_jobs"": 1, ""num_leaves"": 15, ""objective"": ""binary"", ""reg_lambda"": 1.0, ""subsample"": 1.0, ""verbosity"": -1}",7340a032adf73dcca6285d723e7b8782f8c2625f4216107ab44a30759e1137a7,0.0801431245452469,0.306750973039789,-0.2266078484945421,0.896,0.4223141086314857,0.6666666666666666,0.25,0.8374725373083219,0.6727053401411989,4.434759863319803,4.7219843645118,0.2872245011919974,6.217248937900877e-15,False
10,2,2,0,AAA,J,2013J,2014J,56,logistic,source_train_only_activity_types,9,0,,0,,365,342,255,110,52,0.2383561643835616,0.260233918128655,0.6195054945054945,0.6454678687214105,0.0259623742159159,0.3870214415228789,0.4319072329499959,0.8299433999767527,0.7666607276982728,-0.0632826722784799,0.2629133449376371,0.2549472249543293,-0.0079661199833077,0.0265567765567765,0.0025333675314905,0.0073884148079176,0.0316172542524352,-0.0290838867209446,0.4304507872378451,-0.0063648345248388,-0.0024603586638796,0.0512255611883072,-0.0575903957131461,-0.0005774223666299,0.0393378087275322,-0.0399152310941621,0.0057040371709382,-0.0184337062206159,0.0264352481298617,0.0760158742467528,42,13,0.260233918128655,target_prevalence,-0.0006778105237339,0.0270222273911134,-0.0277000379148473,-0.028391962317896,-0.0013838488060972,"{""C"": 1.0, ""class_weight"": ""balanced"", ""max_iter"": 5000, ""solver"": ""lbfgs""}",0ec0160f1649f42124ca093cb28e50d00a77309027bbdbb0b9ac6257ff1aa269,0.0869062658956257,0.3913039116754737,-0.3043976457798479,0.8498023715415021,0.2173913043478261,0.6666666666666666,0.25,0.7555283062036481,0.4933251888689893,6.163244026592526,5.865817421913913,-0.2974266046786127,2.220446049250313e-15,False
10,2,2,0,AAA,J,2013J,2014J,56,lightgbm,source_train_only_activity_types,9,0,,0,,365,342,255,110,52,0.2383561643835616,0.260233918128655,0.5984432234432235,0.6304125771639206,0.031969353720697,0.3732288164980755,0.3937683958266832,0.821147835711263,0.8654256613995907,0.0442778256883276,0.2308228210577111,0.2563865900072046,0.0255637689494935,0.0325091575091576,0.0111146181676379,0.0044893445473085,0.028258228105782,-0.0171436099381441,0.3731924123067955,0.0034383939741758,-0.009824494388779,0.0144957141385154,-0.0110573201643395,-0.0002538667463663,0.0137868107279649,-0.0140406774743313,-0.0042613204552475,0.0111381084035993,0.0130173911726113,0.0159740371044195,42,13,0.260233918128655,target_prevalence,0.0096265900119107,0.0143325492408966,-0.0047059592289858,-0.0109247845835649,-0.0124376507091582,"{""class_weight"": ""balanced"", ""colsample_bytree"": 1.0, ""deterministic"": true, ""force_col_wise"": true, ""learning_rate"": 0.035, ""min_child_samples"": 12, ""n_estimators"": 180, ""n_jobs"": 1, ""num_leaves"": 15, ""objective"": ""binary"", ""reg_lambda"": 1.0, ""subsample"": 1.0, ""verbosity"": -1}",7340a032adf73dcca6285d723e7b8782f8c2625f4216107ab44a30759e1137a7,0.0867959086394407,0.2844144482736692,-0.1976185396342285,0.9051383399209486,0.6099021858695888,0.6666666666666666,0.4285714285714285,0.5129139038271985,0.3674149659226726,4.40364766434981,4.608452254891288,0.2048045905414781,8.437694987151191e-15,False
10,2,2,1,BBB,B,2013B,2014B,14,logistic,source_train_only_activity_types,10,0,,1,clicks_oucollaborate,1606,1289,1124,482,160,0.5006226650062267,0.4375484871993794,0.7339405313269399,0.6617241379310345,-0.0722163933959054,0.7348830681820575,0.5934288740519557,0.6077398505747859,0.6976225068556982,0.0898826562809123,0.2095940953556724,0.245365365820189,0.0357712704645166,0.0125858714553813,0.0045012284321947,0.0010438415185524,0.02345125846798,-0.0189500300357852,0.2391632053561681,0.0101157289707448,0.0055448296136485,0.0346989471240705,-0.0245832181533257,0.0096163320812279,0.0315827386202366,-0.0219664065390087,0.0061174520105753,0.0141140059309142,0.0097499237610774,0.0596479704870635,80,80,0.4375484871993794,target_prevalence,0.0201820115195363,0.0187364740372141,0.0014455374823222,-0.0087522462767315,-0.0203955675181075,"{""C"": 1.0, ""class_weight"": ""balanced"", ""max_iter"": 5000, ""solver"": ""lbfgs""}",0ec0160f1649f42124ca093cb28e50d00a77309027bbdbb0b9ac6257ff1aa269,0.1153836505395107,0.2129153970020041,-0.0975317464624934,0.8478260869565217,0.7246376811594203,1.0,0.6666666666666666,0.4968823722245575,0.2662069103501585,3.9337145154255686,3.831101024936181,-0.102613490489388,3.552713678800501e-15,False
10,2,2,1,BBB,B,2013B,2014B,14,lightgbm,source_train_only_activity_types,10,0,,1,clicks_oucollaborate,1606,1289,1124,482,160,0.5006226650062267,0.4375484871993794,0.7429624145589779,0.675542920029347,-0.0674194945296309,0.7586188283793904,0.6061536259144038,0.6228355363235188,0.7210512163307665,0.0982156800072476,0.2128217277445936,0.2496845145528405,0.0368627868082469,0.0066544997503485,0.0033138433717596,-0.0026515454498926,0.0292662780704062,-0.0259524346986465,0.2981680182257831,0.0096178279210599,-0.0011221134009815,0.0403506921328692,-0.0307328642118092,0.0100236499307043,0.0407787365060226,-0.0307550865753183,0.0128669246318152,0.0063687312103047,0.0437777057787993,0.0369236784869392,80,80,0.4375484871993794,target_prevalence,0.011305296290407,0.0273964018964092,-0.0160911056060021,-0.0210217701523243,-0.0098613290926443,"{""class_weight"": ""balanced"", ""colsample_bytree"": 1.0, ""deterministic"": true, ""force_col_wise"": true, ""learning_rate"": 0.035, ""min_child_samples"": 12, ""n_estimators"": 180, ""n_jobs"": 1, ""num_leaves"": 15, ""objective"": ""binary"", ""reg_lambda"": 1.0, ""subsample"": 1.0, ""verbosity"": -1}",7340a032adf73dcca6285d723e7b8782f8c2625f4216107ab44a30759e1137a7,0.0605323599905248,0.2804804674519454,-0.2199481074614205,0.9127272727272724,0.7513623989430497,0.4285714285714285,0.6666666666666666,0.684345485098889,0.6505839319326279,3.0098285858434046,3.0337478296498697,0.023919243806465,6.661338147750939e-15,False
10,2,2,1,BBB,B,2013B,2014B,56,logistic,source_train_only_activity_types,10,0,,1,clicks_oucollaborate,1470,1247,1029,441,160,0.454421768707483,0.4170008019246191,0.7730912863070538,0.7508993757274363,-0.0221919105796175,0.7527964924210342,0.7045486564474036,0.5826545082703004,0.6404883519537372,0.0578338436834368,0.1962447841261501,0.21039944287458,0.0141546587484299,0.003298755186722,0.0188875445252862,-0.0020249592623579,0.0094346111925266,0.0094529333327596,0.1931630926312535,0.0255171493137747,-0.0003678342941847,0.0132855887616244,0.0122315605521502,0.0292566299081719,0.0125364941151315,0.0167201357930404,0.04804435849838,0.0029899401291694,0.0087729268090799,0.017798250714169,80,80,0.4170008019246191,target_prevalence,0.0276686869169579,0.0092813104938835,0.0183873764230743,0.013920154877917,-0.0089344430903147,"{""C"": 1.0, ""class_weight"": ""balanced"", ""max_iter"": 5000, ""solver"": ""lbfgs""}",0ec0160f1649f42124ca093cb28e50d00a77309027bbdbb0b9ac6257ff1aa269,0.1658439159116085,0.3128108126524974,-0.1469668967408889,0.8550724637681159,0.4275362318840579,0.6666666666666666,0.6666666666666666,0.4444937349549014,0.4226104394793993,4.580833667461411,4.9374099668614,0.3565762993999897,3.552713678800501e-15,False
10,2,2,1,BBB,B,2013B,2014B,56,lightgbm,source_train_only_activity_types,10,0,,1,clicks_oucollaborate,1470,1247,1029,441,160,0.454421768707483,0.4170008019246191,0.7407261410788382,0.7416596127393926,0.0009334716605544,0.7648047932555003,0.7251417669857536,0.5961880574753405,0.6337202368039649,0.0375321793286244,0.2075855598632852,0.2206063615728774,0.0130208017095922,0.0272199170124481,0.0049305426214792,0.0018543932147017,0.0115711098394557,-0.0066405672179765,0.2414513330119113,0.0028529337519253,-0.0032594647366976,0.0091737669342137,-0.0063208331822883,0.0034547694237505,0.0092482926109276,-0.0057935231871771,0.0064784848763988,-0.0007726173725481,0.0096227211316159,0.0087248127368114,80,80,0.4170008019246191,target_prevalence,0.0124502967408551,0.0119292201430312,0.0005210765978239,-0.0030597453100762,-0.0071616438158004,"{""class_weight"": ""balanced"", ""colsample_bytree"": 1.0, ""deterministic"": true, ""force_col_wise"": true, ""learning_rate"": 0.035, ""min_child_samples"": 12, ""n_estimators"": 180, ""n_jobs"": 1, ""num_leaves"": 15, ""objective"": ""binary"", ""reg_lambda"": 1.0, ""subsample"": 1.0, ""verbosity"": -1}",7340a032adf73dcca6285d723e7b8782f8c2625f4216107ab44a30759e1137a7,0.0660660747249592,0.1959094619117877,-0.1298433871868284,0.9130434782608696,0.5507246376811594,1.0,0.6666666666666666,0.7699393700027551,0.4120141873622508,3.4770129370232583,3.5822264423893104,0.1052135053660521,1.021405182655144e-14,False
10,2,2,2,BBB,J,2013J,2014J,14,logistic,source_train_only_activity_types,10,0,,0,,1851,1791,1295,556,160,0.4219340896812534,0.3618090452261306,0.6811360774176444,0.6428886782670685,-0.0382473991505758,0.6122856350218191,0.5081683929707655,0.6750357514602966,0.8490768790736652,0.1740411276133686,0.2303065084192134,0.2451635122917753,0.0148570038725618,0.0116259030953801,0.1324510328312825,0.0003164221606072,0.0068551022398503,0.1255959305914322,0.1941653578543136,0.1154243562714231,0.0016936958237366,0.0145096512806031,0.10091470499082,0.1290242972893622,0.0126126436660921,0.11641165362327,0.1646314155908755,0.0662172969519707,0.007645932820827,0.0213733697403791,80,80,0.3618090452261306,target_prevalence,0.1534988453580138,0.0083519032548801,0.1451469421031336,0.1353714363472829,-0.0195510115117014,"{""C"": 1.0, ""class_weight"": ""balanced"", ""max_iter"": 5000, ""solver"": ""lbfgs""}",0ec0160f1649f42124ca093cb28e50d00a77309027bbdbb0b9ac6257ff1aa269,0.3440885484310156,0.2138068393685088,0.1302817090625067,0.8043478260869565,0.6304347826086957,0.6666666666666666,0.6666666666666666,0.1571719847514893,0.7772632188129056,3.698258160356596,5.0451754919907215,1.346917331634126,7.105427357601002e-15,False
10,2,2,2,BBB,J,2013J,2014J,14,lightgbm,source_train_only_activity_types,10,0,,0,,1851,1791,1295,556,160,0.4219340896812534,0.3618090452261306,0.7030821236826407,0.6361244774958685,-0.0669576461867721,0.6245740923914653,0.4979502052867359,0.6347819074380332,0.6744499289099197,0.0396680214718865,0.2188103456122435,0.2361088634805526,0.0172985178683091,0.0231855239610261,0.0118124670956604,-0.0017019210806821,0.0042104303734712,0.0076020367221891,0.245959840577894,0.0157815824333433,-0.0010497040049849,0.0073108885052897,0.0084706939280536,0.0179026807722987,0.0071814912302029,0.0107211895420958,0.0234561018779275,0.0081070629887592,0.0068427056372484,0.0077790713733309,80,80,0.3618090452261306,target_prevalence,0.0509116801252055,0.0050068395935608,0.0459048405316446,0.0267534386269169,-0.0383028038094555,"{""class_weight"": ""balanced"", ""colsample_bytree"": 1.0, ""deterministic"": true, ""force_col_wise"": true, ""learning_rate"": 0.035, ""min_child_samples"": 12, ""n_estimators"": 180, ""n_jobs"": 1, ""num_leaves"": 15, ""objective"": ""binary"", ""reg_lambda"": 1.0, ""subsample"": 1.0, ""verbosity"": -1}",7340a032adf73dcca6285d723e7b8782f8c2625f4216107ab44a30759e1137a7,0.099233692977255,0.1724135801864972,-0.0731798872092421,0.7608695652173914,0.7246376811594203,0.4285714285714285,0.6666666666666666,0.5879936028844998,0.5024485753724739,2.6690540539954903,2.694460934891075,0.0254068808955847,5.3290705182007506e-15,False
10,2,2,2,BBB,J,2013J,2014J,56,logistic,source_train_only_activity_types,10,0,,0,,1785,1750,1249,536,160,0.3994397759103641,0.3417142857142857,0.7266355140186915,0.6896396553325901,-0.0369958586861014,0.6558226720670086,0.5584962959933518,0.6096043779896163,0.8516796644383471,0.2420752864487307,0.2103868897623173,0.2295780685079478,0.0191911787456305,0.0026266906600105,0.1591758248551105,-0.0025777773496871,0.0005779547952399,0.1585978700598705,0.1667080279895925,0.1673420447791346,-0.002737936966617,0.0046739395993976,0.162668105179737,0.1876088219287265,0.003778556671495,0.1838302652572314,0.2313616476884952,0.103322441869774,0.0018455639246151,0.0075023152741801,80,80,0.3417142857142857,target_prevalence,0.059037080275265,-4.327567479311956e-05,0.0590803559500581,0.1088391130049643,0.0995175141098124,"{""C"": 1.0, ""class_weight"": ""balanced"", ""max_iter"": 5000, ""solver"": ""lbfgs""}",0ec0160f1649f42124ca093cb28e50d00a77309027bbdbb0b9ac6257ff1aa269,0.37668474922854,0.2389453843708899,0.1377393648576501,0.7318840579710145,0.5869565217391304,0.4285714285714285,0.6666666666666666,0.0892373044283157,0.6524091595519208,3.661758917893741,5.728235066981575,2.0664761490878334,7.105427357601002e-15,False
10,2,2,2,BBB,J,2013J,2014J,56,lightgbm,source_train_only_activity_types,10,0,,0,,1785,1750,1249,536,160,0.3994397759103641,0.3417142857142857,0.7303651245138445,0.6625629993496842,-0.0678021251641602,0.6990436081042519,0.512362780340083,0.6067563825238342,0.8699867454728392,0.2632303629490049,0.2061434355482373,0.3009329675065977,0.0947895319583604,0.0122917513206013,0.1187586788696669,3.9647969590661525e-05,0.0038341945474998,0.1149244843221671,0.232915785291782,0.1423364683485793,-0.0005194105822528,0.0062959992770576,0.1360404690715217,0.1600557305397208,0.0064708732392881,0.1535848573004327,0.1983088669668061,0.0863640697303525,0.0068483989772441,0.005743599576871,80,80,0.3417142857142857,target_prevalence,0.0742123059508481,0.008812883440577,0.065399422510271,0.0901619534162191,0.049525061811896,"{""class_weight"": ""balanced"", ""colsample_bytree"": 1.0, ""deterministic"": true, ""force_col_wise"": true, ""learning_rate"": 0.035, ""min_child_samples"": 12, ""n_estimators"": 180, ""n_jobs"": 1, ""num_leaves"": 15, ""objective"": ""binary"", ""reg_lambda"": 1.0, ""subsample"": 1.0, ""verbosity"": -1}",7340a032adf73dcca6285d723e7b8782f8c2625f4216107ab44a30759e1137a7,0.1724585598939779,0.1687682953783406,0.0036902645156373,0.7463768115942029,0.7246376811594203,0.6666666666666666,0.4285714285714285,0.8626484013929954,0.4430033507532177,3.465615041221342,3.958111207860288,0.4924961666389458,1.1768364061026661e-14,False
10,2,2,3,DDD,B,2013B,2014B,14,logistic,source_train_only_activity_types,11,0,,1,clicks_oucollaborate,1197,1050,837,360,160,0.5747702589807853,0.5447619047619048,0.6998200246282087,0.6743679960207156,-0.025452028607493,0.7492040135782236,0.699039554677497,0.6499298751567708,0.6928057192230792,0.0428758440663084,0.2246817377347133,0.2377286321671995,0.0130468944324861,0.0238072684790503,0.007524244327183,-3.971109680478424e-05,0.0138555067864749,-0.0063312624592918,0.1861737923889728,0.0127945122555409,-0.0001080107616717,0.0183273845859418,-0.0055328723304009,0.0130947914868014,0.0192702162135726,-0.0061754247267712,0.0094403293531629,0.0161486951579188,0.007795754702832,0.0288590144690517,76,80,0.5447619047619048,target_prevalence,0.0101322347686969,0.0106030636306892,-0.0004708288619922,-0.003401045660642,-0.0058604335972995,"{""C"": 1.0, ""class_weight"": ""balanced"", ""max_iter"": 5000, ""solver"": ""lbfgs""}",0ec0160f1649f42124ca093cb28e50d00a77309027bbdbb0b9ac6257ff1aa269,0.047410508394107,0.2527457013788313,-0.2053351929847242,0.9333333333333332,0.5199999999999999,1.0,0.4285714285714285,0.911899670906391,0.7371409257738271,5.750081340804711,5.422982074246378,-0.3270992665583323,4.163336342344337e-15,False
10,2,2,3,DDD,B,2013B,2014B,14,lightgbm,source_train_only_activity_types,11,0,,1,clicks_oucollaborate,1197,1050,837,360,160,0.5747702589807853,0.5447619047619048,0.6901266142527864,0.6687757848845715,-0.0213508293682149,0.7288882824696693,0.6924290496951374,0.6908661822403618,0.7049889675548245,0.0141227853144627,0.2366885875117322,0.2441966880902058,0.0075081005784735,0.0101986044015029,0.0036325264537799,0.001300779849315,0.0124485328023239,-0.008816006348544,0.2754378267429052,0.0072967691012199,-0.0009149172574062,0.0149864495281707,-0.0076896804269508,0.0075249295909679,0.0150908241901792,-0.0075658945992113,0.0047481678859494,0.0098453703164904,0.0138205623461604,0.016152336710181,76,80,0.5447619047619048,target_prevalence,0.0123876054818609,0.0106264537854428,0.0017611516964181,-0.0035274273260629,-0.0105771580449621,"{""class_weight"": ""balanced"", ""colsample_bytree"": 1.0, ""deterministic"": true, ""force_col_wise"": true, ""learning_rate"": 0.035, ""min_child_samples"": 12, ""n_estimators"": 180, ""n_jobs"": 1, ""num_leaves"": 15, ""objective"": ""binary"", ""reg_lambda"": 1.0, ""subsample"": 1.0, ""verbosity"": -1}",7340a032adf73dcca6285d723e7b8782f8c2625f4216107ab44a30759e1137a7,0.0586752033379539,0.2702885839269746,-0.2116133805890206,0.8733333333333332,0.4133333333333333,0.6666666666666666,0.6666666666666666,0.7065475134873882,0.5449362756132684,3.797141168661659,3.768045984331698,-0.0290951843299609,7.105427357601002e-15,False
10,2,2,3,DDD,B,2013B,2014B,56,logistic,source_train_only_activity_types,11,0,,1,clicks_oucollaborate,1085,971,759,326,159,0.5299539170506913,0.5077239958805355,0.7434734972987269,0.7196101063423492,-0.0238633909563776,0.7796011933469363,0.7217472024437368,0.6051453204085429,0.645279174507214,0.040133854098671,0.207831746115593,0.2224098564536842,0.0145781103380912,0.0050625259737804,0.0346677510021193,-0.0019425779808688,0.0100923889668134,0.0245753620353059,0.2024420166281363,0.0418276106215689,0.0048957269854073,0.0174544751479341,0.0243731354736348,0.0414981598167931,0.0175350583142717,0.0239631015025214,0.0631540593840568,0.0205011618590811,0.0122380581803465,0.0226708921155217,76,80,0.5077239958805355,target_prevalence,0.0404604366898026,0.0071577118452055,0.033302724844597,0.0289390434399515,-0.008727362809291,"{""C"": 1.0, ""class_weight"": ""balanced"", ""max_iter"": 5000, ""solver"": ""lbfgs""}",0ec0160f1649f42124ca093cb28e50d00a77309027bbdbb0b9ac6257ff1aa269,0.0337722038653535,0.3112091270922597,-0.2774369232269061,0.8866666666666665,0.4133333333333333,0.6666666666666666,0.4285714285714285,0.1877742511666464,0.7398989633000134,5.990183664765659,5.7506956604348165,-0.2394880043308429,7.105427357601002e-15,False
10,2,2,3,DDD,B,2013B,2014B,56,lightgbm,source_train_only_activity_types,11,0,,1,clicks_oucollaborate,1085,971,759,326,159,0.5299539170506913,0.5077239958805355,0.7327439646378784,0.7297308766242032,-0.0030130880136751,0.7640070665094084,0.7492848190721034,0.6498933842094551,0.7382389714644694,0.0883455872550142,0.219156306461572,0.2388426241487631,0.019686317687191,0.044731572783256,0.0290856326410867,0.0018605280863645,0.0131517096551297,0.0159339229859569,0.264827246554514,0.0069314991983963,-0.001165604798325,0.0118896866924905,-0.0049581874940941,0.007029229476547,0.0117954210331802,-0.0047661915566331,0.0006050925261041,0.0132579058706885,0.0179918170385088,0.0057875563464721,76,80,0.5077239958805355,target_prevalence,0.0368263402722152,0.0087623755477975,0.0280639647244176,0.0219989438551873,-0.0121300417384607,"{""class_weight"": ""balanced"", ""colsample_bytree"": 1.0, ""deterministic"": true, ""force_col_wise"": true, ""learning_rate"": 0.035, ""min_child_samples"": 12, ""n_estimators"": 180, ""n_jobs"": 1, ""num_leaves"": 15, ""objective"": ""binary"", ""reg_lambda"": 1.0, ""subsample"": 1.0, ""verbosity"": -1}",7340a032adf73dcca6285d723e7b8782f8c2625f4216107ab44a30759e1137a7,0.1020619190839512,0.237102777771005,-0.1350408586870538,0.8799999999999999,0.6199999999999999,0.6666666666666666,0.25,0.222860404985623,0.3921606324055269,4.301763801852081,4.359303261455277,0.0575394596031957,9.769962616701378e-15,True
10,2,2,4,DDD,J,2013J,2014J,14,logistic,source_train_only_activity_types,10,0,,0,,1675,1479,1172,503,160,0.5068656716417911,0.4645030425963489,0.7246679316888045,0.6923272021525296,-0.0323407295362748,0.7340591511857131,0.6494073294775217,0.6130451249527097,0.6730177950591412,0.0599726701064314,0.2124130098841887,0.2258931286104102,0.0134801187262214,0.0124920936116381,0.0076465084892474,0.0011457739160311,0.0218217505381443,-0.0141752420488969,0.2392168807807899,0.0048619475834446,0.003886753305683,0.0305765814748371,-0.0257146338913924,0.0050128742879114,0.0300116398213071,-0.0249987655333957,0.0069878580206476,0.0027360371462417,0.0226189747551151,0.038534188194559,80,80,0.4645030425963489,target_prevalence,0.0083240583659417,0.0256730536504312,-0.0173489952844894,-0.0157621186666931,0.0031737532355925,"{""C"": 1.0, ""class_weight"": ""balanced"", ""max_iter"": 5000, ""solver"": ""lbfgs""}",0ec0160f1649f42124ca093cb28e50d00a77309027bbdbb0b9ac6257ff1aa269,0.1131501892262845,0.3836142075574643,-0.2704640183311798,0.8188405797101449,0.4565217391304348,0.6666666666666666,0.4285714285714285,0.3752407333654084,0.3404758165058336,3.9413731683378,4.2589808682795605,0.3176076999417603,3.552713678800501e-15,False
10,2,2,4,DDD,J,2013J,2014J,14,lightgbm,source_train_only_activity_types,10,0,,0,,1675,1479,1172,503,160,0.5068656716417911,0.4645030425963489,0.6641998734977863,0.6947587225971505,0.0305588490993642,0.6654754376476835,0.6700572362754305,0.6957004233150051,0.6510621803676196,-0.0446382429473855,0.244472101410525,0.2251617397089443,-0.0193103617015806,0.0136148007590133,0.0018880598292735,-0.0003495661540566,0.0076557340665129,-0.0057676742372393,0.2680214779684248,0.0107999203743975,0.0025972915923033,0.0140197530300704,-0.0032198326556729,0.010858874230701,0.0140228843774442,-0.0031640101467432,0.0116303275503287,0.0099695131984664,0.014063860294506,0.0139756457656349,80,80,0.4645030425963489,target_prevalence,0.0070561708985529,0.009514201713712,-0.0024580308151591,-0.0041128525261992,-0.0033096434220801,"{""class_weight"": ""balanced"", ""colsample_bytree"": 1.0, ""deterministic"": true, ""force_col_wise"": true, ""learning_rate"": 0.035, ""min_child_samples"": 12, ""n_estimators"": 180, ""n_jobs"": 1, ""num_leaves"": 15, ""objective"": ""binary"", ""reg_lambda"": 1.0, ""subsample"": 1.0, ""verbosity"": -1}",7340a032adf73dcca6285d723e7b8782f8c2625f4216107ab44a30759e1137a7,0.0979360145430432,0.2847416432236674,-0.1868056286806241,0.8405797101449275,0.5144927536231884,0.4285714285714285,0.25,0.7716730327251276,0.70664268062395,2.91731776715681,2.949052846533232,0.0317350793764221,5.773159728050814e-15,False
10,2,2,4,DDD,J,2013J,2014J,56,logistic,source_train_only_activity_types,10,0,,0,,1574,1417,1101,473,160,0.4739517153748411,0.4410726887791108,0.7731640849110728,0.7194363636363637,-0.0537277212747091,0.7493580739319884,0.6478986451161012,0.5810280839565355,0.6941650568771826,0.113136972920647,0.1949958915158592,0.2398842077390837,0.0448883162232244,0.0010040160642571,0.0222733918993509,-0.00107905609582,0.0115186129213448,0.010754778978006,0.2077947025076151,0.0261577497187002,-0.0015249838940855,0.0243056884198451,0.0018520612988551,0.0279918937817431,0.023653775398305,0.004338118383438,0.0417205170081119,0.0105949824292885,0.0187741869137236,0.0298371899259666,80,80,0.4410726887791108,target_prevalence,0.0235037580899804,0.0108254585635546,0.0126782995264258,0.0117165392522159,-0.0019235205484197,"{""C"": 1.0, ""class_weight"": ""balanced"", ""max_iter"": 5000, ""solver"": ""lbfgs""}",0ec0160f1649f42124ca093cb28e50d00a77309027bbdbb0b9ac6257ff1aa269,0.0836636261023773,0.2712539389236262,-0.1875903128212489,0.891304347826087,0.6014492753623188,0.6666666666666666,0.4285714285714285,0.845200329593496,0.3121622407397218,4.178375745212699,4.805498457301722,0.6271227120890233,3.552713678800501e-15,False
10,2,2,4,DDD,J,2013J,2014J,56,lightgbm,source_train_only_activity_types,10,0,,0,,1574,1417,1101,473,160,0.4739517153748411,0.4410726887791108,0.7631418531267928,0.640189898989899,-0.1229519541368938,0.7576743193601687,0.6052097313927116,0.6029291689050355,0.7875071375501436,0.1845779686451081,0.2029504891708797,0.2852444848479925,0.0822939956771127,0.035552925989673,0.1929685675157788,-0.0010058671274728,0.0042828342442718,0.1886857332715069,0.2371449058576589,0.2037348180099241,-3.651695292819501e-05,0.0126325685817286,0.1911022494281954,0.2184623388975589,0.0125793971750601,0.2058829417224988,0.3286982736852444,0.0787713623346037,0.0121814076041879,0.0130837295592692,80,80,0.4410726887791108,target_prevalence,0.2260994054973282,0.0051309714239997,0.2209684340733285,0.2048270836724177,-0.0322827008018215,"{""class_weight"": ""balanced"", ""colsample_bytree"": 1.0, ""deterministic"": true, ""force_col_wise"": true, ""learning_rate"": 0.035, ""min_child_samples"": 12, ""n_estimators"": 180, ""n_jobs"": 1, ""num_leaves"": 15, ""objective"": ""binary"", ""reg_lambda"": 1.0, ""subsample"": 1.0, ""verbosity"": -1}",7340a032adf73dcca6285d723e7b8782f8c2625f4216107ab44a30759e1137a7,0.1074585838845751,0.2096683441304716,-0.1022097602458964,0.8695652173913043,0.5579710144927535,0.4285714285714285,0.4285714285714285,0.3302888360262963,0.368862715744811,3.383429523237203,3.6543940369602312,0.2709645137230283,6.661338147750939e-15,False
10,2,2,5,EEE,J,2013J,2014J,14,logistic,source_train_only_activity_types,9,0,,2,clicks_ouwiki|clicks_page,933,1027,653,280,138,0.3483386923901393,0.3339824732229795,0.6809822830230994,0.7360237328013912,0.0550414497782918,0.5273067390537652,0.5830824907015115,0.6709505749405636,0.6070816563713974,-0.0638689185691662,0.2315412077842901,0.2085924496636613,-0.0229487581206288,0.0171563130746804,0.0013029816092887,1.39922418694316e-05,0.0428575598457339,-0.0415545782364452,0.3850948638287225,0.0069967549288345,0.0061883081489621,0.0728746563720472,-0.0658779014432127,0.0072113693668841,0.0560967694169762,-0.048885400050092,0.0076431157143973,0.0063503941432717,0.0223441874487101,0.1234051252953843,80,49,0.3339824732229795,target_prevalence,0.0041224306629969,0.0430122358732672,-0.0388898052102703,-0.0402221917233577,-0.0026647730261749,"{""C"": 1.0, ""class_weight"": ""balanced"", ""max_iter"": 5000, ""solver"": ""lbfgs""}",0ec0160f1649f42124ca093cb28e50d00a77309027bbdbb0b9ac6257ff1aa269,0.0889650705223077,0.3243789504191872,-0.2354138798968795,0.8735177865612648,0.4782608695652174,1.0,0.4285714285714285,0.6089537226489478,0.5934973620713426,3.7698056943213865,3.644867927310735,-0.1249377670106515,3.552713678800501e-15,False
10,2,2,5,EEE,J,2013J,2014J,14,lightgbm,source_train_only_activity_types,9,0,,2,clicks_ouwiki|clicks_page,933,1027,653,280,138,0.3483386923901393,0.3339824732229795,0.6956716752635119,0.7000494433362316,0.0043777680727197,0.5632773397049635,0.5371124556568163,0.6537785326615224,0.6362068868377001,-0.0175716458238223,0.2205493110611457,0.2145005968215249,-0.0060487142396208,0.0381812065485533,0.0040773334660758,0.0029526634878818,0.0115738767551054,-0.0074965432890296,0.3243879930504408,-0.0005264575173234,-0.000387554673741,0.0088644183836957,-0.0093908759010192,0.0003025844946802,0.0085841599731139,-0.0082815754784336,0.0019703933516732,-0.0030233083863202,0.008020355663263,0.0097084811041284,80,49,0.3339824732229795,target_prevalence,0.0032744527098895,0.0106445621596739,-0.0073701094497844,-0.007433326369407,-0.0001264338392451,"{""class_weight"": ""balanced"", ""colsample_bytree"": 1.0, ""deterministic"": true, ""force_col_wise"": true, ""learning_rate"": 0.035, ""min_child_samples"": 12, ""n_estimators"": 180, ""n_jobs"": 1, ""num_leaves"": 15, ""objective"": ""binary"", ""reg_lambda"": 1.0, ""subsample"": 1.0, ""verbosity"": -1}",7340a032adf73dcca6285d723e7b8782f8c2625f4216107ab44a30759e1137a7,0.0750810064952743,0.2759097433903662,-0.2008287368950919,0.912,0.5169078021169037,0.6666666666666666,0.1111111111111111,0.6513096867834004,0.2704009949857754,3.3256041997257038,3.2254786418614976,-0.1001255578642057,6.661338147750939e-15,False
10,2,2,5,EEE,J,2013J,2014J,56,logistic,source_train_only_activity_types,9,0,,2,clicks_ouwiki|clicks_page,906,997,634,272,134,0.3278145695364238,0.3139418254764293,0.7564929084545957,0.7808138557255759,0.0243209472709802,0.6683985936909453,0.6368989370934464,0.59671721553001,0.6705828774405016,0.0738656619104916,0.2034531434294981,0.232903097510553,0.0294499540810548,0.0120955363173083,0.0385330121903059,-0.00183793194783,0.0199510233901877,0.0185819888001181,0.2523535699270978,0.0291339798223196,-0.0001024204662098,0.0366332388803565,-0.0074992590580369,0.034924642470847,0.0270279518358911,0.0078966906349558,0.0446954101742922,0.0135725494703469,0.0108206480897042,0.0624458296710088,80,44,0.3139418254764293,target_prevalence,0.0005046983115908,0.0236512525257592,-0.0231465542141683,-0.002282282707025,0.0417285430142865,"{""C"": 1.0, ""class_weight"": ""balanced"", ""max_iter"": 5000, ""solver"": ""lbfgs""}",0ec0160f1649f42124ca093cb28e50d00a77309027bbdbb0b9ac6257ff1aa269,0.0600917589353264,0.359671539479102,-0.2995797805437756,0.9683794466403164,0.4940711462450593,1.0,0.25,0.5570237542658266,0.8664278910458464,3.6886188401716633,3.974176095679605,0.2855572555079417,3.552713678800501e-15,False
10,2,2,5,EEE,J,2013J,2014J,56,lightgbm,source_train_only_activity_types,9,0,,2,clicks_ouwiki|clicks_page,906,997,634,272,134,0.3278145695364238,0.3139418254764293,0.7270215509301897,0.7396726640883359,0.0126511131581461,0.6542949180694515,0.635458313978538,0.6191158209851895,0.6071197489189969,-0.0119960720661925,0.2034676763022755,0.1948177060710177,-0.0086499702312578,0.0105605697795787,0.0135390712988868,0.0008682693469618,0.0151480531387899,-0.0016089818399031,0.3210541396150979,0.0102723865501986,-0.0036325542119547,0.0260424599745674,-0.0157700734243687,0.0112730682185616,0.0215118538744283,-0.0102387856558666,0.0129615499554759,0.0075832231449214,0.013867219322711,0.0382177006264238,80,44,0.3139418254764293,target_prevalence,0.031518546369634,0.0160259630935332,0.0154925832761008,0.0069418007180988,-0.0171015651160039,"{""class_weight"": ""balanced"", ""colsample_bytree"": 1.0, ""deterministic"": true, ""force_col_wise"": true, ""learning_rate"": 0.035, ""min_child_samples"": 12, ""n_estimators"": 180, ""n_jobs"": 1, ""num_leaves"": 15, ""objective"": ""binary"", ""reg_lambda"": 1.0, ""subsample"": 1.0, ""verbosity"": -1}",7340a032adf73dcca6285d723e7b8782f8c2625f4216107ab44a30759e1137a7,0.1099426015269455,0.2977259622370984,-0.1877833607101528,0.8412698412698412,0.5476190476190476,0.6666666666666666,0.4285714285714285,0.5541438825737482,0.5207251856555287,3.766649975032645,4.028521822327575,0.2618718472949304,8.881784197001252e-15,False
10,2,2,6,FFF,B,2013B,2014B,14,logistic,source_train_only_activity_types,13,0,,1,clicks_oucollaborate,1520,1309,1064,456,160,0.4861842105263158,0.5011459129106188,0.7397012397012397,0.7113393157285325,-0.0283619239727072,0.7410329479462245,0.6732219858425526,0.6133697631570254,0.6802246882744566,0.0668549251174311,0.2113181146926333,0.2242749002447297,0.0129567855520964,0.0106067606067606,0.0031386096560865,2.769490351428594e-05,0.0106517161283697,-0.0075131064722832,0.1642128721084277,0.0067206423421094,-0.0039459615839604,0.0079851490925922,-0.0012645067504827,0.0067059658307174,0.0079906340562096,-0.0012846682254922,0.0131244934795137,0.0003167912047051,0.0055918766341903,0.0103784215509941,80,80,0.5011459129106188,target_prevalence,0.0034332245560362,0.0123154979531552,-0.008882273397119,-0.0081976899347011,0.0013691669248357,"{""C"": 1.0, ""class_weight"": ""balanced"", ""max_iter"": 5000, ""solver"": ""lbfgs""}",0ec0160f1649f42124ca093cb28e50d00a77309027bbdbb0b9ac6257ff1aa269,0.0383572542188335,0.2749291846351716,-0.236571930416338,0.965811965811966,0.5270655270655271,1.0,0.6666666666666666,0.9243567121569336,0.7107390822251886,5.652916598335096,5.54857284751038,-0.1043437508247162,3.552713678800501e-15,False
10,2,2,6,FFF,B,2013B,2014B,14,lightgbm,source_train_only_activity_types,13,0,,1,clicks_oucollaborate,1520,1309,1064,456,160,0.4861842105263158,0.5011459129106188,0.7684992684992686,0.7023657229298174,-0.0661335455694512,0.7595675086612271,0.6817072034683773,0.5848486571089854,0.6806978097804334,0.095849152671448,0.1984557451678684,0.2328324857909526,0.0343767406230841,0.0241780241780242,0.0169991161427776,-0.0021638775461972,0.0062672258109098,0.0107318903318677,0.2626834255047182,0.015570799220691,-0.0040051647018812,0.011034700219901,0.0045360990007899,0.0155697523270135,0.0110417039287604,0.004528048398253,0.016027593828672,0.01511400461271,0.0079787485876093,0.0140906518521927,80,80,0.5011459129106188,target_prevalence,0.0005483436463958,0.0088379684501018,-0.0082896248037059,0.0012211327640809,0.0190215151355737,"{""class_weight"": ""balanced"", ""colsample_bytree"": 1.0, ""deterministic"": true, ""force_col_wise"": true, ""learning_rate"": 0.035, ""min_child_samples"": 12, ""n_estimators"": 180, ""n_jobs"": 1, ""num_leaves"": 15, ""objective"": ""binary"", ""reg_lambda"": 1.0, ""subsample"": 1.0, ""verbosity"": -1}",7340a032adf73dcca6285d723e7b8782f8c2625f4216107ab44a30759e1137a7,0.0649581242209418,0.2219146736681181,-0.1569565494471763,0.9202279202279204,0.5612535612535613,0.6666666666666666,0.25,0.8108834276071707,0.552806873249659,3.182147937911,3.167618574914568,-0.0145293629964315,6.661338147750939e-15,False
10,2,2,6,FFF,B,2013B,2014B,56,logistic,source_train_only_activity_types,13,0,,1,clicks_oucollaborate,1407,1257,984,423,160,0.4442075337597725,0.4797136038186158,0.7772521502942509,0.7588991839984582,-0.0183529662957926,0.7371405341814156,0.7048471308807333,0.5946611892457933,0.6594613389714397,0.0648001497256464,0.1931872105948072,0.2103602093609666,0.0171729987661594,0.0024445450430058,0.0227222807315314,-0.0019799603655212,0.024986092335804,-0.0022638116042725,0.3089922623428834,0.0149227680582386,-0.0015051522968094,0.0549812212250329,-0.0400584531667942,0.0151143801813992,0.0543110057830318,-0.0391966256016326,0.0196454433290787,0.0102000927873985,0.0384623818015954,0.0715000606484704,80,80,0.4797136038186158,target_prevalence,0.0224794496159413,0.0260319146576375,-0.0035524650416962,-0.0029081383229843,0.0012886534374236,"{""C"": 1.0, ""class_weight"": ""balanced"", ""max_iter"": 5000, ""solver"": ""lbfgs""}",0ec0160f1649f42124ca093cb28e50d00a77309027bbdbb0b9ac6257ff1aa269,0.1210263920894925,0.2790665765539164,-0.1580401844644238,0.9202279202279204,0.4643874643874645,1.0,0.25,0.3766421972966037,0.7365839493849062,5.748423455201028,6.784035955788417,1.0356125005873889,1.4210854715202004e-14,False
10,2,2,6,FFF,B,2013B,2014B,56,lightgbm,source_train_only_activity_types,13,0,,1,clicks_oucollaborate,1407,1257,984,423,160,0.4442075337597725,0.4797136038186158,0.7736758714350385,0.7570937362119067,-0.0165821352231317,0.7543427187234907,0.7377323297878551,0.5735338510048711,0.6150556070361616,0.0415217560312904,0.1942275989160297,0.2078846612248767,0.0136570623088469,0.0077410593028519,0.0117044023458847,-0.0008720225072102,0.0088857594151543,0.0028186429307304,0.2680362251982302,0.0107672786388449,-0.0005991645432631,0.0133604711984273,-0.0025931925595824,0.0107799821476228,0.0132194590359861,-0.0024394768883633,0.0110803827669589,0.0104541745107308,0.0098849361359067,0.0168360062609479,80,80,0.4797136038186158,target_prevalence,0.0216935061333747,0.0057744737736948,0.0159190323596798,0.0093688376452051,-0.0131003894289494,"{""class_weight"": ""balanced"", ""colsample_bytree"": 1.0, ""deterministic"": true, ""force_col_wise"": true, ""learning_rate"": 0.035, ""min_child_samples"": 12, ""n_estimators"": 180, ""n_jobs"": 1, ""num_leaves"": 15, ""objective"": ""binary"", ""reg_lambda"": 1.0, ""subsample"": 1.0, ""verbosity"": -1}",7340a032adf73dcca6285d723e7b8782f8c2625f4216107ab44a30759e1137a7,0.0859353591080814,0.1827760825159264,-0.0968407234078449,0.8803418803418804,0.7037037037037038,0.6666666666666666,0.6666666666666666,0.5193160668436421,0.5498717324770638,3.5661311936778617,3.660459738262927,0.094328544585065,8.437694987151191e-15,False
10,2,2,7,FFF,J,2013J,2014J,14,logistic,source_train_only_activity_types,13,0,,1,clicks_htmlactivity,1998,1886,1398,600,160,0.4519519519519519,0.4077412513255567,0.736078242241389,0.734681998153609,-0.0013962440877799,0.6748237913134868,0.6267856247184452,0.6287501983617773,0.6147386329595526,-0.0140115654022247,0.2121275468871752,0.2088663883002937,-0.0032611585868815,0.001233750939333,0.0129554624279084,0.0002678414359555,0.0060454836448248,0.0069099787830835,0.1981628595562673,0.0166221806755618,-0.0016432539248754,0.0097774681238228,0.0068447125517389,0.0170877899510234,0.0093264506034975,0.0077613393475259,0.0191455688753338,0.0140987924757897,0.0073331605280367,0.0122217757196089,80,80,0.4077412513255567,target_prevalence,0.0148604370298224,0.0070926161689584,0.0077678208608639,0.0073388998219737,-0.0008578420777803,"{""C"": 1.0, ""class_weight"": ""balanced"", ""max_iter"": 5000, ""solver"": ""lbfgs""}",0ec0160f1649f42124ca093cb28e50d00a77309027bbdbb0b9ac6257ff1aa269,0.0434959754814523,0.2145400828400832,-0.1710441073586309,0.9145299145299146,0.5270655270655271,1.0,0.6666666666666666,0.3703748740703868,0.5483831353248978,3.241077840945114,3.3235296560355776,0.0824518150904629,3.552713678800501e-15,False
10,2,2,7,FFF,J,2013J,2014J,14,lightgbm,source_train_only_activity_types,13,0,,1,clicks_htmlactivity,1998,1886,1398,600,160,0.4519519519519519,0.4077412513255567,0.7128949404995569,0.7228230689439599,0.0099281284444029,0.6772579048620296,0.6406315729582208,0.6390625431552951,0.6190630546512305,-0.0199994885040646,0.2171849036254475,0.2124639799306493,-0.0047209236947982,0.0170257629627966,0.006743483193326,-0.0020231790801015,0.001850437424664,0.004893045768662,0.2533007922518627,0.0057676649234957,-0.0021745802327591,0.0047040836284475,0.0010635812950481,0.0059829857941967,0.0041563907710309,0.0018265950231658,0.0069346050445939,0.0046007248023974,0.0017358401540575,0.0076723271028374,80,80,0.4077412513255567,target_prevalence,-1.5315615581545927e-05,0.0015972546201967,-0.0016125702357782,0.0016402377664418,0.0065056160044402,"{""class_weight"": ""balanced"", ""colsample_bytree"": 1.0, ""deterministic"": true, ""force_col_wise"": true, ""learning_rate"": 0.035, ""min_child_samples"": 12, ""n_estimators"": 180, ""n_jobs"": 1, ""num_leaves"": 15, ""objective"": ""binary"", ""reg_lambda"": 1.0, ""subsample"": 1.0, ""verbosity"": -1}",7340a032adf73dcca6285d723e7b8782f8c2625f4216107ab44a30759e1137a7,0.0651971384505772,0.1520269868719125,-0.0868298484213353,0.9142857142857144,0.7428571428571428,0.6666666666666666,0.6666666666666666,0.7649353495504448,0.8766476683396277,2.807766246094421,2.912494832262134,0.1047285861677131,5.773159728050814e-15,True
10,2,2,7,FFF,J,2013J,2014J,56,logistic,source_train_only_activity_types,14,0,,1,clicks_htmlactivity,1915,1793,1340,575,160,0.4281984334203655,0.3770217512548801,0.7894333654582748,0.7895236606930017,9.029523472692258e-05,0.7455738423039429,0.7060831486671488,0.5589783282713253,0.5528773612450566,-0.0061009670262687,0.1869726509114949,0.1860365848505615,-0.0009360660609333,0.0183853510267627,0.0098387530598229,-0.0010369050025106,0.0429046850035019,-0.033065931943679,0.3373260357131336,0.0118841143611004,-0.0034576563730691,0.0706688045201196,-0.0587846901590192,0.0117190158079172,0.0615785206618828,-0.0498595048539655,0.0112128633274101,0.0125553653947907,0.0337098953187169,0.1076277137215224,80,80,0.3770217512548801,target_prevalence,0.0124127289419431,0.0408434820948775,-0.0284307531529344,-0.0307483425483067,-0.0046351787907446,"{""C"": 1.0, ""class_weight"": ""balanced"", ""max_iter"": 5000, ""solver"": ""lbfgs""}",0ec0160f1649f42124ca093cb28e50d00a77309027bbdbb0b9ac6257ff1aa269,0.0681611822421889,0.4144321066142418,-0.3462709243720529,0.9153439153439152,0.3439153439153439,1.0,0.4285714285714285,0.6729933706463384,0.4684353807212879,4.04426102354693,4.166278918192559,0.1220178946456282,1.7763568394002505e-15,False
10,2,2,7,FFF,J,2013J,2014J,56,lightgbm,source_train_only_activity_types,14,0,,1,clicks_htmlactivity,1915,1793,1340,575,160,0.4281984334203655,0.3770217512548801,0.7434205649047371,0.7562495695888714,0.0128290046841342,0.6917449668379694,0.6893585713673929,0.6334405170327706,0.5557827399964825,-0.077657777036288,0.213416488453614,0.1873928844326589,-0.026023604020955,0.0253910593817184,0.0310830007466823,0.0003447841546034,0.0063827774039011,0.0247002233427811,0.2494182716836822,0.0304851957757673,0.0005416752549242,0.0179603819529133,0.012524813822854,0.0323703081305456,0.0184202279385231,0.0139500801920224,0.0381496094993895,0.0228207820521452,0.0198300052005285,0.0160907587052982,80,80,0.3770217512548801,target_prevalence,0.0169874484004813,0.0130020762955116,0.0039853721049697,0.0143427977238754,0.0207148512378114,"{""class_weight"": ""balanced"", ""colsample_bytree"": 1.0, ""deterministic"": true, ""force_col_wise"": true, ""learning_rate"": 0.035, ""min_child_samples"": 12, ""n_estimators"": 180, ""n_jobs"": 1, ""num_leaves"": 15, ""objective"": ""binary"", ""reg_lambda"": 1.0, ""subsample"": 1.0, ""verbosity"": -1}",7340a032adf73dcca6285d723e7b8782f8c2625f4216107ab44a30759e1137a7,0.1084869248380417,0.2248451094829102,-0.1163581846448684,0.8835978835978835,0.5589408876287292,0.6666666666666666,0.4285714285714285,0.7497370780589095,0.5976594642349202,3.471825942527137,3.379958085264653,-0.0918678572624842,6.217248937900877e-15,True
10,2,2,8,GGG,J,2013J,2014J,14,logistic,source_train_only_activity_types,6,0,,1,clicks_quiz,926,719,648,278,134,0.3606911447084233,0.3824756606397774,0.6241573033707866,0.6130303030303029,-0.0111270003404836,0.5076421492903129,0.509713282013362,0.7128185957054476,0.7207185942006122,0.0078999984951646,0.2546686146554905,0.2529947951570663,-0.0016738194984242,0.0336516853932584,0.0088747872434157,0.0019489589394827,0.0229901620442426,-0.0141153748008268,0.3217737644182645,0.0040919877011892,-0.003263418376194,0.0325555701663607,-0.0284635824651715,0.0051959867481218,0.0289783244340664,-0.0237823376859445,0.0087888830547074,-0.000604907652329,0.0173364004532268,0.0477747398794947,80,50,0.3824756606397774,target_prevalence,0.0129369686364252,0.0259122405863879,-0.0129752719499626,-0.0135453233753947,-0.0011401028508641,"{""C"": 1.0, ""class_weight"": ""balanced"", ""max_iter"": 5000, ""solver"": ""lbfgs""}",0ec0160f1649f42124ca093cb28e50d00a77309027bbdbb0b9ac6257ff1aa269,0.0854743397099382,0.3872913441910708,-0.3018170044811326,0.8947368421052632,0.3789473684210526,0.6666666666666666,0.25,0.670544518700673,0.6950826724902445,3.1221813823576148,3.744725508141034,0.6225441257834192,3.552713678800501e-15,False
10,2,2,8,GGG,J,2013J,2014J,14,lightgbm,source_train_only_activity_types,6,0,,1,clicks_quiz,926,719,648,278,134,0.3606911447084233,0.3824756606397774,0.6206179775280898,0.6377641277641278,0.017146150236038,0.4942033691222164,0.5264290560525837,0.7407625002304601,0.8482390602526627,0.1074765600222026,0.2543532581677881,0.2911679598421194,0.0368147016743313,0.0108426966292135,0.0340152926016807,-0.0008647877484276,0.0112616629344912,0.0227536296671895,0.3414290756424663,0.0889344804557538,-0.0009700416193535,0.0122282158222487,0.0767062646335051,0.0871843127553073,0.0119031590168809,0.0752811537384263,0.0814885007124339,0.0963804601990738,0.0108452818396486,0.0136111498048487,80,50,0.3824756606397774,target_prevalence,0.0212250875973074,0.0092928034391093,0.0119322841581981,0.0173429569126938,0.0108213455089913,"{""class_weight"": ""balanced"", ""colsample_bytree"": 1.0, ""deterministic"": true, ""force_col_wise"": true, ""learning_rate"": 0.035, ""min_child_samples"": 12, ""n_estimators"": 180, ""n_jobs"": 1, ""num_leaves"": 15, ""objective"": ""binary"", ""reg_lambda"": 1.0, ""subsample"": 1.0, ""verbosity"": -1}",7340a032adf73dcca6285d723e7b8782f8c2625f4216107ab44a30759e1137a7,0.1200925234448202,0.2542409066083074,-0.1341483831634872,0.8947368421052632,0.6210526315789474,1.0,0.4285714285714285,0.9361278523291222,0.6561922686220629,3.2273850836182847,3.5102255336894284,0.2828404500711436,1.1768364061026661e-14,False
10,2,2,8,GGG,J,2013J,2014J,56,logistic,source_train_only_activity_types,6,0,,1,clicks_quiz,919,698,643,276,136,0.3558215451577802,0.3638968481375358,0.6324810823205688,0.6214974817337022,-0.0109836005868665,0.4835734083985122,0.4600522840873926,0.6960804220172887,0.7531041832530557,0.057023761235767,0.2410347729711004,0.2554503640181317,0.0144155910470312,0.0240197202476495,0.0331333586940759,0.002920957211037,0.0186274939804471,0.0145058647136288,0.27812080932279,0.0238453116097199,-0.0056722190904828,0.0169555870519753,0.0068897245577445,0.0280605196497711,0.0143634635143603,0.0136970561354108,0.0393306548305396,0.0083599683889001,0.0074329437401055,0.0264782303638451,80,49,0.3638968481375358,target_prevalence,0.0399384272398584,0.0145093625272965,0.0254290647125619,0.0199674647130953,-0.0109231999989331,"{""C"": 1.0, ""class_weight"": ""balanced"", ""max_iter"": 5000, ""solver"": ""lbfgs""}",0ec0160f1649f42124ca093cb28e50d00a77309027bbdbb0b9ac6257ff1aa269,0.0890792534446326,0.277720955800369,-0.1886417023557363,0.8631578947368421,0.6210526315789474,0.6666666666666666,0.6666666666666666,0.1084416146199544,0.3890882106046579,4.16578949866137,5.292443771399936,1.126654272738565,3.552713678800501e-15,True
10,2,2,8,GGG,J,2013J,2014J,56,lightgbm,source_train_only_activity_types,6,0,,1,clicks_quiz,919,698,643,276,136,0.3558215451577802,0.3638968481375358,0.6057096996101812,0.6387662268567781,0.0330565272465969,0.4312270504965669,0.4967533367984155,0.7269064159770435,0.701954274219775,-0.0249521417572685,0.258799054230764,0.2431977231939132,-0.0156013310368508,0.031930749828021,0.0190586739594397,-0.0031715289972356,0.0064648439598177,0.012593829999622,0.3573370462531531,0.0158798930466589,-0.0006254886471554,0.0131390019190523,0.0027408911276065,0.0161488694685089,0.0117032991555702,0.0044455703129386,0.0168680274806131,0.0148917586127046,0.007864683345839,0.0184133204922656,80,49,0.3638968481375358,target_prevalence,0.0395514912538581,0.0113121578201358,0.0282393334337223,0.0204165817166721,-0.0156455034341002,"{""class_weight"": ""balanced"", ""colsample_bytree"": 1.0, ""deterministic"": true, ""force_col_wise"": true, ""learning_rate"": 0.035, ""min_child_samples"": 12, ""n_estimators"": 180, ""n_jobs"": 1, ""num_leaves"": 15, ""objective"": ""binary"", ""reg_lambda"": 1.0, ""subsample"": 1.0, ""verbosity"": -1}",7340a032adf73dcca6285d723e7b8782f8c2625f4216107ab44a30759e1137a7,0.0991701580308965,0.2444772858741411,-0.1453071278432446,0.8412698412698413,0.4379962475790683,1.0,0.25,0.8601407206596691,0.6859550478788168,3.1196299367185185,3.37291557258305,0.2532856358645321,6.661338147750939e-15,False
11,2,3,0,AAA,J,2013J,2014J,14,logistic,source_train_only_activity_types,9,0,,0,,370,350,259,111,53,0.2486486486486486,0.2771428571428571,0.5972461273666092,0.6336742594026323,0.0364281320360231,0.3790306441899667,0.3897097656124645,0.7190148059205684,0.8237383657067042,0.1047235597861357,0.2481361443659568,0.271791010143692,0.0236548657777352,0.0292598967297763,0.00023845051138,0.0041201712634756,0.0283668110577411,-0.028128360546361,0.265101329124684,0.0074499218809372,-0.0091284699624762,0.0089669421597003,-0.0015170202787631,0.0016958452352956,0.0098105571220421,-0.0081147118867465,-0.0054598654650535,0.020359709226928,0.0108596680367492,0.0070742162826514,41,14,0.2771428571428571,target_prevalence,-0.0014230789779107,0.0241137838026633,-0.0255368627805741,-0.0268326116634675,-0.0025914977657869,"{""C"": 1.0, ""class_weight"": ""balanced"", ""max_iter"": 5000, ""solver"": ""lbfgs""}",0ec0160f1649f42124ca093cb28e50d00a77309027bbdbb0b9ac6257ff1aa269,0.1198677399172391,0.2701160303238158,-0.1502482904065766,0.7628458498023716,0.4703557312252964,0.6666666666666666,0.25,0.5337124180570463,0.3780927636083704,7.545836279535594,10.086069322353996,2.540233042818402,2.664535259100376e-15,False
11,2,3,0,AAA,J,2013J,2014J,14,lightgbm,source_train_only_activity_types,9,0,,0,,370,350,259,111,53,0.2486486486486486,0.2771428571428571,0.5907917383820998,0.5841245263029217,-0.006667212079178,0.409465927088614,0.4064454433902243,0.774490529147907,0.8056434232917143,0.0311528941438073,0.2533610278037884,0.2631792168926359,0.0098181890888475,0.0421686746987953,0.0005237228562068,6.283858732836212e-05,0.0209337346099541,-0.0204100117537473,0.3869046637086594,-0.004111715056966,-0.0098556631472495,0.0305752562076559,-0.034686971264622,-0.0026727584166186,0.0307284012213105,-0.0334011596379292,-0.0008832866972122,-0.0073401434167198,0.0309188507895733,0.0302316616257385,41,14,0.2771428571428571,target_prevalence,0.0047444108918442,0.0273440651803997,-0.0225996542885555,-0.0215048330211514,0.0021896425348081,"{""class_weight"": ""balanced"", ""colsample_bytree"": 1.0, ""deterministic"": true, ""force_col_wise"": true, ""learning_rate"": 0.035, ""min_child_samples"": 12, ""n_estimators"": 180, ""n_jobs"": 1, ""num_leaves"": 15, ""objective"": ""binary"", ""reg_lambda"": 1.0, ""subsample"": 1.0, ""verbosity"": -1}",7340a032adf73dcca6285d723e7b8782f8c2625f4216107ab44a30759e1137a7,0.0793353874669004,0.3389835601778168,-0.2596481727109164,0.7857142857142856,0.4365079365079364,0.4285714285714285,0.25,0.8451600101583108,0.66633858604681,4.395410490492766,4.530455210065084,0.1350447195723179,9.769962616701378e-15,False
11,2,3,0,AAA,J,2013J,2014J,56,logistic,source_train_only_activity_types,9,0,,0,,365,342,255,110,52,0.2383561643835616,0.260233918128655,0.5288461538461539,0.6425811609006529,0.113735007054499,0.253845089177699,0.383145109909707,0.8269875536993797,0.7388295541850155,-0.0881579995143642,0.267649293311761,0.2428790982364194,-0.0247701950753416,0.0544871794871795,-0.0064462652990758,0.0011457588654357,0.0194986244253843,-0.0259448897244601,0.3561573524436132,0.0007389383673216,-0.0125671659430682,0.0137993194180265,-0.0130603810507048,-0.0019571626339942,0.0133478232576118,-0.0153049858916061,-0.0048834185988372,0.0063612953334805,0.0128577847420398,0.0147408540940132,42,13,0.260233918128655,target_prevalence,-0.0060151450708257,0.0295509315169226,-0.0355660765877484,-0.0307554831561042,0.0096211868632882,"{""C"": 1.0, ""class_weight"": ""balanced"", ""max_iter"": 5000, ""solver"": ""lbfgs""}",0ec0160f1649f42124ca093cb28e50d00a77309027bbdbb0b9ac6257ff1aa269,0.048020492628726,0.504534649247902,-0.4565141566191759,0.83399209486166,0.0118577075098814,1.0,0.25,0.7470414454246329,0.3958705761879069,4.527236925296761,4.4073579994672745,-0.1198789258294867,7.105427357601002e-15,False
11,2,3,0,AAA,J,2013J,2014J,56,lightgbm,source_train_only_activity_types,9,0,,0,,365,342,255,110,52,0.2383561643835616,0.260233918128655,0.5416666666666667,0.5858240440556024,0.0441573773889356,0.3047558634430645,0.3437183987215304,0.7461696545849875,0.74979500990353,0.0036253553185424,0.2260553029805954,0.246286392071041,0.0202310890904456,0.0375457875457876,0.004715120280857,-0.0001369343861605,0.0215916001469679,-0.0168764798661109,0.4219863889154681,0.0004580290537447,0.0067987160198854,0.0501219266462653,-0.0496638975925206,0.0008556088128996,0.040538718393032,-0.0396831095801323,0.0012871283075921,-0.0003710702001026,0.0301374313864739,0.0701064219060567,42,13,0.260233918128655,target_prevalence,0.0110263930804447,0.021517860896865,-0.0104914678164202,-0.0136839738412656,-0.0063850120496906,"{""class_weight"": ""balanced"", ""colsample_bytree"": 1.0, ""deterministic"": true, ""force_col_wise"": true, ""learning_rate"": 0.035, ""min_child_samples"": 12, ""n_estimators"": 180, ""n_jobs"": 1, ""num_leaves"": 15, ""objective"": ""binary"", ""reg_lambda"": 1.0, ""subsample"": 1.0, ""verbosity"": -1}",7340a032adf73dcca6285d723e7b8782f8c2625f4216107ab44a30759e1137a7,0.0914174399153476,0.3761124599104086,-0.284695019995061,0.8888888888888888,0.4603174603174603,0.6666666666666666,0.25,0.6962573678629701,0.8066347417627655,4.163604863178621,4.494014872431427,0.3304100092528053,7.993605777301127e-15,False
11,2,3,1,BBB,B,2013B,2014B,14,logistic,source_train_only_activity_types,10,0,,1,clicks_oucollaborate,1606,1289,1124,482,160,0.5006226650062267,0.4375484871993794,0.7532755978719374,0.6893250183418929,-0.0639505795300445,0.759539772519257,0.6220918401180329,0.5957425145592925,0.7442561953410075,0.148513680781715,0.2041391892958524,0.2408062296957857,0.0366670403999332,0.0082298858490728,0.0267778777331302,0.0005792519740461,0.0082689445800827,0.0185089331530474,0.1881336186888612,0.0264149512064224,0.0021804194395241,0.0171664229444322,0.0092485282619902,0.0278930487468274,0.0156313390462254,0.012261709700602,0.0382489122597268,0.0145809901531181,0.0048762170761801,0.0294566288126842,80,80,0.4375484871993794,target_prevalence,0.0040084258372456,0.0095349438271103,-0.0055265179898646,0.0064912075815913,0.0240354511429121,"{""C"": 1.0, ""class_weight"": ""balanced"", ""max_iter"": 5000, ""solver"": ""lbfgs""}",0ec0160f1649f42124ca093cb28e50d00a77309027bbdbb0b9ac6257ff1aa269,0.2146177977450193,0.2492693822669995,-0.0346515845219802,0.8768115942028986,0.5652173913043478,0.6666666666666666,1.0,0.5861553488760611,0.2795955413766766,4.455377164457599,4.901309174253429,0.4459320097958299,3.552713678800501e-15,False
11,2,3,1,BBB,B,2013B,2014B,14,lightgbm,source_train_only_activity_types,10,0,,1,clicks_oucollaborate,1606,1289,1124,482,160,0.5006226650062267,0.4375484871993794,0.7397513816910866,0.6851455123502079,-0.0546058693408786,0.7312783651954331,0.6091056468745462,0.635527033728239,0.7049076838734271,0.069380650145188,0.2150425446122602,0.243783151773304,0.0287406071610438,0.0079285824968577,0.0074196855481143,0.0016868424861214,0.0180548067288808,-0.0106351211807664,0.2970933853495109,0.0044085117650825,-0.0009161215195772,0.0349508061115933,-0.0305422943465108,0.0049339692912569,0.0333322898744204,-0.0283983205831635,0.0086154356858207,0.0002015878443442,0.021992623318327,0.0479089889048596,80,80,0.4375484871993794,target_prevalence,0.006103800390122,0.0204192929174346,-0.0143154925273125,-0.0124753068540394,0.0036803713465461,"{""class_weight"": ""balanced"", ""colsample_bytree"": 1.0, ""deterministic"": true, ""force_col_wise"": true, ""learning_rate"": 0.035, ""min_child_samples"": 12, ""n_estimators"": 180, ""n_jobs"": 1, ""num_leaves"": 15, ""objective"": ""binary"", ""reg_lambda"": 1.0, ""subsample"": 1.0, ""verbosity"": -1}",7340a032adf73dcca6285d723e7b8782f8c2625f4216107ab44a30759e1137a7,0.0472548936803909,0.3190172868129932,-0.2717623931326022,0.9347826086956522,0.536231884057971,0.6666666666666666,0.4285714285714285,0.6494305724347956,0.5372379505809762,3.3511365609191315,3.3814286574705164,0.0302920965513848,5.3290705182007506e-15,False
11,2,3,1,BBB,B,2013B,2014B,56,logistic,source_train_only_activity_types,10,0,,1,clicks_oucollaborate,1470,1247,1029,441,160,0.454421768707483,0.4170008019246191,0.7642738589211618,0.7415247063802772,-0.0227491525408846,0.7489013267696578,0.682163915070176,0.5858902740336251,0.6409818529916212,0.0550915789579961,0.1994767669638852,0.2189497558947839,0.0194729889308987,0.0045643153526969,0.0075703997356655,-0.0002655773174741,0.0223707355162043,-0.0148003357805388,0.2396448836421487,0.0144956027430118,-0.003442596796127,0.0347664651129763,-0.0202708623699645,0.0155955955452923,0.030778335370343,-0.0151827398250506,0.0211221294311458,0.0078690760548778,0.0107413550208807,0.058791575205072,80,80,0.4170008019246191,target_prevalence,0.0417312005123853,0.0265135835093103,0.015217617003075,0.0002086406112681,-0.0300179527836139,"{""C"": 1.0, ""class_weight"": ""balanced"", ""max_iter"": 5000, ""solver"": ""lbfgs""}",0ec0160f1649f42124ca093cb28e50d00a77309027bbdbb0b9ac6257ff1aa269,0.1092991157945074,0.3300208869191132,-0.2207217711246057,0.8043478260869565,0.3260869565217391,1.0,0.4285714285714285,0.6308767160098522,0.5349671632843148,5.164685420666695,5.196519955892622,0.0318345352259274,7.105427357601002e-15,False
11,2,3,1,BBB,B,2013B,2014B,56,lightgbm,source_train_only_activity_types,10,0,,1,clicks_oucollaborate,1470,1247,1029,441,160,0.454421768707483,0.4170008019246191,0.7726763485477179,0.7487355835361337,-0.0239407650115842,0.7773745740337232,0.7143665513872931,0.559838833192828,0.6225241279936342,0.0626852948008062,0.1928719078076448,0.2144989187461422,0.0216270109384974,0.006929460580913,0.0089125243838695,-0.0009642050938855,0.0087525462727848,0.0001599781110847,0.2392737695253224,0.0109947602662466,-0.0010071691594311,0.01836119144668,-0.0073664311804333,0.0111559698583064,0.0178820691187069,-0.0067260992604004,0.0119659117701045,0.0100236087623887,0.0154748844757501,0.0212474984176099,80,80,0.4170008019246191,target_prevalence,0.0128324332859238,0.0088500434075288,0.003982389878395,0.0020711839947399,-0.0038224117673102,"{""class_weight"": ""balanced"", ""colsample_bytree"": 1.0, ""deterministic"": true, ""force_col_wise"": true, ""learning_rate"": 0.035, ""min_child_samples"": 12, ""n_estimators"": 180, ""n_jobs"": 1, ""num_leaves"": 15, ""objective"": ""binary"", ""reg_lambda"": 1.0, ""subsample"": 1.0, ""verbosity"": -1}",7340a032adf73dcca6285d723e7b8782f8c2625f4216107ab44a30759e1137a7,0.0852602281854025,0.219285155106327,-0.1340249269209245,0.8260869565217391,0.6231884057971014,0.6666666666666666,0.4285714285714285,0.7342239161230792,0.5737316763571941,3.4351067764341314,3.4640148452637805,0.028908068829649,7.993605777301127e-15,False
11,2,3,2,BBB,J,2013J,2014J,14,logistic,source_train_only_activity_types,10,0,,0,,1851,1791,1295,556,160,0.4219340896812534,0.3618090452261306,0.7047723205408629,0.6421542021753454,-0.0626181183655175,0.620287213587103,0.5198551075883223,0.6472315629217756,0.6919162865614161,0.0446847236396404,0.2223918828483235,0.2388766171166584,0.0164847342683348,0.0028899052164113,0.0101177272697853,0.0014748166663772,0.0176222795165919,-0.0075045522468066,0.2789139206200551,0.0082059387136108,-0.001611255482045,0.0284016146184083,-0.0201956759047974,0.0093155939193629,0.0239762014726924,-0.0146606075533295,0.0122208730035138,0.0041910044237079,0.0123896652366363,0.0444135640001803,80,80,0.3618090452261306,target_prevalence,0.1506550213235702,0.0183844107461131,0.132270610577457,0.0623830291653252,-0.1397751628242636,"{""C"": 1.0, ""class_weight"": ""balanced"", ""max_iter"": 5000, ""solver"": ""lbfgs""}",0ec0160f1649f42124ca093cb28e50d00a77309027bbdbb0b9ac6257ff1aa269,0.1026115126252914,0.2493186772090894,-0.146707164583798,0.8840579710144928,0.5579710144927535,1.0,0.4285714285714285,0.40111550365399,0.7033311838665396,3.231187244366031,3.089693128774978,-0.1414941155910534,7.105427357601002e-15,False
11,2,3,2,BBB,J,2013J,2014J,14,lightgbm,source_train_only_activity_types,10,0,,0,,1851,1791,1295,556,160,0.4219340896812534,0.3618090452261306,0.6851660369854842,0.6051171651383084,-0.0800488718471758,0.5932971337827316,0.4486247008258824,0.6610420258114318,0.7184540634750219,0.0574120376635901,0.2291042700392212,0.2556447703007533,0.026540500261532,0.0168621992443827,0.0212666335370678,0.0014249608226397,0.0074930721385388,0.0137735613985289,0.2615890506525556,0.0235749446986398,-0.0022326227683427,0.0078680319421398,0.0157069127565,0.0244436042959003,0.0075705157569477,0.0168730885389526,0.026717913059637,0.0204319763376426,0.0067915642902632,0.0089444995940163,80,80,0.3618090452261306,target_prevalence,0.0541681960773296,0.006806468160477,0.0473617279168526,0.0305676446576907,-0.0335881665183236,"{""class_weight"": ""balanced"", ""colsample_bytree"": 1.0, ""deterministic"": true, ""force_col_wise"": true, ""learning_rate"": 0.035, ""min_child_samples"": 12, ""n_estimators"": 180, ""n_jobs"": 1, ""num_leaves"": 15, ""objective"": ""binary"", ""reg_lambda"": 1.0, ""subsample"": 1.0, ""verbosity"": -1}",7340a032adf73dcca6285d723e7b8782f8c2625f4216107ab44a30759e1137a7,0.1044811854871191,0.2189972327933763,-0.1145160473062572,0.8115942028985507,0.5869565217391304,0.6666666666666666,0.25,0.5260199912289852,0.5165329231220547,2.876748120719636,2.8004417530055266,-0.0763063677141091,5.773159728050814e-15,False
11,2,3,2,BBB,J,2013J,2014J,56,logistic,source_train_only_activity_types,10,0,,0,,1785,1750,1249,536,160,0.3994397759103641,0.3417142857142857,0.7282608695652174,0.6866725891861761,-0.0415882803790412,0.6595908428457327,0.5513187888146076,0.622942953028704,0.9894462880944276,0.3665033350657236,0.2127327710272112,0.236935863906599,0.0242030928793877,0.0077784872583736,0.1210502795814636,-0.000854605354764,0.0046086219971095,0.1164416575843541,0.1558457242283584,0.1267948281717572,-0.0015154684360638,0.005308196542402,0.1214866316293551,0.1435336780077841,0.0050459220497677,0.1384877559580164,0.1796702563541524,0.0739193999893621,0.004479712134261,0.0061366809505431,80,80,0.3417142857142857,target_prevalence,0.0748707436459026,0.0019211143856542,0.0729496292602483,0.0946956434223012,0.0434920283241057,"{""C"": 1.0, ""class_weight"": ""balanced"", ""max_iter"": 5000, ""solver"": ""lbfgs""}",0ec0160f1649f42124ca093cb28e50d00a77309027bbdbb0b9ac6257ff1aa269,0.3629047181940714,0.2567129964377024,0.1061917217563689,0.7463768115942029,0.5144927536231884,0.6666666666666666,0.4285714285714285,0.7459648661487128,0.5977204217260413,4.409825898534253,6.819825337752559,2.409999439218306,1.4210854715202004e-14,False
11,2,3,2,BBB,J,2013J,2014J,56,lightgbm,source_train_only_activity_types,10,0,,0,,1785,1750,1249,536,160,0.3994397759103641,0.3417142857142857,0.731569629070645,0.665205633361204,-0.066363995709441,0.7011652935988302,0.5354722180119775,0.5993243445933732,0.811146984893906,0.2118226403005327,0.2047389251559984,0.2899094018894972,0.0851704767334988,0.006530446392291,0.182214257290799,-0.0008844300546472,0.0059976358941988,0.1762166213966002,0.2282678084805238,0.1244256586417587,0.002727321111905,0.0122123923708326,0.112213266270926,0.1407129561850762,0.0132480471440235,0.1274649090410527,0.1758747032280505,0.0729766140554669,0.015483865029829,0.0089409197118361,80,80,0.3417142857142857,target_prevalence,0.114949161067803,0.0145706997307357,0.1003784613370673,0.1382975413668337,0.0758381600595328,"{""class_weight"": ""balanced"", ""colsample_bytree"": 1.0, ""deterministic"": true, ""force_col_wise"": true, ""learning_rate"": 0.035, ""min_child_samples"": 12, ""n_estimators"": 180, ""n_jobs"": 1, ""num_leaves"": 15, ""objective"": ""binary"", ""reg_lambda"": 1.0, ""subsample"": 1.0, ""verbosity"": -1}",7340a032adf73dcca6285d723e7b8782f8c2625f4216107ab44a30759e1137a7,0.1873818670550761,0.1784923727932769,0.0088894942617992,0.7463768115942029,0.736843318770237,0.6666666666666666,0.6666666666666666,0.3824530905573581,0.7213143368492236,3.155741954349394,3.5594640239408823,0.4037220695914882,1.199040866595169e-14,False
11,2,3,3,DDD,B,2013B,2014B,14,logistic,source_train_only_activity_types,11,0,,1,clicks_oucollaborate,1197,1050,837,360,160,0.5747702589807853,0.5447619047619048,0.7124814499068548,0.6631177400005852,-0.0493637099062695,0.7831458505053354,0.6902442428276232,0.6329219816619557,0.7032943771749425,0.0703723955129868,0.2194587994044449,0.2432211876026509,0.023762388198206,0.0232704998263396,0.0081071275979437,-0.0004513997168947,0.008402846258075,-0.0002957186601313,0.2110953679225555,0.0152588297503277,-0.0024889628071615,0.0076812835240003,0.0075775462263274,0.015052016650362,0.0078921494032473,0.0071598672471147,0.0175689760797324,0.012948683420923,0.0053258667877311,0.0100367002602695,76,80,0.5447619047619048,target_prevalence,0.0056427134523718,0.00710549796064,-0.0014627845082682,-0.0008792515841997,0.0011670658481368,"{""C"": 1.0, ""class_weight"": ""balanced"", ""max_iter"": 5000, ""solver"": ""lbfgs""}",0ec0160f1649f42124ca093cb28e50d00a77309027bbdbb0b9ac6257ff1aa269,0.0501676549148704,0.2830044789000154,-0.232836823985145,0.9333333333333332,0.5333333333333332,0.6666666666666666,0.6666666666666666,0.7367951841875201,0.4890865819158743,4.898154391947996,4.874873830708813,-0.0232805612391828,3.552713678800501e-15,False
11,2,3,3,DDD,B,2013B,2014B,14,lightgbm,source_train_only_activity_types,11,0,,1,clicks_oucollaborate,1197,1050,837,360,160,0.5747702589807853,0.5447619047619048,0.6804174165640491,0.6629202387570589,-0.0174971778069902,0.7299929793876492,0.6877280980521598,0.6936384902377754,0.7142450191033632,0.0206065288655878,0.2402603991791098,0.2476995470486257,0.0074391478695159,0.0262227274162483,0.0003424289413944,-0.0013879170182188,0.0112607822034778,-0.0109183532620834,0.2392372845173317,0.0043652643158316,0.0025136412466169,0.0100366770774675,-0.0056714127616359,0.0043162188301982,0.0103015918971598,-0.0059853730669616,0.004913112825566,0.0038174158060972,0.0070775221766493,0.0129958319782857,76,80,0.5447619047619048,target_prevalence,0.0086943076648388,0.0086355150416735,5.879262316527134e-05,-0.005429780319459,-0.0109771458852486,"{""class_weight"": ""balanced"", ""colsample_bytree"": 1.0, ""deterministic"": true, ""force_col_wise"": true, ""learning_rate"": 0.035, ""min_child_samples"": 12, ""n_estimators"": 180, ""n_jobs"": 1, ""num_leaves"": 15, ""objective"": ""binary"", ""reg_lambda"": 1.0, ""subsample"": 1.0, ""verbosity"": -1}",7340a032adf73dcca6285d723e7b8782f8c2625f4216107ab44a30759e1137a7,0.0741517487071463,0.1814936924263349,-0.1073419437191885,0.8199999999999998,0.5399999999999999,1.0,0.4285714285714285,0.7768303227610006,0.4471263208114178,3.816450877511784,3.7286512475898825,-0.0877996299219012,4.884981308350689e-15,False
11,2,3,3,DDD,B,2013B,2014B,56,logistic,source_train_only_activity_types,11,0,,1,clicks_oucollaborate,1085,971,759,326,159,0.5299539170506913,0.5077239958805355,0.7431334768975028,0.7295823537898785,-0.0135511231076242,0.7632022258940363,0.7346872011320513,0.6417812444610009,0.6638666445043087,0.0220854000433077,0.215310478798381,0.2219880729293053,0.0066775941309243,0.0192678227360308,0.0649189151665537,0.0023915193058681,0.009641570945435,0.0552773442211186,0.2205601260853039,0.0544635706672577,-0.0001305829687506,0.0136493121346211,0.0408142585326365,0.0546821708473522,0.0136424299889993,0.0410397408583528,0.0403128523424726,0.0686142889920427,0.014094816361204,0.0132038079080382,76,80,0.5077239958805355,target_prevalence,0.0692291762537657,0.0139685189011395,0.0552606573526262,0.0552690007868724,1.6686868492432616e-05,"{""C"": 1.0, ""class_weight"": ""balanced"", ""max_iter"": 5000, ""solver"": ""lbfgs""}",0ec0160f1649f42124ca093cb28e50d00a77309027bbdbb0b9ac6257ff1aa269,0.0661759023979506,0.3089483542779427,-0.2427724518799921,0.8799999999999999,0.3599999999999999,1.0,0.4285714285714285,0.0768420231049507,0.5854159528893245,7.063906473232738,6.598615968523621,-0.4652905047091167,1.4210854715202004e-14,True
11,2,3,3,DDD,B,2013B,2014B,56,lightgbm,source_train_only_activity_types,11,0,,1,clicks_oucollaborate,1085,971,759,326,159,0.5299539170506913,0.5077239958805355,0.7169519060032491,0.7332147979665101,0.016262891963261,0.765833570384975,0.7559207942715875,0.6973612029468403,0.7388565773629515,0.0414953744161111,0.229301334029954,0.2364668622733906,0.0071655282434365,0.0123162945332274,0.0134487179135968,-9.2399857785197e-05,0.0200470260585587,-0.0065983081449619,0.252150793471669,0.0173070541494897,0.0003917140522393,0.0295021053268026,-0.0121950511773128,0.0172428304712788,0.02924620044134,-0.0120033699700612,0.0214644669190093,0.0131496413799701,0.0460676815790774,0.0129365290745277,76,80,0.5077239958805355,target_prevalence,0.0400130721413638,0.0176144701675083,0.0223986019738554,0.0079001469144467,-0.0289969101188173,"{""class_weight"": ""balanced"", ""colsample_bytree"": 1.0, ""deterministic"": true, ""force_col_wise"": true, ""learning_rate"": 0.035, ""min_child_samples"": 12, ""n_estimators"": 180, ""n_jobs"": 1, ""num_leaves"": 15, ""objective"": ""binary"", ""reg_lambda"": 1.0, ""subsample"": 1.0, ""verbosity"": -1}",7340a032adf73dcca6285d723e7b8782f8c2625f4216107ab44a30759e1137a7,0.109465583938991,0.22777301029728,-0.1183074263582889,0.8466666666666665,0.6199999999999999,0.6666666666666666,0.6666666666666666,0.6782798126843225,0.4780467080061941,4.233650076683477,4.426236588642477,0.192586511959,9.547918011776346e-15,False
11,2,3,4,DDD,J,2013J,2014J,14,logistic,source_train_only_activity_types,10,0,,0,,1675,1479,1172,503,160,0.5068656716417911,0.4645030425963489,0.7248576850094877,0.7179050328613646,-0.006952652148123,0.7268167726827475,0.6780719725890914,0.6135436515486692,0.6627221368821754,0.0491784853335062,0.212245080833092,0.2160410616076424,0.0037959807745504,0.0210151802656546,0.0106896909044291,0.003057800676427,0.0109366607066436,-0.0002469698022145,0.2039765341383616,0.010358518703491,-0.000424336974351,0.0116626058100096,-0.0013040871065185,0.0108244846366151,0.0119426164850771,-0.0011181318484619,0.0169219817043533,0.0037950557026288,0.0156067561759609,0.0077184554440583,80,80,0.4645030425963489,target_prevalence,0.0102679029500666,0.0114924954142212,-0.0012245924641546,-0.0007357811331845,0.0009776226619401,"{""C"": 1.0, ""class_weight"": ""balanced"", ""max_iter"": 5000, ""solver"": ""lbfgs""}",0ec0160f1649f42124ca093cb28e50d00a77309027bbdbb0b9ac6257ff1aa269,0.0874375770203473,0.2440166230130001,-0.1565790459926528,0.8623188405797101,0.4202898550724637,0.4285714285714285,0.6666666666666666,0.3940175910630511,0.4112294076621935,3.779499200760953,4.0010856458291215,0.2215864450681683,7.105427357601002e-15,False
11,2,3,4,DDD,J,2013J,2014J,14,lightgbm,source_train_only_activity_types,10,0,,0,,1675,1479,1172,503,160,0.5068656716417911,0.4645030425963489,0.6746995572422516,0.658894255509976,-0.0158053017322755,0.6778572704767298,0.6369030462279306,0.6809423182996951,0.6783944059193594,-0.0025479123803356,0.2382880015355735,0.2394864879929139,0.0011984864573404,0.003526249209361,0.0018672428738575,-0.0007940218474614,0.0059845691175471,-0.0041173262436896,0.2727894420217321,0.0045251312603697,-0.0006739061080311,0.0107382357821854,-0.0062131045218156,0.0046723469471414,0.0107669221410923,-0.0060945751939508,0.0065987693626109,0.0024514931581286,0.0111423036376451,0.0103341679267258,80,80,0.4645030425963489,target_prevalence,0.0046539923564023,0.0092763957735452,-0.0046224034171429,-0.0043698648304162,0.0005050771734532,"{""class_weight"": ""balanced"", ""colsample_bytree"": 1.0, ""deterministic"": true, ""force_col_wise"": true, ""learning_rate"": 0.035, ""min_child_samples"": 12, ""n_estimators"": 180, ""n_jobs"": 1, ""num_leaves"": 15, ""objective"": ""binary"", ""reg_lambda"": 1.0, ""subsample"": 1.0, ""verbosity"": -1}",7340a032adf73dcca6285d723e7b8782f8c2625f4216107ab44a30759e1137a7,0.0722660292509253,0.2231257175662489,-0.1508596883153236,0.8768115942028986,0.6159420289855072,1.0,0.4285714285714285,0.6878173422663735,0.6460128751752343,2.887073125464615,2.9133932249657755,0.0263200995011603,6.439293542825908e-15,False
11,2,3,4,DDD,J,2013J,2014J,56,logistic,source_train_only_activity_types,10,0,,0,,1574,1417,1101,473,160,0.4739517153748411,0.4410726887791108,0.7822719449225474,0.7129838383838384,-0.0692881065387089,0.7776590911638801,0.625676404510241,0.570035645994939,0.6697241563389528,0.0996885103440137,0.191361123315971,0.2281966762893799,0.0368355529734088,0.027592512908778,0.0173289264295566,0.004736281556424,0.0158977690753253,0.0014311573542312,0.2012299962687116,0.0317926816801917,-0.0019886042292807,0.0137960272128611,0.0179966544673305,0.0324706905533031,0.0131405687010795,0.0193301218522235,0.0375456072682089,0.0260397560921744,0.008234442115888,0.0193576123098341,80,80,0.4410726887791108,target_prevalence,0.0273562601997305,0.0136496082370266,0.0137066519627039,0.0075689046584676,-0.0122754946084726,"{""C"": 1.0, ""class_weight"": ""balanced"", ""max_iter"": 5000, ""solver"": ""lbfgs""}",0ec0160f1649f42124ca093cb28e50d00a77309027bbdbb0b9ac6257ff1aa269,0.073819987150465,0.2358835642481303,-0.1620635770976653,0.891304347826087,0.536231884057971,1.0,0.4285714285714285,0.8495329459246302,0.2053457621265486,4.736948143523341,4.682459011916248,-0.0544891316070925,2.664535259100376e-15,False
11,2,3,4,DDD,J,2013J,2014J,56,lightgbm,source_train_only_activity_types,10,0,,0,,1574,1417,1101,473,160,0.4739517153748411,0.4410726887791108,0.7747597532989099,0.7302727272727273,-0.0444870260261826,0.7681455663416537,0.688425317468761,0.5881795158621367,0.7557642673513197,0.167584751489183,0.2005616732820623,0.2697993227952965,0.0692376495132342,0.0135900745840504,0.2188735399466431,-0.0009055479156312,0.0055632572874308,0.2133102826592123,0.246378375578494,0.2216436535165087,-0.0012454258270943,0.0095896936915266,0.2120539598249821,0.2346442506552131,0.0100229542521611,0.224621296403052,0.3319541094778505,0.111333197555167,0.0132659225203833,0.0059134648626699,80,80,0.4410726887791108,target_prevalence,0.2298219693902295,0.005562533480458,0.2242594359097714,0.2187848592844918,-0.0109491532505591,"{""class_weight"": ""balanced"", ""colsample_bytree"": 1.0, ""deterministic"": true, ""force_col_wise"": true, ""learning_rate"": 0.035, ""min_child_samples"": 12, ""n_estimators"": 180, ""n_jobs"": 1, ""num_leaves"": 15, ""objective"": ""binary"", ""reg_lambda"": 1.0, ""subsample"": 1.0, ""verbosity"": -1}",7340a032adf73dcca6285d723e7b8782f8c2625f4216107ab44a30759e1137a7,0.140661329628076,0.2205325817180256,-0.0798712520899496,0.8985507246376812,0.5289855072463768,0.6666666666666666,0.6666666666666666,0.8671116867562345,0.9107709054366526,3.291723382391711,3.617356476596968,0.3256330942052572,6.439293542825908e-15,False
11,2,3,5,EEE,J,2013J,2014J,14,logistic,source_train_only_activity_types,9,0,,2,clicks_ouwiki|clicks_page,933,1027,653,280,138,0.3483386923901393,0.3339824732229795,0.6468939224041265,0.7367866946277257,0.0898927722235992,0.4852373686445357,0.5783412785300845,0.7405651113418634,0.6350974323328206,-0.1054676790090428,0.2575174910354325,0.2086330151253375,-0.0488844759100949,0.0241085445167077,0.0016541468346444,0.0002831666157098,0.0223313256744169,-0.0206771788397725,0.2892725556694342,0.006948656383058,0.0014044228425104,0.0366419919769922,-0.0296933355939341,0.0067272178546869,0.0311001516876095,-0.0243729338329225,0.0062817432785504,0.0076155694875657,0.0199514641846286,0.0533325197693558,80,49,0.3339824732229795,target_prevalence,0.001242072860025,0.0250756175459159,-0.0238335446858909,-0.0222553617628317,0.0031563658461183,"{""C"": 1.0, ""class_weight"": ""balanced"", ""max_iter"": 5000, ""solver"": ""lbfgs""}",0ec0160f1649f42124ca093cb28e50d00a77309027bbdbb0b9ac6257ff1aa269,0.0890664301454735,0.3941133826956584,-0.3050469525501849,0.857707509881423,0.2806324110671936,0.4285714285714285,0.1111111111111111,0.5259617575294729,0.6341277967345313,5.251370886817286,5.141423360852097,-0.1099475259651887,5.3290705182007506e-15,False
11,2,3,5,EEE,J,2013J,2014J,14,lightgbm,source_train_only_activity_types,9,0,,2,clicks_ouwiki|clicks_page,933,1027,653,280,138,0.3483386923901393,0.3339824732229795,0.6810944157882933,0.6967716911325934,0.0156772753443,0.5606124346688925,0.5331023115523758,0.7009547706628033,0.6732437577763042,-0.0277110128864991,0.2293187797528124,0.2250651329888829,-0.0042536467639295,0.0089145548329221,0.0022361980082105,-0.0012778762434871,0.0165289141489833,-0.0142927161407728,0.3543019306074351,0.0078051218271441,0.0014224245122639,0.030067484719037,-0.0222623628918929,0.0072538792768806,0.0272093284993346,-0.019955449222454,0.0061449279880807,0.0094653156662075,0.0214594893007544,0.0386754801373196,80,49,0.3339824732229795,target_prevalence,-0.0016791697846041,0.0164432214467026,-0.0181223912313068,-0.0162075536860398,0.003829675090534,"{""class_weight"": ""balanced"", ""colsample_bytree"": 1.0, ""deterministic"": true, ""force_col_wise"": true, ""learning_rate"": 0.035, ""min_child_samples"": 12, ""n_estimators"": 180, ""n_jobs"": 1, ""num_leaves"": 15, ""objective"": ""binary"", ""reg_lambda"": 1.0, ""subsample"": 1.0, ""verbosity"": -1}",7340a032adf73dcca6285d723e7b8782f8c2625f4216107ab44a30759e1137a7,0.099027810652141,0.3088349580809895,-0.2098071474288484,0.8260869565217391,0.4831692641304534,0.6666666666666666,0.1111111111111111,0.7979288787912145,0.3629900277452663,3.870739917690735,3.8977206620627993,0.0269807443720644,6.661338147750939e-15,False
11,2,3,5,EEE,J,2013J,2014J,56,logistic,source_train_only_activity_types,9,0,,2,clicks_ouwiki|clicks_page,906,997,634,272,134,0.3278145695364238,0.3139418254764293,0.7481426904893473,0.7710236720662146,0.0228809815768672,0.6703639797179453,0.6701676885065541,0.5750037412111956,0.5894316680520183,0.0144279268408227,0.1967862106014965,0.2026306365419893,0.0058444259404928,0.0190335850678455,0.0013295398672165,-0.0041050446808655,0.0159733651046219,-0.0146438252374054,0.2299848361107819,0.0036812364490813,-0.0019095364360788,0.0296336675156828,-0.0259524310666014,0.0037086337565091,0.0243924511569805,-0.0206838174004713,0.0037548620973442,0.0036076108008185,0.0155487815059087,0.0437185535254568,80,44,0.3139418254764293,target_prevalence,0.005490280714768,0.0117116146586032,-0.0062213339438351,-0.0104325795906203,-0.0084224912935703,"{""C"": 1.0, ""class_weight"": ""balanced"", ""max_iter"": 5000, ""solver"": ""lbfgs""}",0ec0160f1649f42124ca093cb28e50d00a77309027bbdbb0b9ac6257ff1aa269,0.0518620316879434,0.2977834832981267,-0.2459214516101833,0.9446640316205536,0.525691699604743,1.0,0.6666666666666666,0.714732778007246,0.7037511676807068,4.983877451023422,5.118841840665762,0.1349643896423398,3.1086244689504387e-15,False
11,2,3,5,EEE,J,2013J,2014J,56,lightgbm,source_train_only_activity_types,9,0,,2,clicks_ouwiki|clicks_page,906,997,634,272,134,0.3278145695364238,0.3139418254764293,0.7273899428992449,0.7698606206677503,0.0424706777685054,0.6578081215349749,0.6625909092423388,0.5896704607240083,0.5783014187652673,-0.011369041958741,0.1986521236442346,0.1903397710424132,-0.0083123526018214,0.0306993307545894,0.0112711374158481,-0.0018153121384395,0.0113428424018122,-7.170498596409391e-05,0.3166153083047553,0.0096093113822681,0.0060009466983656,0.0273881380976686,-0.0177788267154005,0.0111020268060006,0.0253998178216288,-0.0142977910156282,0.0136207326153174,0.0055978901492187,0.0220448623154269,0.0327314138799104,80,44,0.3139418254764293,target_prevalence,0.0313618711953028,0.0169274839545722,0.0144343872407305,0.0071813411273832,-0.0145060922266946,"{""class_weight"": ""balanced"", ""colsample_bytree"": 1.0, ""deterministic"": true, ""force_col_wise"": true, ""learning_rate"": 0.035, ""min_child_samples"": 12, ""n_estimators"": 180, ""n_jobs"": 1, ""num_leaves"": 15, ""objective"": ""binary"", ""reg_lambda"": 1.0, ""subsample"": 1.0, ""verbosity"": -1}",7340a032adf73dcca6285d723e7b8782f8c2625f4216107ab44a30759e1137a7,0.0693565004655481,0.1924610166638589,-0.1231045161983108,0.8253968253968252,0.6852644026850523,1.0,0.6666666666666666,0.4504970828394453,0.4170520840033337,3.5326064956710703,3.537686760173313,0.0050802645022427,7.105427357601002e-15,False
11,2,3,6,FFF,B,2013B,2014B,14,logistic,source_train_only_activity_types,13,0,,1,clicks_oucollaborate,1520,1309,1064,456,160,0.4861842105263158,0.5011459129106188,0.7249364749364751,0.6986446233145334,-0.0262918516219416,0.7175203742730709,0.6819411939319447,0.6297567662274426,0.6741154949040546,0.044358728676612,0.218088305467724,0.2271561341412584,0.0090678286735343,0.0170555170555168,0.0113772549723555,0.0022128277346949,0.0153281310310822,-0.0039508760587266,0.2261241364500138,0.0092919420584875,-0.0002362647897906,0.0266471535804142,-0.0173552115219267,0.0092837149048135,0.0266681871034607,-0.0173844721986471,0.0128817234449161,0.0057021606720589,0.017469526357819,0.0358247808030094,80,80,0.5011459129106188,target_prevalence,0.011877723293466,0.0216768519405881,-0.0097991286471221,-0.0068750023529244,0.0058482525883954,"{""C"": 1.0, ""class_weight"": ""balanced"", ""max_iter"": 5000, ""solver"": ""lbfgs""}",0ec0160f1649f42124ca093cb28e50d00a77309027bbdbb0b9ac6257ff1aa269,0.0644203644950239,0.3004140717425965,-0.2359937072475725,0.9202279202279204,0.5213675213675214,1.0,0.25,0.5265061466407925,0.4759218003951752,4.316514244638193,4.288022353393069,-0.0284918912451237,2.664535259100376e-15,False
11,2,3,6,FFF,B,2013B,2014B,14,lightgbm,source_train_only_activity_types,13,0,,1,clicks_oucollaborate,1520,1309,1064,456,160,0.4861842105263158,0.5011459129106188,0.7388734888734889,0.6950122324730138,-0.0438612564004751,0.736166667503324,0.690520981708304,0.6100498620958869,0.6653609879755832,0.0553111258796963,0.2107547320571889,0.231774596141826,0.0210198640846371,0.0003465003465003,0.0075569652106946,-0.0003179589169335,0.0113647775543421,-0.0038078123436475,0.313509317686787,0.0011420401938179,0.0027957580093367,0.0253603295221373,-0.0242182893283194,0.0011408932733867,0.0253815440811103,-0.0242406508077235,0.0016424798086042,0.0006416005790315,0.01610371029026,0.0346169487540146,80,80,0.5011459129106188,target_prevalence,0.0109267653426717,0.0106146255598423,0.0003121397828294,-0.001747836280409,-0.0041199521264769,"{""class_weight"": ""balanced"", ""colsample_bytree"": 1.0, ""deterministic"": true, ""force_col_wise"": true, ""learning_rate"": 0.035, ""min_child_samples"": 12, ""n_estimators"": 180, ""n_jobs"": 1, ""num_leaves"": 15, ""objective"": ""binary"", ""reg_lambda"": 1.0, ""subsample"": 1.0, ""verbosity"": -1}",7340a032adf73dcca6285d723e7b8782f8c2625f4216107ab44a30759e1137a7,0.0646202885362137,0.3584119739716868,-0.293791685435473,0.92,0.3024254147077118,0.6666666666666666,0.1111111111111111,0.7711829564712476,0.4901620940210769,2.9541587795179973,2.9192325821947955,-0.0349261973232017,6.217248937900877e-15,False
11,2,3,6,FFF,B,2013B,2014B,56,logistic,source_train_only_activity_types,13,0,,1,clicks_oucollaborate,1407,1257,984,423,160,0.4442075337597725,0.4797136038186158,0.7826165685830693,0.7626850457194151,-0.0199315228636541,0.7513124232137828,0.7182694502325143,0.5873634207377189,0.6464435729045817,0.0590801521668628,0.1910674833913048,0.2067547391441029,0.0156872557527981,0.0147351742870077,0.0322596216126592,-0.0015878671643494,0.0060205968463713,0.0262390247662879,0.2029362804685155,0.0250623981424916,-0.0023210482869388,0.014841856476256,0.0102205416662355,0.0258238695196808,0.014741066415678,0.0110828031040027,0.0438304279685082,0.006294368316475,0.0123576779243627,0.0173260350281494,80,80,0.4797136038186158,target_prevalence,0.0217067374883557,0.0078441653735418,0.0138625721148139,0.0200507984405509,0.0123764526514739,"{""C"": 1.0, ""class_weight"": ""balanced"", ""max_iter"": 5000, ""solver"": ""lbfgs""}",0ec0160f1649f42124ca093cb28e50d00a77309027bbdbb0b9ac6257ff1aa269,0.0587502246742624,0.2914756706506386,-0.2327254459763761,0.9373219373219376,0.452991452991453,0.6666666666666666,0.6666666666666666,0.2972019403378672,0.8870946994638914,5.643760864776735,5.7345471319669965,0.0907862671902615,7.105427357601002e-15,False
11,2,3,6,FFF,B,2013B,2014B,56,lightgbm,source_train_only_activity_types,13,0,,1,clicks_oucollaborate,1407,1257,984,423,160,0.4442075337597725,0.4797136038186158,0.7687188773200544,0.7454939877574411,-0.0232248895626132,0.7535601808422189,0.7339114847420157,0.5797520965888958,0.632704077670436,0.0529519810815402,0.1955073262211325,0.2115397285019381,0.0160324022808055,0.0213671344499772,0.0122451799355218,-0.0001798239075726,0.0160775247086435,-0.0038323447731216,0.2899374788929243,0.0185126696770352,9.94265517527404e-05,0.0271390630342578,-0.0086263933572226,0.0185950176345401,0.0270987920233444,-0.0085037743888043,0.0205423046296558,0.0164830347244145,0.0261465010593919,0.0281316250091238,80,80,0.4797136038186158,target_prevalence,0.0151039607347373,0.0116243809492949,0.0034795797854423,-0.0001763824938396,-0.007311924558564,"{""class_weight"": ""balanced"", ""colsample_bytree"": 1.0, ""deterministic"": true, ""force_col_wise"": true, ""learning_rate"": 0.035, ""min_child_samples"": 12, ""n_estimators"": 180, ""n_jobs"": 1, ""num_leaves"": 15, ""objective"": ""binary"", ""reg_lambda"": 1.0, ""subsample"": 1.0, ""verbosity"": -1}",7340a032adf73dcca6285d723e7b8782f8c2625f4216107ab44a30759e1137a7,0.0779444800302104,0.3197328945089798,-0.2417884144787693,0.8689458689458691,0.396011396011396,0.6666666666666666,0.4285714285714285,0.4916390348253561,0.569108727206149,3.571786667504182,3.8998482963759415,0.3280616288717595,6.661338147750939e-15,False
11,2,3,7,FFF,J,2013J,2014J,14,logistic,source_train_only_activity_types,13,0,,1,clicks_htmlactivity,1998,1886,1398,600,160,0.4519519519519519,0.4077412513255567,0.7301001581444386,0.7404842759900485,0.0103841178456098,0.6857693296171119,0.6279201384904181,0.6401770492599932,0.6197265569434446,-0.0204504923165486,0.215191863909966,0.2085099966872919,-0.006681867222674,0.0125506118283067,0.0073347723810788,-0.0014049028458388,0.0180175120567021,-0.0106827396756232,0.2758777258107879,0.0065503689120508,-0.0008857466033051,0.0304634173110802,-0.0239130483990293,0.0071968864136903,0.0289904192144184,-0.0217935328007281,0.0100541965215106,0.003046541302591,0.0224804448676776,0.0384463897544828,80,80,0.4077412513255567,target_prevalence,0.0147150219753552,0.0174689145588965,-0.0027538925835413,-0.0067183161295822,-0.0079288470920819,"{""C"": 1.0, ""class_weight"": ""balanced"", ""max_iter"": 5000, ""solver"": ""lbfgs""}",0ec0160f1649f42124ca093cb28e50d00a77309027bbdbb0b9ac6257ff1aa269,0.0535590450095868,0.440483411728022,-0.3869243667184351,0.9031339031339032,0.321937321937322,1.0,0.4285714285714285,0.6116463147364007,0.568468510289874,3.731420522210509,3.816604815425862,0.0851842932153532,1.7763568394002505e-15,False
11,2,3,7,FFF,J,2013J,2014J,14,lightgbm,source_train_only_activity_types,13,0,,1,clicks_htmlactivity,1998,1886,1398,600,160,0.4519519519519519,0.4077412513255567,0.7128164290761447,0.7198282134595617,0.0070117843834169,0.6733216304493097,0.6384930031890632,0.6419609512271455,0.626927589997427,-0.0150333612297184,0.2196804990264988,0.2154580146933846,-0.0042224843331141,0.0181361388081964,0.0016344268174382,-0.0013667283151998,0.0165015369284776,-0.0148671101110393,0.2897983393101762,0.0026895565602539,0.0004555037060806,0.0234486064004922,-0.0207590498402383,0.0034970039881463,0.0255323275387924,-0.022035323550646,0.0070655503792339,-0.0016864372587261,0.0347414169373718,0.0121557958636125,80,80,0.4077412513255567,target_prevalence,0.0095758741225374,0.0102495457908238,-0.0006736716682864,-0.0077703908896628,-0.0141934384427529,"{""class_weight"": ""balanced"", ""colsample_bytree"": 1.0, ""deterministic"": true, ""force_col_wise"": true, ""learning_rate"": 0.035, ""min_child_samples"": 12, ""n_estimators"": 180, ""n_jobs"": 1, ""num_leaves"": 15, ""objective"": ""binary"", ""reg_lambda"": 1.0, ""subsample"": 1.0, ""verbosity"": -1}",7340a032adf73dcca6285d723e7b8782f8c2625f4216107ab44a30759e1137a7,0.0374894378956632,0.2729333495148951,-0.2354439116192318,0.9714285714285712,0.6048508294154236,0.6666666666666666,0.4285714285714285,0.866872155849849,0.33672739758214,2.609368631713776,2.6553765766343305,0.0460079449205546,4.440892098500626e-15,False
11,2,3,7,FFF,J,2013J,2014J,56,logistic,source_train_only_activity_types,14,0,,1,clicks_htmlactivity,1915,1793,1340,575,160,0.4281984334203655,0.3770217512548801,0.7734079620431463,0.7830489529752666,0.0096409909321202,0.7185271275958945,0.6958272763992507,0.5861900199990648,0.5928367522669311,0.0066467322678662,0.1975054643193944,0.2027666590971213,0.0052611947777269,0.0074381594879778,0.0087842050856757,-0.0016064972030029,0.0070408922852231,0.0017433128004525,0.1995614866086012,0.0143731042877763,0.0055014162748722,0.0181137231520203,-0.003740618864244,0.0172934310739415,0.019019933226811,-0.0017265021528694,0.0262464510623667,0.0024997575131858,0.0217981554969174,0.0144292908071232,80,80,0.3770217512548801,target_prevalence,0.0174937964736887,0.0096512755182651,0.0078425209554236,0.0047929168779381,-0.006099208154971,"{""C"": 1.0, ""class_weight"": ""balanced"", ""max_iter"": 5000, ""solver"": ""lbfgs""}",0ec0160f1649f42124ca093cb28e50d00a77309027bbdbb0b9ac6257ff1aa269,0.0656609700304592,0.2393297305434773,-0.1736687605130181,0.8465608465608466,0.4708994708994709,0.6666666666666666,0.6666666666666666,0.6295749053801286,0.8576380461704892,4.993823856312801,4.901751160131223,-0.0920726961815781,3.552713678800501e-15,False
11,2,3,7,FFF,J,2013J,2014J,56,lightgbm,source_train_only_activity_types,14,0,,1,clicks_htmlactivity,1915,1793,1340,575,160,0.4281984334203655,0.3770217512548801,0.7804630933847333,0.7626964661259821,-0.0177666272587512,0.7256760083709826,0.6998819432219494,0.5872301493859851,0.5616204616392146,-0.0256096877467704,0.1987038739122941,0.1869674377143931,-0.0117364361979009,0.018311216546816,0.0227309483358505,-0.0003585835442286,0.0199095740798179,0.0028213742560326,0.2932695403313138,0.0261734253014161,-0.0031572702267801,0.0368524569595883,-0.0106790316581721,0.0251455556365824,0.0342596512969984,-0.009114095660416,0.0219943543058452,0.0303524962969869,0.0263107323495576,0.047394181569619,80,80,0.3770217512548801,target_prevalence,0.0399762862763106,0.0208631163103596,0.0191131699659509,0.0109672721109917,-0.0162917957099182,"{""class_weight"": ""balanced"", ""colsample_bytree"": 1.0, ""deterministic"": true, ""force_col_wise"": true, ""learning_rate"": 0.035, ""min_child_samples"": 12, ""n_estimators"": 180, ""n_jobs"": 1, ""num_leaves"": 15, ""objective"": ""binary"", ""reg_lambda"": 1.0, ""subsample"": 1.0, ""verbosity"": -1}",7340a032adf73dcca6285d723e7b8782f8c2625f4216107ab44a30759e1137a7,0.09306838892683,0.3127881318479842,-0.2197197429211542,0.8677248677248677,0.619047619047619,0.6666666666666666,0.25,0.7813843576909834,0.6761986714620525,3.94184050443238,4.007543458347351,0.0657029539149713,6.439293542825908e-15,True
11,2,3,8,GGG,J,2013J,2014J,14,logistic,source_train_only_activity_types,6,0,,1,clicks_quiz,926,719,648,278,134,0.3606911447084233,0.3824756606397774,0.6018539325842697,0.6073464373464373,0.0054925047621676,0.4383069562665339,0.4641338271655495,0.7342942076178651,0.8131853603964969,0.0788911527786317,0.2565700352616443,0.2646627893058701,0.0080927540442258,0.0137078651685393,0.0118101202333481,-0.0009614370216643,0.0034085222353449,0.0084015979980031,0.2259461508050247,0.0031465430567547,-0.0014269186311044,0.0050079037129317,-0.001861360656177,0.0056149776965642,0.0046680415190395,0.0009469361775246,0.013648344867542,-0.0073552587540325,0.0035619811247157,0.0064538263011477,80,50,0.3824756606397774,target_prevalence,0.017320933496308,0.0068192720006334,0.0105016614956746,0.0094516297468388,-0.0021000634976714,"{""C"": 1.0, ""class_weight"": ""balanced"", ""max_iter"": 5000, ""solver"": ""lbfgs""}",0ec0160f1649f42124ca093cb28e50d00a77309027bbdbb0b9ac6257ff1aa269,0.1134955825017038,0.2210517967885511,-0.1075562142868473,0.7473684210526316,0.5684210526315789,0.6666666666666666,0.4285714285714285,0.6669345209769943,0.5447300007737066,3.764373825048,5.290811439666844,1.5264376146188443,3.552713678800501e-15,True
11,2,3,8,GGG,J,2013J,2014J,14,lightgbm,source_train_only_activity_types,6,0,,1,clicks_quiz,926,719,648,278,134,0.3606911447084233,0.3824756606397774,0.6218539325842697,0.5911834561834562,-0.0306704764008134,0.4493657385414603,0.4552631031230505,0.7251620705684787,0.7811803254548407,0.056018254886362,0.2476542054065929,0.276904376669205,0.029250171262612,0.0228089887640449,0.0380710411518987,-0.0031139120768225,0.0080738219448949,0.0299972192070037,0.3168207351735677,0.0287320979024501,0.001021994022906,0.0139499315453492,0.0147821663571009,0.0327180668844358,0.0132223239554758,0.0194957429289599,0.0456901552873477,0.0117740405175524,0.0108543702606218,0.0170454928300766,80,50,0.3824756606397774,target_prevalence,0.0363297006175099,0.0062766795483335,0.0300530210691763,0.03002512013809,-5.580186217257754e-05,"{""class_weight"": ""balanced"", ""colsample_bytree"": 1.0, ""deterministic"": true, ""force_col_wise"": true, ""learning_rate"": 0.035, ""min_child_samples"": 12, ""n_estimators"": 180, ""n_jobs"": 1, ""num_leaves"": 15, ""objective"": ""binary"", ""reg_lambda"": 1.0, ""subsample"": 1.0, ""verbosity"": -1}",7340a032adf73dcca6285d723e7b8782f8c2625f4216107ab44a30759e1137a7,0.10181554914555,0.221553079489422,-0.1197375303438719,0.8842105263157894,0.7052631578947369,1.0,0.6666666666666666,0.303662554477194,0.4335306299395775,3.1426032114456675,3.394212289928789,0.2516090784831215,6.8833827526759706e-15,False
11,2,3,8,GGG,J,2013J,2014J,56,logistic,source_train_only_activity_types,6,0,,1,clicks_quiz,919,698,643,276,136,0.3558215451577802,0.3638968481375358,0.6218183902774593,0.6463520607221395,0.0245336704446801,0.4394639315807925,0.4640365429265561,0.7145347195836672,0.7218482707588336,0.0073135511751664,0.2448211565703698,0.2452678816617229,0.0004467250913531,0.0197202476496216,0.03896363094061,0.005578012806553,0.0333203249813147,0.0056433059592952,0.3000898708087529,0.016381278855364,-0.00191881925735,0.0332923026689269,-0.0169110238135629,0.020172098620687,0.0281032057226873,-0.0079311071020002,0.0303075535721824,0.0024550041385455,0.0142291991506361,0.0523554061872176,80,49,0.3638968481375358,target_prevalence,0.0300008670276258,0.0230479169989035,0.0069529500287222,0.0062981279940087,-0.001309644069427,"{""C"": 1.0, ""class_weight"": ""balanced"", ""max_iter"": 5000, ""solver"": ""lbfgs""}",0ec0160f1649f42124ca093cb28e50d00a77309027bbdbb0b9ac6257ff1aa269,0.0976309235162952,0.357781744345148,-0.2601508208288527,0.8210526315789474,0.431578947368421,0.4285714285714285,0.6666666666666666,0.060328387705707,0.3193237198865875,3.891095910443848,5.41313258391361,1.522036673469762,3.552713678800501e-15,False
11,2,3,8,GGG,J,2013J,2014J,56,lightgbm,source_train_only_activity_types,6,0,,1,clicks_quiz,919,698,643,276,136,0.3558215451577802,0.3638968481375358,0.6308759458839716,0.5876516280059587,-0.0432243178780128,0.4859590050809458,0.4238313585124632,0.7159078999440511,0.8246475537894781,0.1087396538454269,0.2491344297600632,0.2889799165247056,0.0398454867646423,0.0480394404952991,0.02274036623983,0.0003488178930723,0.0094004943026556,0.0133398719371743,0.299857419847545,0.0488683748767714,0.0039222151658485,0.0122372488607779,0.0366311260159934,0.0464643309635368,0.0105471340690023,0.0359171968945344,0.0400366767113095,0.0577000730422333,0.0060283008362547,0.0184461968853012,80,49,0.3638968481375358,target_prevalence,0.0366303694958404,0.0062482982918277,0.0303820712040127,0.0218609715705935,-0.0170421992668383,"{""class_weight"": ""balanced"", ""colsample_bytree"": 1.0, ""deterministic"": true, ""force_col_wise"": true, ""learning_rate"": 0.035, ""min_child_samples"": 12, ""n_estimators"": 180, ""n_jobs"": 1, ""num_leaves"": 15, ""objective"": ""binary"", ""reg_lambda"": 1.0, ""subsample"": 1.0, ""verbosity"": -1}",7340a032adf73dcca6285d723e7b8782f8c2625f4216107ab44a30759e1137a7,0.1138981146504237,0.1809430760306031,-0.0670449613801794,0.8631578947368421,0.6210526315789474,0.6666666666666666,0.6666666666666666,0.767367890819222,0.5901757559648326,3.198814879636133,3.584018687313866,0.3852038076777333,1.0658141036401504e-14,True
12,3,0,0,AAA,J,2013J,2014J,14,logistic,source_train_only_activity_types,9,0,,0,,370,350,259,111,53,0.2486486486486486,0.2771428571428571,0.5279690189328743,0.6049875718185893,0.077018552885715,0.2822083341662563,0.3742527278693751,0.8839626996522795,0.8310621109962029,-0.0529005886560766,0.2997614440821613,0.2638308971008175,-0.0359305469813438,0.0555077452667813,0.000790844783079,-0.0006038255318617,0.015779551245973,-0.014988706462894,0.3243596555134314,-0.004309497174506,-0.004263280752165,0.0158797165440419,-0.020189213718548,-0.0033352701085513,0.0137065046141686,-0.01704177472272,-0.0021237313214024,-0.0064952630276097,0.0110039205475313,0.0207555125405525,41,14,0.2771428571428571,target_prevalence,0.0033739889879202,0.009825826535123,-0.0064518375472027,-0.0107202720050484,-0.0085368689156912,"{""C"": 1.0, ""class_weight"": ""balanced"", ""max_iter"": 5000, ""solver"": ""lbfgs""}",0ec0160f1649f42124ca093cb28e50d00a77309027bbdbb0b9ac6257ff1aa269,0.0945699987369143,0.3570687799076738,-0.2624987811707594,0.8260869565217391,0.3359683794466403,0.4285714285714285,0.25,0.7836046456358458,0.4866650640185568,6.846693454190192,7.838338187165389,0.991644732975197,5.3290705182007506e-15,False
12,3,0,0,AAA,J,2013J,2014J,14,lightgbm,source_train_only_activity_types,9,0,,0,,370,350,259,111,53,0.2486486486486486,0.2771428571428571,0.6002581755593803,0.6104885701479157,0.0102303945885353,0.3738028564310516,0.388662336822844,0.7424093570368224,0.7953859921051685,0.052976635068346,0.2310919293061347,0.2534112303018385,0.0223193009957037,0.1024096385542168,-2.900834755015236e-05,0.000291327218951,0.026735878516033,-0.0267648868635831,0.3400946055484944,-0.0082443290006616,-0.0043335299306657,0.0318283949847896,-0.0400727239854513,-0.0001371427775363,0.0264694925834433,-0.0266066353609796,0.0099448708589144,-0.0264335288602378,0.0198052165202305,0.0438515734493486,41,14,0.2771428571428571,target_prevalence,0.0006226593279077,0.0189975136732269,-0.0183748543453192,-0.0225698706044512,-0.0083900325182639,"{""class_weight"": ""balanced"", ""colsample_bytree"": 1.0, ""deterministic"": true, ""force_col_wise"": true, ""learning_rate"": 0.035, ""min_child_samples"": 12, ""n_estimators"": 180, ""n_jobs"": 1, ""num_leaves"": 15, ""objective"": ""binary"", ""reg_lambda"": 1.0, ""subsample"": 1.0, ""verbosity"": -1}",7340a032adf73dcca6285d723e7b8782f8c2625f4216107ab44a30759e1137a7,0.0400617706218797,0.3550498536481176,-0.3149880830262379,0.92,0.3107594384269423,1.0,0.25,0.8185331311279642,0.3547952551061292,4.38126526757048,4.455388833819224,0.0741235662487431,5.773159728050814e-15,False
12,3,0,0,AAA,J,2013J,2014J,56,logistic,source_train_only_activity_types,9,0,,0,,365,342,255,110,52,0.2383561643835616,0.260233918128655,0.5398351648351649,0.6346760225607317,0.0948408577255668,0.3139073725583448,0.4027110205007058,0.7486633808421556,0.6994690407266985,-0.049194340115457,0.2606087140862356,0.2430647233100706,-0.0175439907761649,0.1295787545787544,0.0017170112266726,0.0031036528560168,0.0214065510143925,-0.0196895397877199,0.2927172241641261,-0.0126838740080285,-0.0081901643602417,0.0327307349428243,-0.0454146089508529,-0.009761405523017,0.0228024918631696,-0.0325638973861867,-0.0065894580209923,-0.0187782899950647,0.0120267158376908,0.0534347540479579,42,13,0.260233918128655,target_prevalence,0.0069143503546605,0.0264284107072891,-0.0195140603526286,-0.0196018000701742,-0.0001754794350912,"{""C"": 1.0, ""class_weight"": ""balanced"", ""max_iter"": 5000, ""solver"": ""lbfgs""}",0ec0160f1649f42124ca093cb28e50d00a77309027bbdbb0b9ac6257ff1aa269,0.0957119138592683,0.38092231740726,-0.2852104035479916,0.8498023715415021,0.3596837944664031,1.0,0.25,0.6092544209693771,0.4757987162147782,5.074400474973128,5.700680329269829,0.6262798542967012,2.664535259100376e-15,False
12,3,0,0,AAA,J,2013J,2014J,56,lightgbm,source_train_only_activity_types,9,0,,0,,365,342,255,110,52,0.2383561643835616,0.260233918128655,0.5581501831501832,0.6124705777856729,0.0543203946354897,0.3873490494491857,0.4115697087723457,0.6972210189449989,0.6978518754849682,0.0006308565399693,0.2067954009102174,0.2270854310005407,0.0202900300903232,0.0329670329670329,0.0011306932569039,-0.0002852359273028,0.0210953657868092,-0.0199646725299052,0.3448570024189154,-0.0016876579997949,-0.013002899126737,0.0303555780555707,-0.0320432360553657,-0.0042127705993373,0.0267928567978118,-0.0310056273971491,-0.0069534415915235,0.0035781255919336,0.0229260007985368,0.0377851553126046,42,13,0.260233918128655,target_prevalence,0.0089577728177073,0.0204676105382311,-0.0115098377205238,-0.0157372551252145,-0.0084548348093814,"{""class_weight"": ""balanced"", ""colsample_bytree"": 1.0, ""deterministic"": true, ""force_col_wise"": true, ""learning_rate"": 0.035, ""min_child_samples"": 12, ""n_estimators"": 180, ""n_jobs"": 1, ""num_leaves"": 15, ""objective"": ""binary"", ""reg_lambda"": 1.0, ""subsample"": 1.0, ""verbosity"": -1}",7340a032adf73dcca6285d723e7b8782f8c2625f4216107ab44a30759e1137a7,0.0558015071807852,0.329067549806589,-0.2732660426258038,0.8972332015810277,0.4229249011857707,1.0,0.25,0.6656895492827511,0.592743716396507,4.046293136867953,4.086828341420561,0.0405352045526079,1.021405182655144e-14,False
12,3,0,1,BBB,B,2013B,2014B,14,logistic,source_train_only_activity_types,10,0,,1,clicks_oucollaborate,1606,1289,1124,482,160,0.5006226650062267,0.4375484871993794,0.7309447151392021,0.6710271460014674,-0.0599175691377347,0.7211596486848751,0.6045789855019856,0.6232972526449791,0.6953306169670292,0.0720333643220501,0.2133448935767566,0.2422671588536901,0.0289222652769334,0.010950224686214,0.0022750331033277,0.0035967555807773,0.0049488742182167,-0.002673841114889,0.1671076706379902,0.0047267357752251,-0.0026757601384888,0.0036284310480324,0.0010983047271927,0.0055559767985928,0.0029598977318882,0.0025960790667045,0.0113658145275286,-0.0019123429770782,-0.0017239878619669,0.0089808499580318,80,80,0.4375484871993794,target_prevalence,0.0012142241620295,0.0091778589366007,-0.0079636347745711,-0.00531873794473,0.005289793659682,"{""C"": 1.0, ""class_weight"": ""balanced"", ""max_iter"": 5000, ""solver"": ""lbfgs""}",0ec0160f1649f42124ca093cb28e50d00a77309027bbdbb0b9ac6257ff1aa269,0.0879647337485763,0.1384119409856435,-0.0504472072370671,0.9057971014492754,0.7971014492753623,1.0,0.6666666666666666,0.9309363475093692,0.6186693137436879,3.951090148783197,4.004550778225558,0.0534606294423607,2.275957200481571e-15,False
12,3,0,1,BBB,B,2013B,2014B,14,lightgbm,source_train_only_activity_types,10,0,,1,clicks_oucollaborate,1606,1289,1124,482,160,0.5006226650062267,0.4375484871993794,0.7332604466176547,0.6823966740034237,-0.0508637726142309,0.723187272187032,0.6077921425973373,0.6356218315947104,0.7290849076267787,0.0934630760320682,0.2159814422732904,0.2497474902091651,0.0337660479358746,0.0050705049844184,0.0031979291406293,-0.002047383060246,0.0046791527697675,-0.0014812236291382,0.2661069878211973,0.0127025556772503,-0.0009516121751499,0.0064868903894751,0.0062156652877752,0.0142903653982698,0.0060549081249576,0.0082354572733121,0.0254148956175861,-9.784263085454992e-06,0.0030283491536799,0.0099454316252703,80,80,0.4375484871993794,target_prevalence,0.0015561511958955,0.0014596008644697,9.655033142574876e-05,-0.0006923366488562,-0.0015777739605639,"{""class_weight"": ""balanced"", ""colsample_bytree"": 1.0, ""deterministic"": true, ""force_col_wise"": true, ""learning_rate"": 0.035, ""min_child_samples"": 12, ""n_estimators"": 180, ""n_jobs"": 1, ""num_leaves"": 15, ""objective"": ""binary"", ""reg_lambda"": 1.0, ""subsample"": 1.0, ""verbosity"": -1}",7340a032adf73dcca6285d723e7b8782f8c2625f4216107ab44a30759e1137a7,0.0632735955774996,0.1993985417776567,-0.136124946200157,0.891304347826087,0.6956521739130435,0.6666666666666666,0.25,0.5876398631481328,0.5789651448434157,3.0631102197221893,3.0760379066288417,0.0129276869066523,5.551115123125783e-15,False
12,3,0,1,BBB,B,2013B,2014B,56,logistic,source_train_only_activity_types,10,0,,1,clicks_oucollaborate,1470,1247,1029,441,160,0.454421768707483,0.4170008019246191,0.7807883817427386,0.7412231509893132,-0.0395652307534253,0.7529734734809725,0.7040324219820235,0.5721813707671821,0.7638534705548888,0.1916720997877067,0.1960843898077144,0.2149568989190161,0.0188725091113016,0.0029668049792531,0.0719012834260411,-5.093480007323237e-05,0.0036012398815265,0.0683000435445145,0.1621217787621892,0.0914187469952841,-0.000748538977738,0.0080295385214967,0.0833892084737873,0.1028548245189637,0.0072146616802146,0.095640162838749,0.1603114458939722,0.0225260480965959,0.0031205944583143,0.0129384825846791,80,80,0.4170008019246191,target_prevalence,0.0520967944096212,0.0087390477855677,0.0433577466240535,0.055828895084284,0.024942296920461,"{""C"": 1.0, ""class_weight"": ""balanced"", ""max_iter"": 5000, ""solver"": ""lbfgs""}",0ec0160f1649f42124ca093cb28e50d00a77309027bbdbb0b9ac6257ff1aa269,0.2881755958827273,0.2522157923248957,0.0359598035578315,0.891304347826087,0.5144927536231884,0.6666666666666666,0.6666666666666666,0.8401043995567673,0.4662433265106643,4.400658083355269,5.736208813937873,1.3355507305826038,7.105427357601002e-15,False
12,3,0,1,BBB,B,2013B,2014B,56,lightgbm,source_train_only_activity_types,10,0,,1,clicks_oucollaborate,1470,1247,1029,441,160,0.454421768707483,0.4170008019246191,0.7787551867219917,0.7589434980425351,-0.0198116886794565,0.7906294154664121,0.7384601853111585,0.5743570516304843,0.6383826768208742,0.0640256251903899,0.1928550637097322,0.2164496705173312,0.0235946068075989,0.0147717842323651,0.0043127770575518,0.0005660169977189,0.0092385067066904,-0.0049257296491386,0.2568846584951856,0.0112434003818388,-0.002400626321572,0.0164451490332978,-0.005201748651459,0.0119304436243352,0.0164370765082894,-0.0045066328839541,0.0153822550842204,0.0071045456794572,0.0163965188947203,0.0164937791718753,80,80,0.4170008019246191,target_prevalence,0.006047106500556,0.0107985823031206,-0.0047514758025646,-0.0048386027258516,-0.0001742538465739,"{""class_weight"": ""balanced"", ""colsample_bytree"": 1.0, ""deterministic"": true, ""force_col_wise"": true, ""learning_rate"": 0.035, ""min_child_samples"": 12, ""n_estimators"": 180, ""n_jobs"": 1, ""num_leaves"": 15, ""objective"": ""binary"", ""reg_lambda"": 1.0, ""subsample"": 1.0, ""verbosity"": -1}",7340a032adf73dcca6285d723e7b8782f8c2625f4216107ab44a30759e1137a7,0.0528844248014292,0.2405279551513159,-0.1876435303498866,0.9492753623188406,0.608695652173913,0.6666666666666666,0.4285714285714285,0.8184833000787156,0.5449092388016419,3.4306706788515458,3.4885193601303355,0.0578486812787897,7.993605777301127e-15,False
12,3,0,2,BBB,J,2013J,2014J,14,logistic,source_train_only_activity_types,10,0,,0,,1851,1791,1295,556,160,0.4219340896812534,0.3618090452261306,0.6692781865181945,0.6486341985029649,-0.0206439880152295,0.5842497010119826,0.5240383220824407,0.6833497462771441,1.1292244911821787,0.4458747449050346,0.2377555790415506,0.2583298405935969,0.0205742615520462,0.0032610857029231,0.2471225592600796,-0.0003424154803677,0.002545736906223,0.2445768223538565,0.145802100218631,0.19167318076256,0.0030696159865429,0.0065662200195223,0.1851069607430376,0.2091628503803623,0.0072987343120185,0.2018641160683437,0.2549539853796993,0.1283923761454207,0.0092165899141903,0.0039158501248544,80,80,0.3618090452261306,target_prevalence,0.0448353654386931,0.0064049623443868,0.0384304030943062,0.1415036127240814,0.2061464192595502,"{""C"": 1.0, ""class_weight"": ""balanced"", ""max_iter"": 5000, ""solver"": ""lbfgs""}",0ec0160f1649f42124ca093cb28e50d00a77309027bbdbb0b9ac6257ff1aa269,0.4258390173004398,0.2179213484202649,0.2079176688801749,0.891304347826087,0.5869565217391304,0.6666666666666666,0.6666666666666666,0.8971703083722004,0.5224721970680815,3.9716718135571583,6.366037476450536,2.394365662893378,1.4210854715202004e-14,False
12,3,0,2,BBB,J,2013J,2014J,14,lightgbm,source_train_only_activity_types,10,0,,0,,1851,1791,1295,556,160,0.4219340896812534,0.3618090452261306,0.6536753496387618,0.6512622457686615,-0.0024131038701002,0.5803774647958524,0.5166926519310221,0.6988730786009094,0.6649564386931809,-0.0339166399077285,0.2444178915778004,0.2287149663819781,-0.0157029251958223,0.0111089017034532,0.0349638963985461,0.0006949730850953,0.0149838455089952,0.0199800508895509,0.3079241047405988,0.0353052932853247,0.0005128176165976,0.0254555578376134,0.0098497354477112,0.0364017648270976,0.0229304466194671,0.0134713182076305,0.0392725266819212,0.0313380598887282,0.0163192463392294,0.0345918693359974,80,80,0.3618090452261306,target_prevalence,0.0132638939079558,0.0137937555466452,-0.0005298616386893,0.0097250946254307,0.0205099125282403,"{""class_weight"": ""balanced"", ""colsample_bytree"": 1.0, ""deterministic"": true, ""force_col_wise"": true, ""learning_rate"": 0.035, ""min_child_samples"": 12, ""n_estimators"": 180, ""n_jobs"": 1, ""num_leaves"": 15, ""objective"": ""binary"", ""reg_lambda"": 1.0, ""subsample"": 1.0, ""verbosity"": -1}",7340a032adf73dcca6285d723e7b8782f8c2625f4216107ab44a30759e1137a7,0.1985196457366763,0.2281186666956612,-0.0295990209589848,0.7608695652173914,0.686026538165393,0.6666666666666666,0.4285714285714285,0.4360791389348497,0.3192288420006976,2.709357134881526,2.9828772294581527,0.2735200945766265,6.661338147750939e-15,True
12,3,0,2,BBB,J,2013J,2014J,56,logistic,source_train_only_activity_types,10,0,,0,,1785,1750,1249,536,160,0.3994397759103641,0.3417142857142857,0.7777181169095025,0.6970892558528428,-0.0806288610566597,0.6908435736506251,0.5546413753084226,0.5673945024162386,0.793909144335478,0.2265146419192394,0.1923097655812151,0.2253075941526341,0.0329978285714189,0.0001451210309396,0.1280592085580602,-0.0020701289582493,0.0071768212298976,0.1208823873281626,0.1792206743222464,0.1478097232719373,-0.0019271884726358,0.0130428243893736,0.1347668988825636,0.1623141666683281,0.0104307029731438,0.1518834636951842,0.1936270083688395,0.1019924381750351,0.0047915383272759,0.0212941104514713,80,80,0.3417142857142857,target_prevalence,0.2377145645642329,0.0050980259857627,0.2326165385784701,0.1767494629533164,-0.1117341512503075,"{""C"": 1.0, ""class_weight"": ""balanced"", ""max_iter"": 5000, ""solver"": ""lbfgs""}",0ec0160f1649f42124ca093cb28e50d00a77309027bbdbb0b9ac6257ff1aa269,0.3626811736208498,0.3028285664588967,0.0598526071619531,0.7463768115942029,0.3768115942028985,0.4285714285714285,0.4285714285714285,0.6940500950205319,0.6138204373977927,4.321904783430142,6.277280918679093,1.955376135248951,1.4210854715202004e-14,False
12,3,0,2,BBB,J,2013J,2014J,56,lightgbm,source_train_only_activity_types,10,0,,0,,1785,1750,1249,536,160,0.3994397759103641,0.3417142857142857,0.7566320311139489,0.6435594051932367,-0.1130726259207122,0.7284509873164039,0.5338705136840294,0.5752521202778605,0.689285132428369,0.1140330121505084,0.196415795602689,0.2366681508779927,0.0402523552753037,0.0135543042897777,0.1598155768361585,0.0014981232017325,0.0103710706893447,0.1494445061468137,0.2412595573917846,0.1511889908578587,0.000868722433154,0.0151742167887202,0.1360147740691384,0.165350697171448,0.0137824246258469,0.1515682725456011,0.1959236227148647,0.1064543590008527,0.0107777614005825,0.0195706721768579,80,80,0.3417142857142857,target_prevalence,0.1323492215342356,0.0131288866162473,0.1192203349179883,0.134332420532401,0.0302241712288254,"{""class_weight"": ""balanced"", ""colsample_bytree"": 1.0, ""deterministic"": true, ""force_col_wise"": true, ""learning_rate"": 0.035, ""min_child_samples"": 12, ""n_estimators"": 180, ""n_jobs"": 1, ""num_leaves"": 15, ""objective"": ""binary"", ""reg_lambda"": 1.0, ""subsample"": 1.0, ""verbosity"": -1}",7340a032adf73dcca6285d723e7b8782f8c2625f4216107ab44a30759e1137a7,0.2333839184385534,0.2039512672552658,0.0294326511832875,0.7745454545454544,0.6072727272727272,0.6666666666666666,0.4285714285714285,0.5538314647660203,0.5768047064096183,3.3837912849840786,3.9463446424637167,0.5625533574796382,1.021405182655144e-14,False
12,3,0,3,DDD,B,2013B,2014B,14,logistic,source_train_only_activity_types,11,0,,1,clicks_oucollaborate,1197,1050,837,360,160,0.5747702589807853,0.5447619047619048,0.6855482933914308,0.6944619188343037,0.0089136254428729,0.7563349139217883,0.7076514028966752,0.6957238432485586,0.7000606163844609,0.0043367731359023,0.2353246779802802,0.2357181290386731,0.0003934510583929,0.0103564775346531,0.0124644945966315,-0.0015905549662551,0.0344731356094057,-0.0220086410127741,0.2587295464102975,0.0177457350529728,0.0015115205701885,0.0436244938247546,-0.0258787587717818,0.0184291169071318,0.0456545965947961,-0.0272254796876643,0.0101122143416233,0.0253792557643224,0.0209478139466322,0.0663011737028771,76,80,0.5447619047619048,target_prevalence,0.0116729065658013,0.0370373485803375,-0.0253644420145362,-0.0236865415136552,0.003355801001762,"{""C"": 1.0, ""class_weight"": ""balanced"", ""max_iter"": 5000, ""solver"": ""lbfgs""}",0ec0160f1649f42124ca093cb28e50d00a77309027bbdbb0b9ac6257ff1aa269,0.0669740372995451,0.2606079296174071,-0.193633892317862,0.8799999999999999,0.5799999999999998,0.6666666666666666,0.4285714285714285,0.777454358640663,0.5736392502648274,5.303497978029855,5.329057210589367,0.0255592325595124,5.3290705182007506e-15,False
12,3,0,3,DDD,B,2013B,2014B,14,lightgbm,source_train_only_activity_types,11,0,,1,clicks_oucollaborate,1197,1050,837,360,160,0.5747702589807853,0.5447619047619048,0.7078084051656088,0.694560669456067,-0.0132477357095418,0.7720443226783889,0.712911158446741,0.6557965861774546,0.6862280374825998,0.0304314513051451,0.2264045311512801,0.233701256762542,0.0072967256112619,0.0092829402292319,0.0015250759279292,-0.0008021257844151,0.0096802168066116,-0.0081551408786824,0.2639506089402367,0.0005086621247914,-0.0017585702379416,0.0121778883942459,-0.0116692262694545,0.0005937449298613,0.012398695683857,-0.0118049507539957,-0.0004417309105629,0.0014590551601459,0.0097114239890159,0.014644352799476,76,80,0.5447619047619048,target_prevalence,0.0040883914576891,0.0126128608633237,-0.0085244694056346,-0.0083398051421585,0.0003693285269522,"{""class_weight"": ""balanced"", ""colsample_bytree"": 1.0, ""deterministic"": true, ""force_col_wise"": true, ""learning_rate"": 0.035, ""min_child_samples"": 12, ""n_estimators"": 180, ""n_jobs"": 1, ""num_leaves"": 15, ""objective"": ""binary"", ""reg_lambda"": 1.0, ""subsample"": 1.0, ""verbosity"": -1}",7340a032adf73dcca6285d723e7b8782f8c2625f4216107ab44a30759e1137a7,0.0782200276273666,0.2737279885912047,-0.195507960963838,0.7933333333333331,0.3133333333333333,1.0,0.25,0.9224053895977978,0.50437474007782,3.571874864768806,3.5205152821679446,-0.0513595826008614,5.773159728050814e-15,False
12,3,0,3,DDD,B,2013B,2014B,56,logistic,source_train_only_activity_types,11,0,,1,clicks_oucollaborate,1085,971,759,326,159,0.5299539170506913,0.5077239958805355,0.7336884657523897,0.7206030875775502,-0.0130853781748394,0.7724557169978985,0.7111162250597419,0.6459445337306035,0.680725884397691,0.0347813506670875,0.2181890771318864,0.233803213526358,0.0156141363944715,0.029052854282368,0.0272031151155984,0.0040936038658078,0.0096871459760561,0.0175159691395422,0.1891018860223117,0.0400132803652791,0.0023348947582949,0.0156406185428413,0.0243726618224377,0.0397395075415494,0.0155498968054001,0.0241896107361492,0.0577355078213844,0.0222910529091738,0.0215133390132027,0.00976789807248,76,80,0.5077239958805355,target_prevalence,0.0271574323848419,0.0079941777188908,0.019163254665951,0.0183396119027466,-0.0016472855264088,"{""C"": 1.0, ""class_weight"": ""balanced"", ""max_iter"": 5000, ""solver"": ""lbfgs""}",0ec0160f1649f42124ca093cb28e50d00a77309027bbdbb0b9ac6257ff1aa269,0.0449906835445333,0.2994754259801016,-0.2544847424355682,0.9199999999999998,0.4066666666666665,1.0,0.4285714285714285,0.1676644676530805,0.2604514280336356,4.746941009375435,4.712755421108442,-0.0341855882669932,3.552713678800501e-15,True
12,3,0,3,DDD,B,2013B,2014B,56,lightgbm,source_train_only_activity_types,11,0,,1,clicks_oucollaborate,1085,971,759,326,159,0.5299539170506913,0.5077239958805355,0.7168763459140882,0.7336433924312764,0.0167670465171881,0.7631000007853552,0.7481901441170663,0.6940869350458828,0.7108152641983466,0.0167283291524638,0.2340490426592974,0.2342443637699246,0.0001953211106272,0.0597680305262759,0.0120406701341183,-0.0001427037452456,0.0122734209497836,-0.0002327508156652,0.2492522975480995,0.015350643566432,-0.0003418473897758,0.0129718187020912,0.0023788248643407,0.0153101928241782,0.0128859283254602,0.002424264498718,0.0179691549483275,0.0127321321845365,0.018531789082673,0.0074118483215094,76,80,0.5077239958805355,target_prevalence,0.0231904360254937,0.0067200533016735,0.0164703827238201,0.0081188159540774,-0.0167031335394854,"{""class_weight"": ""balanced"", ""colsample_bytree"": 1.0, ""deterministic"": true, ""force_col_wise"": true, ""learning_rate"": 0.035, ""min_child_samples"": 12, ""n_estimators"": 180, ""n_jobs"": 1, ""num_leaves"": 15, ""objective"": ""binary"", ""reg_lambda"": 1.0, ""subsample"": 1.0, ""verbosity"": -1}",7340a032adf73dcca6285d723e7b8782f8c2625f4216107ab44a30759e1137a7,0.1078821606538586,0.2694457823956297,-0.161563621741771,0.8399999999999999,0.5133333333333333,0.6666666666666666,0.25,0.5651559562544229,0.5309619723923149,3.901018544045999,3.8553279313325617,-0.0456906127134373,6.217248937900877e-15,False
12,3,0,4,DDD,J,2013J,2014J,14,logistic,source_train_only_activity_types,10,0,,0,,1675,1479,1172,503,160,0.5068656716417911,0.4645030425963489,0.6862745098039215,0.6990097481363857,0.0127352383324642,0.6446603382844336,0.6420568615728077,0.6681926196461807,0.7084003921758211,0.0402077725296403,0.2304211360184195,0.2281233638782876,-0.0022977721401319,0.0065306767868439,0.0087758045468138,-0.0003326424449184,0.0030813796279182,0.0056944249188956,0.1331381942568779,0.007460620441873,-0.0007226662595858,0.0028425065747532,0.0046181138671197,0.007593617795674,0.0027756416262568,0.0048179761694171,0.0093339831682697,0.0055872577154763,0.001900666014503,0.0037843471350035,80,80,0.4645030425963489,target_prevalence,0.0084786940696645,0.0017259453060704,0.0067527487635941,0.0062235868412448,-0.0010583238446985,"{""C"": 1.0, ""class_weight"": ""balanced"", ""max_iter"": 5000, ""solver"": ""lbfgs""}",0ec0160f1649f42124ca093cb28e50d00a77309027bbdbb0b9ac6257ff1aa269,0.0922413763228838,0.1750132909525014,-0.0827719146296176,0.8405797101449275,0.6666666666666667,0.6666666666666666,0.4285714285714285,0.2482183338208231,0.3447527542662519,4.796135755105863,5.1680413069159865,0.3719055518101237,7.105427357601002e-15,False
12,3,0,4,DDD,J,2013J,2014J,14,lightgbm,source_train_only_activity_types,10,0,,0,,1675,1479,1172,503,160,0.5068656716417911,0.4645030425963489,0.6744781783681214,0.6725166512284416,-0.0019615271396797,0.6753703412492815,0.6262194916244732,0.6812969342165146,0.6682955874315766,-0.013001346784938,0.2375316003508874,0.2335685088921522,-0.0039630914587352,0.0328747628083491,0.0028787205944856,-0.0013029109804396,0.0021093591194288,0.0007693614750568,0.2331028432790732,0.0051093214190695,-0.0008945944808931,0.0061619846837034,-0.0010526632646339,0.0051441930214629,0.0062018429942323,-0.0010576499727693,0.0056005128470676,0.0046181299910714,0.0067234174577242,0.0056005519096827,80,80,0.4645030425963489,target_prevalence,0.0033267541518191,0.0029158999062151,0.000410854245604,0.0005901078603304,0.0003585072294527,"{""class_weight"": ""balanced"", ""colsample_bytree"": 1.0, ""deterministic"": true, ""force_col_wise"": true, ""learning_rate"": 0.035, ""min_child_samples"": 12, ""n_estimators"": 180, ""n_jobs"": 1, ""num_leaves"": 15, ""objective"": ""binary"", ""reg_lambda"": 1.0, ""subsample"": 1.0, ""verbosity"": -1}",7340a032adf73dcca6285d723e7b8782f8c2625f4216107ab44a30759e1137a7,0.0710488658731328,0.1400973467944944,-0.0690484809213615,0.8985507246376812,0.7101449275362319,0.6666666666666666,0.6666666666666666,0.6563641620956868,0.5633698447621551,3.0528455575366307,3.085552799496876,0.0327072419602454,4.884981308350689e-15,True
12,3,0,4,DDD,J,2013J,2014J,56,logistic,source_train_only_activity_types,10,0,,0,,1574,1417,1101,473,160,0.4739517153748411,0.4410726887791108,0.7487808376362594,0.7272242424242426,-0.0215565952120168,0.7282661495492551,0.6778865041072049,0.6244686228970107,0.6912325525520923,0.0667639296550816,0.2064372351847577,0.2383633506074984,0.0319261154227407,0.0114744693057946,0.0242404668769415,-0.0001271160675674,0.0082702389264354,0.0159702279505061,0.1794602839973663,0.0288919424390791,0.003447021478544,0.0157834108179556,0.0131085316211234,0.0300690578435632,0.0153068846980447,0.0147621731455185,0.0388798018891033,0.0189040829890548,0.0117400724232628,0.0198267492126484,80,80,0.4410726887791108,target_prevalence,0.0262626383671362,0.0069745739579706,0.0192880644091655,0.0176291461798358,-0.0033178364586594,"{""C"": 1.0, ""class_weight"": ""balanced"", ""max_iter"": 5000, ""solver"": ""lbfgs""}",0ec0160f1649f42124ca093cb28e50d00a77309027bbdbb0b9ac6257ff1aa269,0.0622080549390749,0.2265354228277564,-0.1643273678886814,0.9347826086956522,0.6449275362318841,0.6666666666666666,1.0,0.3272215929045098,0.6148878871255604,5.015182998430374,5.370085775673585,0.3549027772432112,5.3290705182007506e-15,False
12,3,0,4,DDD,J,2013J,2014J,56,lightgbm,source_train_only_activity_types,10,0,,0,,1574,1417,1101,473,160,0.4739517153748411,0.4410726887791108,0.7627474182444061,0.6137636363636363,-0.1489837818807697,0.7624190722270439,0.604843499337375,0.5980397525307828,0.9031080317430056,0.3050682792122229,0.2033769597329655,0.3294603828129714,0.1260834230800059,0.0244370338496843,0.2881684975615698,-0.0014832096650488,0.0071013609559721,0.2810671366055977,0.2647809743478522,0.3272796083348408,0.0029045586370352,0.0126565854562987,0.314623022878542,0.3514381627801781,0.0126408649765879,0.3387972978035902,0.5322656661135408,0.1222935505561408,0.012523196715279,0.0127899741973184,80,80,0.4410726887791108,target_prevalence,0.2156009073098764,0.0103891363741951,0.2052117709356812,0.2431394537706394,0.0758553656699164,"{""class_weight"": ""balanced"", ""colsample_bytree"": 1.0, ""deterministic"": true, ""force_col_wise"": true, ""learning_rate"": 0.035, ""min_child_samples"": 12, ""n_estimators"": 180, ""n_jobs"": 1, ""num_leaves"": 15, ""objective"": ""binary"", ""reg_lambda"": 1.0, ""subsample"": 1.0, ""verbosity"": -1}",7340a032adf73dcca6285d723e7b8782f8c2625f4216107ab44a30759e1137a7,0.1504426785198508,0.212420892709581,-0.0619782141897302,0.8333333333333333,0.4855072463768116,1.0,0.4285714285714285,0.2741661991864524,0.6596228947783426,3.629819075437882,4.408868182924723,0.7790491074868413,5.551115123125783e-15,False
12,3,0,5,EEE,J,2013J,2014J,14,logistic,source_train_only_activity_types,9,0,,2,clicks_ouwiki|clicks_page,933,1027,653,280,138,0.3483386923901393,0.3339824732229795,0.6615272482619422,0.724323564012071,0.0627963157501287,0.4753893838028679,0.5451151324241089,0.7085122595889981,0.6323061995723678,-0.0762060600166303,0.2412696910657898,0.2201353497471042,-0.0211343413186855,0.0230432832473649,0.0051164062987881,-0.0015184731346586,0.0240364406291588,-0.0189200343303707,0.2880698058928144,0.0056742741150069,-0.0047803269460463,0.0340736031634318,-0.0283993290484249,0.0075712915655348,0.0282338800288182,-0.0206625884632834,0.0113875788707025,-3.9030640688775264e-05,0.0164859326084519,0.0516612737184118,80,49,0.3339824732229795,target_prevalence,-0.0006547837362331,0.0227671447837379,-0.0234219285199711,-0.0211709814251709,0.0045018941896003,"{""C"": 1.0, ""class_weight"": ""balanced"", ""max_iter"": 5000, ""solver"": ""lbfgs""}",0ec0160f1649f42124ca093cb28e50d00a77309027bbdbb0b9ac6257ff1aa269,0.0649945165264985,0.3840852409473133,-0.3190907244208147,0.9288537549407117,0.4387351778656126,1.0,0.4285714285714285,0.8677449742195273,0.7721440958776763,4.3370784907961895,4.381433268928672,0.0443547781324822,2.220446049250313e-15,False
12,3,0,5,EEE,J,2013J,2014J,14,lightgbm,source_train_only_activity_types,9,0,,2,clicks_ouwiki|clicks_page,933,1027,653,280,138,0.3483386923901393,0.3339824732229795,0.6449876653958286,0.7065878983172216,0.0616002329213929,0.4973485849324625,0.5406513677187861,0.7596571705912651,0.6624328029621612,-0.0972243676291039,0.2492396771523843,0.2229250256668853,-0.0263146514854989,0.0421619197129401,0.0094014020942078,-0.0021193595761674,0.0190665912641254,-0.0096651891699175,0.3319843627859675,0.0069858632807695,-0.0011449590645555,0.0349833372653783,-0.0279974739846088,0.0088013235561294,0.0363771890103584,-0.0275758654542289,0.0124535398285545,0.0015181867329844,0.039181242667415,0.0307854318633415,80,49,0.3339824732229795,target_prevalence,0.0042151070897007,0.014014151300632,-0.0097990442109312,-0.0097321166904244,0.0001338550410136,"{""class_weight"": ""balanced"", ""colsample_bytree"": 1.0, ""deterministic"": true, ""force_col_wise"": true, ""learning_rate"": 0.035, ""min_child_samples"": 12, ""n_estimators"": 180, ""n_jobs"": 1, ""num_leaves"": 15, ""objective"": ""binary"", ""reg_lambda"": 1.0, ""subsample"": 1.0, ""verbosity"": -1}",7340a032adf73dcca6285d723e7b8782f8c2625f4216107ab44a30759e1137a7,0.0920977693114218,0.3299682824310819,-0.2378705131196601,0.8656126482213439,0.5098814229249012,0.6666666666666666,0.25,0.7148737049810492,0.6494161840889191,3.666502009332513,3.613463733155931,-0.0530382761765815,7.105427357601002e-15,False
12,3,0,5,EEE,J,2013J,2014J,56,logistic,source_train_only_activity_types,9,0,,2,clicks_ouwiki|clicks_page,906,997,634,272,134,0.3278145695364238,0.3139418254764293,0.7315650518818689,0.7736440408796219,0.0420789889977529,0.5972313532270042,0.6507948669995859,0.6342003140791789,0.5973657627865298,-0.0368345512926491,0.2154469901146004,0.2006643166007453,-0.014782673513855,0.0232086940504696,0.0027140694099909,-0.001676321178169,0.0204389357772791,-0.0177248663672882,0.3289427680048671,0.0025437160596604,0.0001122717465591,0.0482982652971894,-0.045754549237529,0.0033544256545425,0.0387281513241118,-0.0353737256695693,0.0047223615208396,0.0003650705984812,0.0225801962105092,0.0740163343838696,80,44,0.3139418254764293,target_prevalence,0.0058931337871686,0.0235324658523413,-0.0176393320651726,-0.0176820992162304,-8.553430211555302e-05,"{""C"": 1.0, ""class_weight"": ""balanced"", ""max_iter"": 5000, ""solver"": ""lbfgs""}",0ec0160f1649f42124ca093cb28e50d00a77309027bbdbb0b9ac6257ff1aa269,0.0473620678758596,0.3094188066109014,-0.2620567387350417,0.9367588932806324,0.5019762845849802,1.0,0.6666666666666666,0.3761865665766141,0.6134868043397141,5.231790400871308,5.006351448641126,-0.2254389522301823,1.7763568394002505e-15,False
12,3,0,5,EEE,J,2013J,2014J,56,lightgbm,source_train_only_activity_types,9,0,,2,clicks_ouwiki|clicks_page,906,997,634,272,134,0.3278145695364238,0.3139418254764293,0.7715969791858537,0.7723081665825907,0.000711187396737,0.6555689623925487,0.6683612179698319,0.5726887568936727,0.5783897762189136,0.0057010193252409,0.1896637667287249,0.1873793393148661,-0.0022844274138588,0.0171302265610607,0.0043342022944086,0.0009202169742396,0.013848583819386,-0.0095143815249773,0.3029289715737871,0.0015489891922565,-0.0014497063836695,0.0201972125051431,-0.0186482233128866,0.0017119841251278,0.0200954844492373,-0.0183835003241095,0.0019870106156331,0.0011109677688798,0.0199238354923721,0.0204705895179141,80,44,0.3139418254764293,target_prevalence,0.0074800957374092,0.0104793454420081,-0.0029992497045989,-0.0062568156147881,-0.0065151318203783,"{""class_weight"": ""balanced"", ""colsample_bytree"": 1.0, ""deterministic"": true, ""force_col_wise"": true, ""learning_rate"": 0.035, ""min_child_samples"": 12, ""n_estimators"": 180, ""n_jobs"": 1, ""num_leaves"": 15, ""objective"": ""binary"", ""reg_lambda"": 1.0, ""subsample"": 1.0, ""verbosity"": -1}",7340a032adf73dcca6285d723e7b8782f8c2625f4216107ab44a30759e1137a7,0.067610330243763,0.257984466479215,-0.1903741362354519,0.8888888888888888,0.5148524945652373,0.6666666666666666,0.4285714285714285,0.6339197112982389,0.2006762065832202,3.869513469420845,3.95847772223322,0.0889642528123744,7.105427357601002e-15,False
12,3,0,6,FFF,B,2013B,2014B,14,logistic,source_train_only_activity_types,13,0,,1,clicks_oucollaborate,1520,1309,1064,456,160,0.4861842105263158,0.5011459129106188,0.7383729883729884,0.7148806633548724,-0.0234923250181159,0.7183003763145702,0.6907782056882752,0.6224714586500334,0.695548933887616,0.0730774752375825,0.2141254266305701,0.2260064245720059,0.0118809979414357,0.0253522753522752,0.0074496347353947,-0.0005948785409858,0.0154002722484135,-0.0079506375130187,0.2000692682783119,0.004410330273836,0.0063908813083984,0.0275188920582671,-0.023108561784431,0.0044050545846648,0.0275473310815535,-0.0231422764968887,0.0067122893155507,0.0021083712321214,0.0151099982309635,0.0399277858855707,80,80,0.5011459129106188,target_prevalence,0.00354959418774,0.0154937753391931,-0.011944181151453,-0.0099474093322358,0.0039935436384342,"{""C"": 1.0, ""class_weight"": ""balanced"", ""max_iter"": 5000, ""solver"": ""lbfgs""}",0ec0160f1649f42124ca093cb28e50d00a77309027bbdbb0b9ac6257ff1aa269,0.0884286234452367,0.3569303427849378,-0.2685017193397011,0.8974358974358976,0.3903133903133903,1.0,0.4285714285714285,0.793723098239312,0.7583095662535158,6.6465705663123344,6.385124558058238,-0.2614460082540963,2.8421709430404014e-14,False
12,3,0,6,FFF,B,2013B,2014B,14,lightgbm,source_train_only_activity_types,13,0,,1,clicks_oucollaborate,1520,1309,1064,456,160,0.4861842105263158,0.5011459129106188,0.7523292523292524,0.6941601613565905,-0.0581690909726618,0.7387838541946797,0.6802905267395059,0.5992188365878909,0.6606851004979358,0.0614662639100449,0.204723717861193,0.2292869738725535,0.0245632560113605,0.0029837529837528,0.0145483513306613,0.0021601668950284,0.0126576578944491,0.0018906934362122,0.2781619106328336,0.0183331979988464,-0.0029588327692494,0.0115780187466359,0.0067551792522105,0.0183192587514114,0.0115847812923716,0.0067344774590397,0.0244153562963339,0.012251039701359,0.0086272946239495,0.0145287428693223,80,80,0.5011459129106188,target_prevalence,0.0069937615995295,0.0103211563357213,-0.0033273947361918,-0.0007183506499897,0.005218088172404,"{""class_weight"": ""balanced"", ""colsample_bytree"": 1.0, ""deterministic"": true, ""force_col_wise"": true, ""learning_rate"": 0.035, ""min_child_samples"": 12, ""n_estimators"": 180, ""n_jobs"": 1, ""num_leaves"": 15, ""objective"": ""binary"", ""reg_lambda"": 1.0, ""subsample"": 1.0, ""verbosity"": -1}",7340a032adf73dcca6285d723e7b8782f8c2625f4216107ab44a30759e1137a7,0.0461383196695045,0.2451764906468441,-0.1990381709773395,0.9257142857142856,0.5114285714285713,0.6666666666666666,0.1111111111111111,0.6666743603283499,0.5412864968676966,3.205300782414437,3.159914240751192,-0.0453865416632455,6.439293542825908e-15,False
12,3,0,6,FFF,B,2013B,2014B,56,logistic,source_train_only_activity_types,13,0,,1,clicks_oucollaborate,1407,1257,984,423,160,0.4442075337597725,0.4797136038186158,0.786803983703033,0.7674420963480254,-0.0193618873550075,0.73132956648209,0.726984475797178,0.5848056105855186,0.651242503011853,0.0664368924263344,0.1900793688667506,0.211060020312539,0.0209806514457884,0.0108420099592574,0.0159074545933851,-0.0011655923736325,0.0152608456748735,0.0006466089185116,0.2193852870919152,0.0230025128817883,0.0030876232201837,0.0248950389981501,-0.0018925261163617,0.0230751674139283,0.0245350900526195,-0.0014599226386911,0.0247932334092388,0.0212117923543379,0.0160233561641888,0.0337667218321114,80,80,0.4797136038186158,target_prevalence,0.0163680554042686,0.0158080401140379,0.0005600152902306,0.0006033121043711,8.659362828095096e-05,"{""C"": 1.0, ""class_weight"": ""balanced"", ""max_iter"": 5000, ""solver"": ""lbfgs""}",0ec0160f1649f42124ca093cb28e50d00a77309027bbdbb0b9ac6257ff1aa269,0.0518262851477613,0.2775914869034938,-0.2257652017557324,0.9145299145299146,0.5042735042735044,0.6666666666666666,0.25,0.8518075359584759,0.458045690545462,5.2012426882610585,5.379167416583114,0.177924728322055,7.105427357601002e-15,False
12,3,0,6,FFF,B,2013B,2014B,56,lightgbm,source_train_only_activity_types,13,0,,1,clicks_oucollaborate,1407,1257,984,423,160,0.4442075337597725,0.4797136038186158,0.7759846084200996,0.765892758430072,-0.0100918499900276,0.7571607455367242,0.756376090330781,0.5841095822903499,0.6328469107679948,0.0487373284776448,0.1977372179896253,0.20899250822003,0.0112552902304046,0.0049796287913083,0.0457595385878271,-0.0002300480486501,0.0116959327875905,0.0340636058002365,0.2467462638740401,0.0419824252022515,0.0015638617499313,0.0161126901709733,0.0258697350312782,0.041895749310899,0.0159339215052375,0.0259618278056614,0.0398461194095035,0.0441187309949996,0.011706568350779,0.0205188119911676,80,80,0.4797136038186158,target_prevalence,0.0201380141337236,0.0071188074909282,0.0130192066427954,0.023541406221516,0.0210443991574411,"{""class_weight"": ""balanced"", ""colsample_bytree"": 1.0, ""deterministic"": true, ""force_col_wise"": true, ""learning_rate"": 0.035, ""min_child_samples"": 12, ""n_estimators"": 180, ""n_jobs"": 1, ""num_leaves"": 15, ""objective"": ""binary"", ""reg_lambda"": 1.0, ""subsample"": 1.0, ""verbosity"": -1}",7340a032adf73dcca6285d723e7b8782f8c2625f4216107ab44a30759e1137a7,0.0875547986867167,0.2316457453412197,-0.1440909466545029,0.8461538461538463,0.6011396011396013,0.6666666666666666,0.25,0.7267781546589798,0.5209682343486942,4.136643171070091,4.28532639078947,0.1486832197193788,9.769962616701378e-15,False
12,3,0,7,FFF,J,2013J,2014J,14,logistic,source_train_only_activity_types,13,0,,1,clicks_htmlactivity,1998,1886,1398,600,160,0.4519519519519519,0.4077412513255567,0.7296627373568568,0.7338810416625436,0.0042183043056868,0.6876576194551276,0.6463316685504104,0.6112418344416113,0.6127322020396369,0.0014903675980255,0.2104951933576132,0.2111965789118992,0.000701385554286,0.0170481947980573,0.0034086978182064,0.0012494540328106,0.0105841514677735,-0.0071754536495671,0.1960540974464734,0.008140642076411,-0.0016222812493071,0.0099762577451333,-0.0018356156687222,0.0067780947528435,0.0091557637185526,-0.0023776689657091,0.0007562620412146,0.0155250221116073,0.0055295573596989,0.0144229581305676,80,80,0.4077412513255567,target_prevalence,0.0020703743452111,0.009352132931488,-0.0072817585862768,-0.007228606117922,0.0001063049367097,"{""C"": 1.0, ""class_weight"": ""balanced"", ""max_iter"": 5000, ""solver"": ""lbfgs""}",0ec0160f1649f42124ca093cb28e50d00a77309027bbdbb0b9ac6257ff1aa269,0.061837836210437,0.2111393761909608,-0.1493015399805238,0.891737891737892,0.5954415954415955,1.0,1.0,0.6091686778951799,0.6216345829280869,3.507598651224817,3.782531778897,0.2749331276721829,1.7763568394002505e-15,False
12,3,0,7,FFF,J,2013J,2014J,14,lightgbm,source_train_only_activity_types,13,0,,1,clicks_htmlactivity,1998,1886,1398,600,160,0.4519519519519519,0.4077412513255567,0.6771273791765273,0.7116975737304898,0.0345701945539624,0.6366586954283127,0.6282293787838544,0.6632239561637422,0.626544810111464,-0.0366791460522781,0.2332064427249433,0.2164549917883686,-0.0167514509365747,0.0064603685550532,0.0065756571748298,-4.687062869718206e-05,0.0038465006518697,0.00272915652296,0.2534155862122517,0.0081987798640502,0.0035974294177311,0.0076235321705872,0.000575247693463,0.0085897840473778,0.0076237829900856,0.0009660010572921,0.0103178427656475,0.0060797169624529,0.0076248914969495,0.0076221728442248,80,80,0.4077412513255567,target_prevalence,0.0103253236066082,0.0037251898659339,0.0066001337406743,0.0046646451318171,-0.0038709772177142,"{""class_weight"": ""balanced"", ""colsample_bytree"": 1.0, ""deterministic"": true, ""force_col_wise"": true, ""learning_rate"": 0.035, ""min_child_samples"": 12, ""n_estimators"": 180, ""n_jobs"": 1, ""num_leaves"": 15, ""objective"": ""binary"", ""reg_lambda"": 1.0, ""subsample"": 1.0, ""verbosity"": -1}",7340a032adf73dcca6285d723e7b8782f8c2625f4216107ab44a30759e1137a7,0.0599345570811821,0.2148613672923416,-0.1549268102111595,0.9202279202279204,0.5877324097149871,0.6666666666666666,0.4285714285714285,0.6940525961387508,0.6255800902464038,2.738468778614471,2.83720287992496,0.0987341013104887,3.774758283725532e-15,False
12,3,0,7,FFF,J,2013J,2014J,56,logistic,source_train_only_activity_types,14,0,,1,clicks_htmlactivity,1915,1793,1340,575,160,0.4281984334203655,0.3770217512548801,0.7788444905725654,0.7740315087433053,-0.0048129818292601,0.7141545989334981,0.6695332642754745,0.5935972566068471,0.5884846128947064,-0.0051126437121407,0.1990555153454979,0.1975594996265551,-0.0014960157189427,0.0116020461116467,0.00986301344276,-0.0008561279851906,0.0149286649133113,-0.0050656514705512,0.227513254961048,0.0057701910486973,-0.0016330137794201,0.0281679917294179,-0.0223978006807205,0.0064563964055988,0.0241526520451521,-0.0176962556395532,0.0085601370916099,0.0029802450057847,0.0118425857115299,0.0444933977473058,80,80,0.3770217512548801,target_prevalence,0.0381574312034507,0.0131257073174128,0.0250317238860378,0.0099830362077432,-0.0300973753565891,"{""C"": 1.0, ""class_weight"": ""balanced"", ""max_iter"": 5000, ""solver"": ""lbfgs""}",0ec0160f1649f42124ca093cb28e50d00a77309027bbdbb0b9ac6257ff1aa269,0.0570475608787688,0.3595761987373728,-0.3025286378586039,0.9153439153439152,0.4285714285714285,0.6666666666666666,0.4285714285714285,0.671703539441768,0.487093167598302,4.863809327192125,4.756370250118991,-0.1074390770731339,3.552713678800501e-15,False
12,3,0,7,FFF,J,2013J,2014J,56,lightgbm,source_train_only_activity_types,14,0,,1,clicks_htmlactivity,1915,1793,1340,575,160,0.4281984334203655,0.3770217512548801,0.7387871599080731,0.7754326625099989,0.0366455026019257,0.7036539892604877,0.7070398091072378,0.631304882607247,0.5524425030448722,-0.0788623795623748,0.2167369751780641,0.1856980014338742,-0.0310389737441899,0.0059184026490722,0.0276204329494737,-0.0015052997226059,0.0058660665958676,0.0217543663536061,0.2190978498789876,0.0392601060760815,0.0061786321229121,0.0146258060984604,0.024634299977621,0.0418150530556789,0.0153514465824602,0.0264636064732186,0.0496479063808844,0.0288723057712787,0.0175760858894166,0.0116755263075043,80,80,0.3770217512548801,target_prevalence,0.0152662519159681,0.0048254019194311,0.010440849996537,0.0160976081750715,0.011313516357069,"{""class_weight"": ""balanced"", ""colsample_bytree"": 1.0, ""deterministic"": true, ""force_col_wise"": true, ""learning_rate"": 0.035, ""min_child_samples"": 12, ""n_estimators"": 180, ""n_jobs"": 1, ""num_leaves"": 15, ""objective"": ""binary"", ""reg_lambda"": 1.0, ""subsample"": 1.0, ""verbosity"": -1}",7340a032adf73dcca6285d723e7b8782f8c2625f4216107ab44a30759e1137a7,0.0875976144058595,0.190893234171891,-0.1032956197660315,0.925925925925926,0.7037037037037037,0.6666666666666666,0.6666666666666666,0.8267659509603523,0.5587389093861269,3.588424698132228,3.787736332560948,0.19931163442872,6.217248937900877e-15,False
12,3,0,8,GGG,J,2013J,2014J,14,logistic,source_train_only_activity_types,6,0,,1,clicks_quiz,926,719,648,278,134,0.3606911447084233,0.3824756606397774,0.5076966292134832,0.5766584766584766,0.0689618474449933,0.3549651745841087,0.4500600311405047,0.7765309453016075,0.7599055402878739,-0.0166254050137335,0.2795823313519515,0.2632811945568038,-0.0163011367951477,0.0456741573033707,0.0153931271428973,0.0051737342305727,0.0520682592462789,-0.0366751321033816,0.4321179451725873,0.0137993742582213,7.76140000461889e-05,0.0630153560281134,-0.049215981769892,0.0162919995975181,0.0560179983890349,-0.0397259987915167,0.0244040938970049,0.0031946546194377,0.033245532699726,0.0927851793565008,80,50,0.3824756606397774,target_prevalence,0.0092167913677048,0.0472488484661603,-0.0380320570984554,-0.0373535946009185,0.0013569249950738,"{""C"": 1.0, ""class_weight"": ""balanced"", ""max_iter"": 5000, ""solver"": ""lbfgs""}",0ec0160f1649f42124ca093cb28e50d00a77309027bbdbb0b9ac6257ff1aa269,0.0896740335080196,0.3604906268707499,-0.2708165933627302,0.9263157894736842,0.4842105263157895,1.0,0.6666666666666666,0.5767476610777587,0.5606217764050473,3.38547419570556,4.345330656188863,0.9598564604833028,5.3290705182007506e-15,False
12,3,0,8,GGG,J,2013J,2014J,14,lightgbm,source_train_only_activity_types,6,0,,1,clicks_quiz,926,719,648,278,134,0.3606911447084233,0.3824756606397774,0.5733707865168539,0.6311425061425061,0.0577717196256521,0.4532997429917726,0.5172871984708477,0.7499902952358714,0.7291416293592504,-0.0208486658766209,0.2643790850103673,0.2567071894388766,-0.0076718955714907,0.0479775280898876,0.0585602086064895,0.0014570805831928,0.0200159095691766,0.0385442990373129,0.3435520357780313,0.034358150992855,-0.0051866596633409,0.0091794243245561,0.0251787266682989,0.0352300455407575,0.0108200356665943,0.0244100098741631,0.038067572175943,0.030648729809767,0.0161593033477839,0.0021995453013283,80,50,0.3824756606397774,target_prevalence,0.0105806988911096,0.0093460873294753,0.0012346115616342,0.0198894552994735,0.0373096874756787,"{""class_weight"": ""balanced"", ""colsample_bytree"": 1.0, ""deterministic"": true, ""force_col_wise"": true, ""learning_rate"": 0.035, ""min_child_samples"": 12, ""n_estimators"": 180, ""n_jobs"": 1, ""num_leaves"": 15, ""objective"": ""binary"", ""reg_lambda"": 1.0, ""subsample"": 1.0, ""verbosity"": -1}",7340a032adf73dcca6285d723e7b8782f8c2625f4216107ab44a30759e1137a7,0.1405109000418635,0.1709366311134718,-0.0304257310716082,0.8842105263157894,0.6736842105263158,1.0,0.4285714285714285,0.3577940722268218,0.3254233787540861,2.99546728618494,3.273347666686869,0.2778803805019292,5.773159728050814e-15,False
12,3,0,8,GGG,J,2013J,2014J,56,logistic,source_train_only_activity_types,6,0,,1,clicks_quiz,919,698,643,276,136,0.3558215451577802,0.3638968481375358,0.6171749598715891,0.6699386394268283,0.0527636795552391,0.4647570001061978,0.5289984127227539,0.7052135656123197,0.6905319957368687,-0.0146815698754509,0.2509802154198703,0.2363051056909708,-0.0146751097288995,0.0350836963999082,0.0232326962396792,-0.0026820314104372,0.0445033903618704,-0.0212706941221911,0.2819879408607635,0.0324657165007638,-0.0013687070845566,0.0422492853439068,-0.0097835688431429,0.0407133483184171,0.0413573915572741,-0.0006440432388569,0.0627649112835112,0.0021665217180164,0.0389727492224876,0.045525821465326,80,49,0.3638968481375358,target_prevalence,0.0329917930901764,0.0413689343603106,-0.0083771412701342,-0.0148239176961627,-0.0128935528520569,"{""C"": 1.0, ""class_weight"": ""balanced"", ""max_iter"": 5000, ""solver"": ""lbfgs""}",0ec0160f1649f42124ca093cb28e50d00a77309027bbdbb0b9ac6257ff1aa269,0.0789104061973804,0.3794732380117239,-0.3005628318143434,0.9263157894736842,0.3578947368421052,1.0,0.4285714285714285,0.7888524317761323,0.1817387760008589,4.297635422846088,4.948004496273455,0.6503690734273677,3.552713678800501e-15,False
12,3,0,8,GGG,J,2013J,2014J,56,lightgbm,source_train_only_activity_types,6,0,,1,clicks_quiz,919,698,643,276,136,0.3558215451577802,0.3638968481375358,0.5320454024306351,0.6343769951053415,0.1023315926747063,0.386211268657919,0.5322126690441851,0.907979403446514,0.7421084694110296,-0.1658709340354844,0.310856641261883,0.2534088814825843,-0.0574477597792987,0.0574982802109608,0.0158117739211743,-0.0034604189134134,0.0141971186398625,0.0016146552813118,0.3766937949579967,0.0336532459095158,0.0058514647305294,0.0183679249287828,0.015285320980733,0.0364916842537293,0.0155425831099384,0.0209491011437908,0.0440807720372052,0.0232257197818264,0.0079885112995544,0.0287473385580111,80,49,0.3638968481375358,target_prevalence,0.0287396542329982,0.011214660511327,0.0175249937216712,0.0095698245014915,-0.0159103384403593,"{""class_weight"": ""balanced"", ""colsample_bytree"": 1.0, ""deterministic"": true, ""force_col_wise"": true, ""learning_rate"": 0.035, ""min_child_samples"": 12, ""n_estimators"": 180, ""n_jobs"": 1, ""num_leaves"": 15, ""objective"": ""binary"", ""reg_lambda"": 1.0, ""subsample"": 1.0, ""verbosity"": -1}",7340a032adf73dcca6285d723e7b8782f8c2625f4216107ab44a30759e1137a7,0.0988247598164487,0.2499080103306113,-0.1510832505141627,0.8947368421052632,0.5157894736842106,1.0,0.6666666666666666,0.47887154809185,0.3985299458177399,3.352342643349898,3.5350855560715235,0.1827429127216255,9.769962616701378e-15,False
13,3,1,0,AAA,J,2013J,2014J,14,logistic,source_train_only_activity_types,9,0,,0,,370,350,259,111,53,0.2486486486486486,0.2771428571428571,0.5133390705679863,0.6370971028075465,0.1237580322395601,0.2606915495554703,0.3836035511040641,0.939903898922199,0.8358902130774758,-0.1040136858447232,0.3050449637535901,0.2557110647656418,-0.0493338989879482,0.1290877796901892,0.0096385996170719,0.0032149250522951,0.0292801315801579,-0.0196415319630859,0.2387197035314642,-0.0005300844241272,-0.0055825029852318,0.0165591756663449,-0.0170892600904721,0.0004393481065071,0.0152661777337048,-0.0148268296271977,0.0016449244587062,-0.0027050933069606,0.0136582187661909,0.0194601325664989,41,14,0.2771428571428571,target_prevalence,0.00598953351784,0.0112931848411507,-0.0053036513233106,-0.0124725916431983,-0.0143378806397753,"{""C"": 1.0, ""class_weight"": ""balanced"", ""max_iter"": 5000, ""solver"": ""lbfgs""}",0ec0160f1649f42124ca093cb28e50d00a77309027bbdbb0b9ac6257ff1aa269,0.1082221225046872,0.3335927091046539,-0.2253705865999667,0.8656126482213439,0.3438735177865613,1.0,0.25,0.2590592011365001,0.2109706908961258,8.948640221027189,11.212735083767042,2.264094862739853,4.440892098500626e-15,False
13,3,1,0,AAA,J,2013J,2014J,14,lightgbm,source_train_only_activity_types,9,0,,0,,370,350,259,111,53,0.2486486486486486,0.2771428571428571,0.5623924268502583,0.6074324599649565,0.0450400331146982,0.3348778056664369,0.3654849603532721,0.7666604098758443,0.7776169925478101,0.0109565826719658,0.2483439871155285,0.2438518082805081,-0.0044921788350203,0.0512048192771084,0.0196587984664545,-0.0024256790271529,0.0115760453771673,0.0080827530892871,0.3554477740659262,0.0134398798641499,1.443866486602885e-05,0.0223483597116686,-0.0089084798475187,0.0158215421656433,0.0299380878741065,-0.0141165457084632,0.0187833529764748,0.0080964067518249,0.0393765959735485,0.0053201234497887,41,14,0.2771428571428571,target_prevalence,0.0037844718933913,0.0243056012810555,-0.0205211293876641,-0.0062191881491884,0.0286038824769513,"{""class_weight"": ""balanced"", ""colsample_bytree"": 1.0, ""deterministic"": true, ""force_col_wise"": true, ""learning_rate"": 0.035, ""min_child_samples"": 12, ""n_estimators"": 180, ""n_jobs"": 1, ""num_leaves"": 15, ""objective"": ""binary"", ""reg_lambda"": 1.0, ""subsample"": 1.0, ""verbosity"": -1}",7340a032adf73dcca6285d723e7b8782f8c2625f4216107ab44a30759e1137a7,0.0973626946393287,0.2939547077063678,-0.196592013067039,0.904,0.592,1.0,0.4285714285714285,0.6173954762173068,0.5324340686054941,4.611183869494122,4.623223954197244,0.0120400847031225,9.822004320980682e-15,True
13,3,1,0,AAA,J,2013J,2014J,56,logistic,source_train_only_activity_types,9,0,,0,,365,342,255,110,52,0.2383561643835616,0.260233918128655,0.6135531135531136,0.6403606164231469,0.0268075028700333,0.3798836665190534,0.3962370427929405,0.6920499792075758,0.7468549836384152,0.0548050044308393,0.240989292040769,0.2555760494747591,0.01458675743399,0.0686813186813186,-0.0034428684339522,0.0029011347325145,0.0152809780576306,-0.0187238464915829,0.2639407327209738,0.0267669693897721,0.0049620214502527,0.0357386576414162,-0.0089716882516441,0.0149463260160459,0.0220323739297418,-0.0070860479136958,0.0021166033299285,0.0514173354496156,0.0071560416085343,0.0643212736742981,42,13,0.260233918128655,target_prevalence,-0.0073094868972948,0.019604448573693,-0.0269139354709879,-0.0228188909812854,0.008190088979405,"{""C"": 1.0, ""class_weight"": ""balanced"", ""max_iter"": 5000, ""solver"": ""lbfgs""}",0ec0160f1649f42124ca093cb28e50d00a77309027bbdbb0b9ac6257ff1aa269,0.1044081873035614,0.2654011250559478,-0.1609929377523863,0.8972332015810277,0.541501976284585,0.6666666666666666,0.6666666666666666,0.8798783928862234,0.4113471238469355,5.370277150631454,6.614598494674521,1.2443213440430672,1.7763568394002505e-15,False
13,3,1,0,AAA,J,2013J,2014J,56,lightgbm,source_train_only_activity_types,9,0,,0,,365,342,255,110,52,0.2383561643835616,0.260233918128655,0.5750915750915752,0.629790824710219,0.0546992496186438,0.3794081143911745,0.3805736102764119,0.6580398487707108,0.6599721480410845,0.0019322992703737,0.2003740658017899,0.2113518015164337,0.0109777357146438,0.0471611721611722,-0.0025446466350207,-0.0016935114045662,0.0187727052663069,-0.0213173519013277,0.3632805413495343,0.004192005042531,-0.0035584915285976,0.0344973031347655,-0.0303052980922344,0.0024543758896241,0.0284284638612663,-0.0259740879716422,0.0005684125407374,0.0078155975443247,0.0218415529424685,0.0471530533270624,42,13,0.260233918128655,target_prevalence,-0.0012522768529016,0.0158696056458977,-0.0171218824987993,-0.0192196172000635,-0.0041954694025284,"{""class_weight"": ""balanced"", ""colsample_bytree"": 1.0, ""deterministic"": true, ""force_col_wise"": true, ""learning_rate"": 0.035, ""min_child_samples"": 12, ""n_estimators"": 180, ""n_jobs"": 1, ""num_leaves"": 15, ""objective"": ""binary"", ""reg_lambda"": 1.0, ""subsample"": 1.0, ""verbosity"": -1}",7340a032adf73dcca6285d723e7b8782f8c2625f4216107ab44a30759e1137a7,0.0649840430437015,0.3574011379205918,-0.2924170948768904,0.9051383399209486,0.2964426877470356,1.0,0.1111111111111111,0.6377126560047962,0.5873604148927487,4.373106653288703,4.3781779722356,0.0050713189468964,8.881784197001252e-15,False
13,3,1,1,BBB,B,2013B,2014B,14,logistic,source_train_only_activity_types,10,0,,1,clicks_oucollaborate,1606,1289,1124,482,160,0.5006226650062267,0.4375484871993794,0.7267781202114287,0.6968280753240401,-0.0299500448873886,0.7141669448315922,0.6408407258440398,0.6429430316921886,0.6978645028972115,0.0549214712050228,0.2162502177644791,0.2345618560088371,0.0183116382443579,0.0065598044110809,0.0118031220192515,0.0007093358134598,0.0124235817581038,-0.0006204597388522,0.1831984514588327,0.014057400467766,-0.0022696382295487,0.0125665927275225,0.0014908077402435,0.0154911678620439,0.0118723766302129,0.003618791231831,0.0255364450095315,0.0025783559260005,0.0070085520478203,0.0181246334072247,80,80,0.4375484871993794,target_prevalence,0.0051164234504101,0.0103357393261019,-0.0052193158756918,-0.002919887807272,0.0045988561368395,"{""C"": 1.0, ""class_weight"": ""balanced"", ""max_iter"": 5000, ""solver"": ""lbfgs""}",0ec0160f1649f42124ca093cb28e50d00a77309027bbdbb0b9ac6257ff1aa269,0.1730810938446757,0.2522750960381111,-0.0791940021934353,0.8840579710144928,0.6376811594202899,0.6666666666666666,0.4285714285714285,0.910138007492344,0.1783205841788285,4.29332310207499,4.793814180971826,0.500491078896836,5.3290705182007506e-15,False
13,3,1,1,BBB,B,2013B,2014B,14,lightgbm,source_train_only_activity_types,10,0,,1,clicks_oucollaborate,1606,1289,1124,482,160,0.5006226650062267,0.4375484871993794,0.7315731478452507,0.6632257275617511,-0.0683474202834996,0.7172664281524256,0.6106973320504832,0.636106582952198,0.7212432552884069,0.0851366723362089,0.2169089488003368,0.2519136939242603,0.0350047451239234,0.0132831734990788,0.001852374878368,0.0046660367713644,0.0107160496527348,-0.0088636747743667,0.2425840318177861,0.0134813033578211,-0.0034206851014047,0.0041957852480783,0.0092855181097428,0.0156311668754014,0.0038677749709816,0.0117633919044197,0.0306935646880133,-0.003730957972371,0.0015696657003916,0.0068219047957649,80,80,0.4375484871993794,target_prevalence,0.0013126871557617,0.0128950306928458,-0.011582343537084,-0.0102230091557254,0.0027186687627172,"{""class_weight"": ""balanced"", ""colsample_bytree"": 1.0, ""deterministic"": true, ""force_col_wise"": true, ""learning_rate"": 0.035, ""min_child_samples"": 12, ""n_estimators"": 180, ""n_jobs"": 1, ""num_leaves"": 15, ""objective"": ""binary"", ""reg_lambda"": 1.0, ""subsample"": 1.0, ""verbosity"": -1}",7340a032adf73dcca6285d723e7b8782f8c2625f4216107ab44a30759e1137a7,0.0330417467743593,0.1938249186066553,-0.1607831718322959,0.9710144927536232,0.6811594202898551,0.6666666666666666,0.4285714285714285,0.8808322049140995,0.4982710692173646,2.828408925268858,2.706791022264162,-0.1216179030046959,5.773159728050814e-15,False
13,3,1,1,BBB,B,2013B,2014B,56,logistic,source_train_only_activity_types,10,0,,1,clicks_oucollaborate,1470,1247,1029,441,160,0.454421768707483,0.4170008019246191,0.7583817427385893,0.7387498677388636,-0.0196318749997256,0.7567328719845492,0.6922090802523329,0.5846030193295195,0.6310522484378748,0.0464492291083552,0.2010181568912616,0.2101519689841984,0.0091338120929367,0.0372406639004149,0.0221042053438366,-0.0014983638439919,0.0188786242723082,0.0032255810715283,0.2266516131445861,0.0231902726244914,-0.0008062574509885,0.0335215767721087,-0.0103313041476172,0.0263635736654658,0.0311000512020496,-0.0047364775365838,0.0423067286539359,0.004073816595047,0.0189339323959559,0.0481092211482614,80,80,0.4170008019246191,target_prevalence,0.0472989456511192,0.0175987107279679,0.0297002349231513,0.0164629079973398,-0.0264746538516229,"{""C"": 1.0, ""class_weight"": ""balanced"", ""max_iter"": 5000, ""solver"": ""lbfgs""}",0ec0160f1649f42124ca093cb28e50d00a77309027bbdbb0b9ac6257ff1aa269,0.1732119038255997,0.3049033956924794,-0.1316914918668797,0.8405797101449275,0.4710144927536232,0.6666666666666666,0.4285714285714285,0.6553336109850626,0.495140793229711,3.9826674918063008,4.595902011604798,0.613234519798497,7.105427357601002e-15,True
13,3,1,1,BBB,B,2013B,2014B,56,lightgbm,source_train_only_activity_types,10,0,,1,clicks_oucollaborate,1470,1247,1029,441,160,0.454421768707483,0.4170008019246191,0.7805394190871369,0.7506269177864775,-0.0299125013006593,0.7835961038091348,0.7264552547177472,0.5718303469058296,0.6168154110843875,0.0449850641785579,0.1920668482733933,0.210840483230522,0.0187736349571286,0.0349792531120329,0.0067154504275683,0.0033604693846815,0.0058372859724478,0.0008781644551205,0.2528853027066894,-0.0003592112421841,0.0005048566950393,0.012918815176967,-0.0132780264191511,8.907432380598134e-05,0.0122401489461858,-0.0121510746223799,0.0023413303075244,-0.0030597527918926,0.0088304248881551,0.0170072054657789,80,80,0.4170008019246191,target_prevalence,0.0057567772850229,0.0126605055332192,-0.0069037282481962,-0.0030127818965378,0.0077818927033168,"{""class_weight"": ""balanced"", ""colsample_bytree"": 1.0, ""deterministic"": true, ""force_col_wise"": true, ""learning_rate"": 0.035, ""min_child_samples"": 12, ""n_estimators"": 180, ""n_jobs"": 1, ""num_leaves"": 15, ""objective"": ""binary"", ""reg_lambda"": 1.0, ""subsample"": 1.0, ""verbosity"": -1}",7340a032adf73dcca6285d723e7b8782f8c2625f4216107ab44a30759e1137a7,0.0694868788147326,0.1957161959508511,-0.1262293171361184,0.891304347826087,0.6376811594202899,0.6666666666666666,0.4285714285714285,0.805981339183671,0.7212220810896015,3.462368361722696,3.5041202793954342,0.0417519176727383,9.769962616701378e-15,True
13,3,1,2,BBB,J,2013J,2014J,14,logistic,source_train_only_activity_types,10,0,,0,,1851,1791,1295,556,160,0.4219340896812534,0.3618090452261306,0.6743156359779943,0.6597991801950682,-0.014516455782926,0.6020190687032712,0.5187875410094784,0.6673230453567665,0.747026422622603,0.0797033772658365,0.2327760906722975,0.236636344335565,0.0038602536632675,0.0126996752170742,0.0706051540825388,-0.0014610992636172,0.006077082830022,0.0645280712525168,0.2012067361636272,0.0746420203201411,-0.0032887001576899,0.0073827526838015,0.0672592676363395,0.0763776747036413,0.0059138356203048,0.0704638390833365,0.0809219334531692,0.068362107187113,0.0020679436722406,0.0126975616953625,80,80,0.3618090452261306,target_prevalence,0.0587237706909044,0.0072895115930813,0.051434259097823,0.0579811651751699,0.0130938121546938,"{""C"": 1.0, ""class_weight"": ""balanced"", ""max_iter"": 5000, ""solver"": ""lbfgs""}",0ec0160f1649f42124ca093cb28e50d00a77309027bbdbb0b9ac6257ff1aa269,0.2696815381752465,0.2739635632686154,-0.0042820250933688,0.8333333333333333,0.5217391304347826,0.4285714285714285,0.4285714285714285,0.7377391573246592,0.3741810360963353,3.2977802436741968,4.183744137570988,0.8859638938967915,7.105427357601002e-15,False
13,3,1,2,BBB,J,2013J,2014J,14,lightgbm,source_train_only_activity_types,10,0,,0,,1851,1791,1295,556,160,0.4219340896812534,0.3618090452261306,0.6710678067210181,0.652893889806984,-0.018173916914034,0.6045113782742921,0.5143821814781566,0.6702663470327891,0.668938081719924,-0.0013282653128651,0.2345584388238622,0.2353234112664805,0.0007649724426182,0.0173924570822563,0.0129701974912289,0.0083447163321722,0.0123818905452835,0.0005883069459453,0.2857304267826316,0.0130106384273556,-0.002601705340719,0.0103452192002354,0.0026654192271202,0.014157354769485,0.0105735452409108,0.0035838095285741,0.0171596666470599,0.0088616102076514,0.0111713443292247,0.0095190940712461,80,80,0.3618090452261306,target_prevalence,0.0139488002254951,0.0196826702955024,-0.0057338700700073,-0.0025727815620309,0.0063221770159526,"{""class_weight"": ""balanced"", ""colsample_bytree"": 1.0, ""deterministic"": true, ""force_col_wise"": true, ""learning_rate"": 0.035, ""min_child_samples"": 12, ""n_estimators"": 180, ""n_jobs"": 1, ""num_leaves"": 15, ""objective"": ""binary"", ""reg_lambda"": 1.0, ""subsample"": 1.0, ""verbosity"": -1}",7340a032adf73dcca6285d723e7b8782f8c2625f4216107ab44a30759e1137a7,0.0920505618053219,0.2303487651338767,-0.1382982033285547,0.8550724637681159,0.5942028985507246,1.0,0.4285714285714285,0.6363678860706629,0.2658605818197805,2.703443147041344,2.75659097858289,0.0531478315415463,4.440892098500626e-15,False
13,3,1,2,BBB,J,2013J,2014J,56,logistic,source_train_only_activity_types,10,0,,0,,1785,1750,1249,536,160,0.3994397759103641,0.3417142857142857,0.7643960062692285,0.6972358672426607,-0.0671601390265678,0.6653265138751951,0.5579196846635757,0.5863476965156468,0.8626719710071614,0.2763242744915146,0.1991347106121372,0.2288843250659968,0.0297496144538595,0.0009577988042026,0.1929388672865554,0.0004149316413903,0.0079062139114536,0.1850326533751017,0.1958156306433566,0.1759539502482375,-0.0015884102040302,0.013067260154909,0.1628866900933285,0.1840338858830526,0.0103670411886701,0.1736668446943824,0.2014772126325811,0.150430687863894,0.0045376876081257,0.0215968327016922,80,80,0.3417142857142857,target_prevalence,0.1918201218218181,0.0086505700101042,0.1831695518117138,0.1841011025934078,0.0018631015633879,"{""C"": 1.0, ""class_weight"": ""balanced"", ""max_iter"": 5000, ""solver"": ""lbfgs""}",0ec0160f1649f42124ca093cb28e50d00a77309027bbdbb0b9ac6257ff1aa269,0.4232692476086636,0.2318209235303656,0.1914483240782979,0.7318840579710145,0.463768115942029,0.6666666666666666,0.6666666666666666,0.0413340819097453,0.4888456992118757,3.577373605227216,6.098181181293794,2.520807576066578,7.105427357601002e-15,False
13,3,1,2,BBB,J,2013J,2014J,56,lightgbm,source_train_only_activity_types,10,0,,0,,1785,1750,1249,536,160,0.3994397759103641,0.3417142857142857,0.7594328670110873,0.6673518208844296,-0.0920810461266576,0.7307030752788026,0.5179328676923449,0.5732380896923989,0.7843435319446089,0.21110544225221,0.1935667197933036,0.273372509043245,0.0798057892499414,0.0181691530736634,0.1478997923429531,0.0002117394917388,0.0048559815034745,0.1430438108394786,0.2612330453521393,0.1210833243660862,0.0004888234592198,0.0069586856315641,0.114124638734522,0.1364059616782294,0.0059386791581899,0.1304672825200395,0.1694851570307986,0.0726814917013737,0.00373664352253,0.0101807277405983,80,80,0.3417142857142857,target_prevalence,0.1193988197684688,0.0071944131744149,0.1122044065940538,0.1276241087167662,0.0308394042454247,"{""class_weight"": ""balanced"", ""colsample_bytree"": 1.0, ""deterministic"": true, ""force_col_wise"": true, ""learning_rate"": 0.035, ""min_child_samples"": 12, ""n_estimators"": 180, ""n_jobs"": 1, ""num_leaves"": 15, ""objective"": ""binary"", ""reg_lambda"": 1.0, ""subsample"": 1.0, ""verbosity"": -1}",7340a032adf73dcca6285d723e7b8782f8c2625f4216107ab44a30759e1137a7,0.1747742675072818,0.2283220268693379,-0.0535477593620561,0.7391304347826086,0.5507246376811594,0.4285714285714285,0.4285714285714285,0.4178586833056141,0.6629016986926478,3.205855996871535,3.6188246622055305,0.4129686653339952,1.199040866595169e-14,False
13,3,1,3,DDD,B,2013B,2014B,14,logistic,source_train_only_activity_types,11,0,,1,clicks_oucollaborate,1197,1050,837,360,160,0.5747702589807853,0.5447619047619048,0.6900003157462664,0.6646392310618252,-0.0253610846844412,0.7412343534775964,0.676936220353297,0.6707373093893841,0.7022127322635421,0.0314754228741579,0.2301653575900587,0.2396313306117505,0.0094659730216918,0.0190710744845443,0.013270624759871,0.0049835068542119,0.0272324965398905,-0.0139618717800195,0.2199680308306579,0.0128303019145482,-0.0029598136697994,0.0175059856026149,-0.0046756836880667,0.0129063515543926,0.0181907340698023,-0.0052843825154097,0.0119808112567115,0.0136797925723848,0.009857199532968,0.0251547716722618,76,80,0.5447619047619048,target_prevalence,0.0046222351698379,0.0189787275628773,-0.0143564923930394,-0.0141591820865294,0.0003946206130199,"{""C"": 1.0, ""class_weight"": ""balanced"", ""max_iter"": 5000, ""solver"": ""lbfgs""}",0ec0160f1649f42124ca093cb28e50d00a77309027bbdbb0b9ac6257ff1aa269,0.074312456145402,0.3280271741256325,-0.2537147179802305,0.9066666666666664,0.3933333333333332,0.6666666666666666,0.6666666666666666,0.7226144265526915,0.2152806958218382,4.939669381526635,5.045926013157981,0.1062566316313464,2.664535259100376e-15,False
13,3,1,3,DDD,B,2013B,2014B,14,lightgbm,source_train_only_activity_types,11,0,,1,clicks_oucollaborate,1197,1050,837,360,160,0.5747702589807853,0.5447619047619048,0.7016829275993811,0.6844625040231734,-0.0172204235762076,0.769237106963963,0.7148550384483208,0.6657838356501167,0.6896886895598116,0.0239048539096948,0.2295832978630508,0.2364462249483277,0.0068629270852768,0.013387641691137,0.0012641288265274,0.0009690741653818,0.0047853749546971,-0.0035212461281696,0.2077998797670243,0.006130768095795,0.000475411344238,0.0083461171157076,-0.0022153490199126,0.0057891600060384,0.0085873755884472,-0.0027982155824087,0.0099466031409488,0.0023149330506412,0.0056512086436171,0.0110410255877981,76,80,0.5447619047619048,target_prevalence,0.0038449580642168,0.0078241521832319,-0.0039791941190151,-0.0037502201235924,0.0004579479908454,"{""class_weight"": ""balanced"", ""colsample_bytree"": 1.0, ""deterministic"": true, ""force_col_wise"": true, ""learning_rate"": 0.035, ""min_child_samples"": 12, ""n_estimators"": 180, ""n_jobs"": 1, ""num_leaves"": 15, ""objective"": ""binary"", ""reg_lambda"": 1.0, ""subsample"": 1.0, ""verbosity"": -1}",7340a032adf73dcca6285d723e7b8782f8c2625f4216107ab44a30759e1137a7,0.0500567885344736,0.1648756295862064,-0.1148188410517328,0.9133333333333332,0.6133333333333332,0.6666666666666666,0.25,0.6884357718499071,0.5225717356579549,3.694236641457165,3.60810905542972,-0.0861275860274455,5.773159728050814e-15,False
13,3,1,3,DDD,B,2013B,2014B,56,logistic,source_train_only_activity_types,11,0,,1,clicks_oucollaborate,1085,971,759,326,159,0.5299539170506913,0.5077239958805355,0.7137406022139106,0.7030901236558682,-0.0106504785580423,0.768385572572434,0.7101003544469771,0.6541432652876253,0.6694932999533704,0.015350034665745,0.2256917288114016,0.2309066992149246,0.0052149704035229,0.0012089614265744,0.0159984211414679,0.0012231330105563,0.0172025667127396,-0.0012041455712716,0.2312338838917527,0.0147140902951083,-0.0020749330370629,0.0185617093569421,-0.0038476190618338,0.0146864730144333,0.0186312523127429,-0.0039447792983095,0.0165018489307991,0.0129263316594174,0.0140599620181048,0.0230634566957794,76,80,0.5077239958805355,target_prevalence,0.0133996536291262,0.0143502499532571,-0.0009505963241309,-0.0010773709477013,-0.0002535492471407,"{""C"": 1.0, ""class_weight"": ""balanced"", ""max_iter"": 5000, ""solver"": ""lbfgs""}",0ec0160f1649f42124ca093cb28e50d00a77309027bbdbb0b9ac6257ff1aa269,0.0423487741153065,0.3153246688512896,-0.272975894735983,0.9266666666666664,0.3666666666666666,0.6666666666666666,0.6666666666666666,0.9879294025272995,0.4574301863413306,5.440551645884,5.407496160066708,-0.0330554858172922,7.105427357601002e-15,False
13,3,1,3,DDD,B,2013B,2014B,56,lightgbm,source_train_only_activity_types,11,0,,1,clicks_oucollaborate,1085,971,759,326,159,0.5299539170506913,0.5077239958805355,0.7388643318599115,0.7191390767820619,-0.0197252550778496,0.7929721845762859,0.728223662509658,0.6585172054672997,0.7490866398387677,0.0905694343714679,0.2207125636665926,0.245984295858065,0.0252717321914723,0.0111451131512336,0.0296304147299747,-9.87698907543022e-05,0.0132269936994801,0.0164034210304946,0.2322982686038558,0.0373203018270294,0.000376579609176,0.0180817240747738,0.0192385777522555,0.0372197985846607,0.0181063167595567,0.019113481825104,0.0438262117163621,0.0308143919376967,0.0164897576131622,0.0196736905363854,76,80,0.5077239958805355,target_prevalence,0.0190994596150951,0.0108559102438696,0.0082435493712254,0.01232348520086,0.0081598716592691,"{""class_weight"": ""balanced"", ""colsample_bytree"": 1.0, ""deterministic"": true, ""force_col_wise"": true, ""learning_rate"": 0.035, ""min_child_samples"": 12, ""n_estimators"": 180, ""n_jobs"": 1, ""num_leaves"": 15, ""objective"": ""binary"", ""reg_lambda"": 1.0, ""subsample"": 1.0, ""verbosity"": -1}",7340a032adf73dcca6285d723e7b8782f8c2625f4216107ab44a30759e1137a7,0.1092476747049357,0.1816002641091877,-0.0723525894042519,0.8799999999999999,0.7799999999999999,0.6666666666666666,0.6666666666666666,0.5907888482370223,0.7339521254865593,4.200785595558557,4.4069440615520845,0.2061584659935276,9.769962616701378e-15,False
13,3,1,4,DDD,J,2013J,2014J,14,logistic,source_train_only_activity_types,10,0,,0,,1675,1479,1172,503,160,0.5068656716417911,0.4645030425963489,0.7042536369386465,0.7028821695852263,-0.0013714673534201,0.6804499028863844,0.6524062519924358,0.6424429206450898,0.6705623554435944,0.0281194347985046,0.2224583882751706,0.2223436714360532,-0.0001147168391173,0.0123023402909552,0.0057162515954779,-0.0019526758059003,0.0242373300442528,-0.0185210784487749,0.2836837056062865,0.0109851836942568,-0.0005745333765566,0.0398225073929616,-0.0288373236987047,0.0112679224795614,0.0385325341246089,-0.0272646116450475,0.0149677614415467,0.0070026059469669,0.0216523124987369,0.0579927022871863,80,80,0.4645030425963489,target_prevalence,0.0022524232560398,0.0264735961422729,-0.0242211728862331,-0.021371125667504,0.0057000944374581,"{""C"": 1.0, ""class_weight"": ""balanced"", ""max_iter"": 5000, ""solver"": ""lbfgs""}",0ec0160f1649f42124ca093cb28e50d00a77309027bbdbb0b9ac6257ff1aa269,0.0826022818145338,0.4039644568197159,-0.3213621750051821,0.8985507246376812,0.289855072463768,0.6666666666666666,0.4285714285714285,0.736653124320169,0.5034431877143264,3.769481944290332,3.9798250965756297,0.2103431522852981,3.552713678800501e-15,False
13,3,1,4,DDD,J,2013J,2014J,14,lightgbm,source_train_only_activity_types,10,0,,0,,1675,1479,1172,503,160,0.5068656716417911,0.4645030425963489,0.6907811511701454,0.650901298281211,-0.0398798528889343,0.6879406133995211,0.6193624685495638,0.6625448358447721,0.6903163517773683,0.0277715159325961,0.2306541207922013,0.2439473676992991,0.0132932469070977,0.0081593927893736,0.0076068623203566,-0.0001787850384059,0.0063862950735517,0.0012205672468049,0.2427403075422633,0.0178993792872624,0.0007689980717954,0.0094716630194297,0.0084277162678326,0.0183533773899537,0.0095348698625802,0.0088185075273734,0.0242942668480287,0.011504491726496,0.0103619765529496,0.0085813494859098,80,80,0.4645030425963489,target_prevalence,0.0023460795034489,0.0080407214234196,-0.0056946419199706,-0.0022370373365828,0.0069152091667756,"{""class_weight"": ""balanced"", ""colsample_bytree"": 1.0, ""deterministic"": true, ""force_col_wise"": true, ""learning_rate"": 0.035, ""min_child_samples"": 12, ""n_estimators"": 180, ""n_jobs"": 1, ""num_leaves"": 15, ""objective"": ""binary"", ""reg_lambda"": 1.0, ""subsample"": 1.0, ""verbosity"": -1}",7340a032adf73dcca6285d723e7b8782f8c2625f4216107ab44a30759e1137a7,0.0601861647008032,0.1809444246148134,-0.1207582599140101,0.9202898550724636,0.7463768115942029,1.0,0.4285714285714285,0.7083985962313605,0.3971044579037392,3.099641894548113,3.2106374966244977,0.1109956020763847,8.881784197001252e-15,False
13,3,1,4,DDD,J,2013J,2014J,56,logistic,source_train_only_activity_types,10,0,,0,,1574,1417,1101,473,160,0.4739517153748411,0.4410726887791108,0.7282343660355708,0.7283151515151515,8.078547958068061e-05,0.7183358422719315,0.6697320987024599,0.6696155120180917,0.6596682303443473,-0.0099472816737443,0.2148869425644276,0.2223497364635858,0.0074627938991582,0.0148271658060814,0.0393422934767805,-0.0025879012225664,0.0173061334306068,0.0220361600461737,0.2369949250473251,0.0461251104181149,0.0033787799431126,0.0364201489016554,0.0097049615164594,0.0490549710772895,0.0364513443326192,0.0126036267446703,0.0709850658315908,0.0212651550046389,0.0366848430673784,0.0361554547359324,80,80,0.4410726887791108,target_prevalence,0.0287773956121111,0.0165557159472437,0.0122216796648674,0.0171289198555205,0.0098144803813063,"{""C"": 1.0, ""class_weight"": ""balanced"", ""max_iter"": 5000, ""solver"": ""lbfgs""}",0ec0160f1649f42124ca093cb28e50d00a77309027bbdbb0b9ac6257ff1aa269,0.0717435343409189,0.3185622717166707,-0.2468187373757517,0.9057971014492754,0.3985507246376811,1.0,0.4285714285714285,0.4160454906864589,0.6733559271628083,5.105870978248406,5.37954095216665,0.2736699739182437,5.3290705182007506e-15,True
13,3,1,4,DDD,J,2013J,2014J,56,lightgbm,source_train_only_activity_types,10,0,,0,,1574,1417,1101,473,160,0.4739517153748411,0.4410726887791108,0.7408204245553642,0.6559858585858587,-0.0848345659695055,0.7400467729665616,0.6390523770722318,0.6082719455492595,0.7691200066853661,0.1608480611361066,0.2080365376433855,0.2766412167994266,0.0686046791560411,0.0003765060240964,0.1603523768146095,-0.000948330521001,0.0104179492447957,0.1499344275698138,0.2553355654807073,0.1598153106727307,-0.0009180626394346,0.0167733767532947,0.143041933919436,0.1706575908710347,0.0172830347154539,0.1533745561555808,0.2518123827745071,0.0678182385709544,0.021097839821436,0.0124489136851533,80,80,0.4410726887791108,target_prevalence,0.2105425240485294,0.0127963060044652,0.1977462180440642,0.173840322806939,-0.0478117904742504,"{""class_weight"": ""balanced"", ""colsample_bytree"": 1.0, ""deterministic"": true, ""force_col_wise"": true, ""learning_rate"": 0.035, ""min_child_samples"": 12, ""n_estimators"": 180, ""n_jobs"": 1, ""num_leaves"": 15, ""objective"": ""binary"", ""reg_lambda"": 1.0, ""subsample"": 1.0, ""verbosity"": -1}",7340a032adf73dcca6285d723e7b8782f8c2625f4216107ab44a30759e1137a7,0.1551785274475517,0.2575348199458772,-0.1023562924983255,0.8405797101449275,0.5942028985507246,0.6666666666666666,0.4285714285714285,0.803643040198753,0.358198995881725,3.4346648445477426,3.788956513151728,0.3542916686039854,5.773159728050814e-15,False
13,3,1,5,EEE,J,2013J,2014J,14,logistic,source_train_only_activity_types,9,0,,2,clicks_ouwiki|clicks_page,933,1027,653,280,138,0.3483386923901393,0.3339824732229795,0.6762166405023547,0.7215615569536086,0.0453449164512538,0.5160336976539781,0.5456537700393421,0.6726605064085623,0.6285200398777059,-0.0441404665308564,0.2304151795599159,0.215997538141302,-0.0144176414186139,0.0252298721686476,0.0022176750332517,-0.0015518602666855,0.0209233464216275,-0.0187056713883758,0.2946225689038307,0.0128711047253651,-0.0004421532229864,0.0381246294532608,-0.0252535247278957,0.0098676687649905,0.0322679744970507,-0.0224003057320602,0.003825565923885,0.0219166435268452,0.0204859648197483,0.0557632940867734,80,49,0.3339824732229795,target_prevalence,0.0014787863720114,0.0199059276215845,-0.0184271412495731,-0.0185664063189744,-0.0002785301388027,"{""C"": 1.0, ""class_weight"": ""balanced"", ""max_iter"": 5000, ""solver"": ""lbfgs""}",0ec0160f1649f42124ca093cb28e50d00a77309027bbdbb0b9ac6257ff1aa269,0.0559893885738946,0.268995071372766,-0.2130056827988714,0.9130434782608696,0.6521739130434783,0.6666666666666666,0.4285714285714285,0.7421548999213964,0.4753957744612274,4.898388366242182,4.966398689422388,0.0680103231802053,3.552713678800501e-15,False
13,3,1,5,EEE,J,2013J,2014J,14,lightgbm,source_train_only_activity_types,9,0,,2,clicks_ouwiki|clicks_page,933,1027,653,280,138,0.3483386923901393,0.3339824732229795,0.7252747252747253,0.6544848515847442,-0.070789873689981,0.5721983845293525,0.4921215140655424,0.6102987950255593,0.6698241242159277,0.0595253291903684,0.2038545558851896,0.229104635144983,0.0252500792597933,0.0498430141287283,0.0030354495551854,-0.0005229263648053,0.0148770293298449,-0.0118415797746594,0.3415584896617379,0.005055371209763,-0.0008419317148199,0.0119125025406573,-0.0068571313308943,0.0068349611155565,0.0120977563056582,-0.0052627951901017,0.0104150158820501,-0.0003042734625241,0.0124704369003521,0.0113545681809625,80,49,0.3339824732229795,target_prevalence,0.0056583761852707,0.0187088419884283,-0.0130504658031576,-0.0124460227889085,0.0012088860284981,"{""class_weight"": ""balanced"", ""colsample_bytree"": 1.0, ""deterministic"": true, ""force_col_wise"": true, ""learning_rate"": 0.035, ""min_child_samples"": 12, ""n_estimators"": 180, ""n_jobs"": 1, ""num_leaves"": 15, ""objective"": ""binary"", ""reg_lambda"": 1.0, ""subsample"": 1.0, ""verbosity"": -1}",7340a032adf73dcca6285d723e7b8782f8c2625f4216107ab44a30759e1137a7,0.0687777546203159,0.2644723770770241,-0.1956946224567081,0.8735177865612648,0.5335968379446641,0.4285714285714285,0.4285714285714285,0.8396462576031424,0.4257736389902159,3.491700344734692,3.575384103524111,0.0836837587894194,6.661338147750939e-15,False
13,3,1,5,EEE,J,2013J,2014J,56,logistic,source_train_only_activity_types,9,0,,2,clicks_ouwiki|clicks_page,906,997,634,272,134,0.3278145695364238,0.3139418254764293,0.7297230920365937,0.7655073519795228,0.0357842599429291,0.6559488587997395,0.6236165243894235,0.5915930610440155,0.5895714659904621,-0.0020215950535534,0.205359488945022,0.1995556305812073,-0.0058038583638147,0.0257260391723459,0.003466944117373,-0.0009260802703726,0.0147473675027409,-0.0112804233853678,0.2369752420171191,0.0035064277355633,-0.003473410626126,0.0155089083771059,-0.0120024806415426,0.0021522648541326,0.0142375200146159,-0.0120852551604833,-0.0001326568811114,0.007145512352238,0.0120922663355897,0.018925550418622,80,44,0.3139418254764293,target_prevalence,0.0141082684249105,0.0082199828851526,0.0058882855397578,-0.0026960689228049,-0.0171687089251257,"{""C"": 1.0, ""class_weight"": ""balanced"", ""max_iter"": 5000, ""solver"": ""lbfgs""}",0ec0160f1649f42124ca093cb28e50d00a77309027bbdbb0b9ac6257ff1aa269,0.0712113488795666,0.2829939155919941,-0.2117825667124275,0.8814229249011858,0.4940711462450593,1.0,0.4285714285714285,0.7234879627158641,0.429273223796032,4.545339277903422,4.538301294160377,-0.0070379837430456,2.220446049250313e-15,False
13,3,1,5,EEE,J,2013J,2014J,56,lightgbm,source_train_only_activity_types,9,0,,2,clicks_ouwiki|clicks_page,906,997,634,272,134,0.3278145695364238,0.3139418254764293,0.767237674218702,0.7522537040150963,-0.0149839702036057,0.6588711932860256,0.6532133877788213,0.5551305718983875,0.6245329010382714,0.0694023291398838,0.1870624362805037,0.2071523907598027,0.0200899544792989,0.0028857370909315,0.0715061346916376,-0.0021362708784667,0.0074787765269746,0.0640273581646629,0.2909726061916464,0.0806181175131682,0.0007965886276484,0.0139601582200337,0.0666579592931345,0.0892752603277317,0.01249129695499,0.0767839633727416,0.1038827304137607,0.0573535046125758,0.0100128410199029,0.0179074754201645,80,44,0.3139418254764293,target_prevalence,0.0141791054803787,0.0039741972810437,0.0102049081993349,0.0371161331819989,0.053822449965328,"{""class_weight"": ""balanced"", ""colsample_bytree"": 1.0, ""deterministic"": true, ""force_col_wise"": true, ""learning_rate"": 0.035, ""min_child_samples"": 12, ""n_estimators"": 180, ""n_jobs"": 1, ""num_leaves"": 15, ""objective"": ""binary"", ""reg_lambda"": 1.0, ""subsample"": 1.0, ""verbosity"": -1}",7340a032adf73dcca6285d723e7b8782f8c2625f4216107ab44a30759e1137a7,0.1704944137862343,0.2088880402615642,-0.0383936264753299,0.808,0.6202893625402844,0.4285714285714285,0.4285714285714285,0.8542968918233588,0.5105142326306423,3.852708922712684,4.190609341153207,0.337900418440523,7.993605777301127e-15,False
13,3,1,6,FFF,B,2013B,2014B,14,logistic,source_train_only_activity_types,13,0,,1,clicks_oucollaborate,1520,1309,1064,456,160,0.4861842105263158,0.5011459129106188,0.7477669977669977,0.6963802151421208,-0.0513867826248769,0.7476793060164432,0.6606224651584816,0.6081953410084798,0.704934636670005,0.0967392956615251,0.2093900946341933,0.2315141009634939,0.0221240063293006,0.0198082698082697,0.0041487200573389,0.0025867328547661,0.021525988621114,-0.0173772685637751,0.2088524311513279,0.0042711288901346,-0.0001172059968022,0.0253788114980717,-0.0211076826079371,0.0042593077392961,0.025417489891628,-0.0211581821523318,0.0094290910393011,-0.0008868332590319,0.0085021391096998,0.0422554838864436,80,80,0.5011459129106188,target_prevalence,0.0057092313293682,0.0181975042929305,-0.0124882729635623,-0.0149327707636687,-0.0048889956002128,"{""C"": 1.0, ""class_weight"": ""balanced"", ""max_iter"": 5000, ""solver"": ""lbfgs""}",0ec0160f1649f42124ca093cb28e50d00a77309027bbdbb0b9ac6257ff1aa269,0.0646589531029186,0.3019477157994399,-0.2372887626965213,0.9373219373219376,0.452991452991453,0.6666666666666666,0.6666666666666666,0.8556487656233699,0.6755445318160784,5.7061849468255605,5.848732673975497,0.1425477271499362,1.4210854715202004e-14,False
13,3,1,6,FFF,B,2013B,2014B,14,lightgbm,source_train_only_activity_types,13,0,,1,clicks_oucollaborate,1520,1309,1064,456,160,0.4861842105263158,0.5011459129106188,0.7443404943404943,0.6772354610988682,-0.067105033241626,0.7324268840909399,0.6778488795754383,0.6212227250594432,0.6888216468468428,0.0675989217873995,0.2126210545806337,0.2393591926872225,0.0267381381065887,0.0015785015785017,0.0063083490100556,0.0022725358748614,0.0106086643041536,-0.004300315294098,0.2523056387318448,0.0078116216719786,-0.0013510739310849,0.0149570331525534,-0.0071454114805748,0.0078100043919397,0.0149623783015935,-0.0071523739096537,0.0085172948622713,0.0071059484816858,0.0126247664547358,0.017289299850371,80,80,0.5011459129106188,target_prevalence,0.0082259446515419,0.0103492590997555,-0.0021233144482135,-0.0032118148711557,-0.0021770008458844,"{""class_weight"": ""balanced"", ""colsample_bytree"": 1.0, ""deterministic"": true, ""force_col_wise"": true, ""learning_rate"": 0.035, ""min_child_samples"": 12, ""n_estimators"": 180, ""n_jobs"": 1, ""num_leaves"": 15, ""objective"": ""binary"", ""reg_lambda"": 1.0, ""subsample"": 1.0, ""verbosity"": -1}",7340a032adf73dcca6285d723e7b8782f8c2625f4216107ab44a30759e1137a7,0.0383068788199019,0.2525115551431565,-0.2142046763232545,0.8793103448275861,0.5493612827995784,1.0,0.25,0.990193308164644,0.5200415213545929,3.639582488386653,3.507333510621641,-0.1322489777650126,7.549516567451064e-15,False
13,3,1,6,FFF,B,2013B,2014B,56,logistic,source_train_only_activity_types,13,0,,1,clicks_oucollaborate,1407,1257,984,423,160,0.4442075337597725,0.4797136038186158,0.7678813942960615,0.7392345104244324,-0.028646883871629,0.7025973274588437,0.6705831030361173,0.5965192147266603,0.6781480071058434,0.0816287923791831,0.1996042956372888,0.2181375882357636,0.0185332925984747,0.008985966500679,0.0206167191466472,0.001110972056327,0.0249467205408271,-0.0043300013941798,0.2306920568829911,0.0172380098236296,-0.0011687920501328,0.0316797570587005,-0.0144417472350709,0.0174712501555638,0.0311758872224686,-0.0137046370669047,0.0229866980048322,0.0114893216424271,0.01926084756569,0.0440986665517111,80,80,0.4797136038186158,target_prevalence,0.0139803770579198,0.0233045925771704,-0.0093242155192506,-0.0068271084567152,0.0049942141250707,"{""C"": 1.0, ""class_weight"": ""balanced"", ""max_iter"": 5000, ""solver"": ""lbfgs""}",0ec0160f1649f42124ca093cb28e50d00a77309027bbdbb0b9ac6257ff1aa269,0.0698600525741329,0.3544233535577031,-0.2845633009835702,0.9202279202279204,0.4643874643874645,1.0,0.4285714285714285,0.8403897960360366,0.4112029457069226,5.564398652993502,5.902499497588248,0.338100844594746,2.8421709430404014e-14,False
13,3,1,6,FFF,B,2013B,2014B,56,lightgbm,source_train_only_activity_types,13,0,,1,clicks_oucollaborate,1407,1257,984,423,160,0.4442075337597725,0.4797136038186158,0.7474875509280218,0.7547202823801482,0.0072327314521264,0.7203394136569635,0.7271466669082185,0.6217179146855322,0.6893828134434857,0.0676648987579535,0.2148088631039686,0.2189337742945565,0.0041249111905878,0.0345857854232684,0.0309837668670135,-0.0003381752237314,0.0082803977854755,0.0227033690815379,0.2379670074570026,0.0327965893922057,0.0033751019808014,0.0167482334784735,0.0160483559137321,0.0328734485400399,0.0167233413355073,0.0161501072045325,0.0346909413300021,0.0309022374544093,0.0161347153665417,0.0173617515904054,80,80,0.4797136038186158,target_prevalence,0.0167146628091539,0.0139375229029584,0.0027771399061955,0.0127402544938667,0.0199262291753424,"{""class_weight"": ""balanced"", ""colsample_bytree"": 1.0, ""deterministic"": true, ""force_col_wise"": true, ""learning_rate"": 0.035, ""min_child_samples"": 12, ""n_estimators"": 180, ""n_jobs"": 1, ""num_leaves"": 15, ""objective"": ""binary"", ""reg_lambda"": 1.0, ""subsample"": 1.0, ""verbosity"": -1}",7340a032adf73dcca6285d723e7b8782f8c2625f4216107ab44a30759e1137a7,0.1248915981084762,0.2257991769249748,-0.1009075788164985,0.8632478632478634,0.6276753890160056,1.0,0.4285714285714285,0.6055727380977065,0.6176641969819613,4.1433543654584,4.564955170461311,0.4216008050029112,7.105427357601002e-15,True
13,3,1,7,FFF,J,2013J,2014J,14,logistic,source_train_only_activity_types,13,0,,1,clicks_htmlactivity,1998,1886,1398,600,160,0.4519519519519519,0.4077412513255567,0.7166747047409684,0.735959104651718,0.0192843999107495,0.6739262508620845,0.6394884119424912,0.6288242500474068,0.6091741271960461,-0.0196501228513606,0.2170830710643106,0.2084290767840862,-0.0086539942802244,0.0039592189234962,0.0178634587694783,0.00196332385677,0.0091996134348255,0.0086638453346527,0.2056716862208444,0.0201952166565651,0.0038745822055012,0.0182493163520929,0.0019459003044722,0.0219263677034274,0.0170189048076948,0.0049074628957325,0.0295772593990427,0.0108131739140876,0.0115810514879124,0.0249175812162734,80,80,0.4077412513255567,target_prevalence,0.0146595412674186,0.0092516563548089,0.0054078849126097,0.0070358651236312,0.003255960422043,"{""C"": 1.0, ""class_weight"": ""balanced"", ""max_iter"": 5000, ""solver"": ""lbfgs""}",0ec0160f1649f42124ca093cb28e50d00a77309027bbdbb0b9ac6257ff1aa269,0.0561196970188129,0.2714221043929958,-0.2153024073741828,0.9430199430199432,0.5954415954415955,0.6666666666666666,0.6666666666666666,0.7314280922776718,0.4903832514780323,3.8149801135103054,4.206905566341602,0.3919254528312956,2.664535259100376e-15,False
13,3,1,7,FFF,J,2013J,2014J,14,lightgbm,source_train_only_activity_types,13,0,,1,clicks_htmlactivity,1998,1886,1398,600,160,0.4519519519519519,0.4077412513255567,0.6960710640541057,0.7062410576351061,0.0101699935810004,0.6659105063051841,0.6158306949960147,0.6490683462743874,0.6354872801245995,-0.0135810661497878,0.2272470225184999,0.2192396490695466,-0.0080073734489533,0.0033647752890904,0.0144019019088692,-0.0016226259124106,0.0034028930787543,0.0109990088301148,0.2410363870017131,0.015463028760788,-0.0003585533318169,0.0090644702443601,0.0063985585164278,0.0160459171979173,0.0095569899462082,0.006488927251709,0.0186220160953451,0.0123040414262308,0.0117337005825369,0.0063952399061834,80,80,0.4077412513255567,target_prevalence,0.007845879775074,0.0052839932817168,0.0025618864933571,0.006780447661736,0.0084371223367577,"{""class_weight"": ""balanced"", ""colsample_bytree"": 1.0, ""deterministic"": true, ""force_col_wise"": true, ""learning_rate"": 0.035, ""min_child_samples"": 12, ""n_estimators"": 180, ""n_jobs"": 1, ""num_leaves"": 15, ""objective"": ""binary"", ""reg_lambda"": 1.0, ""subsample"": 1.0, ""verbosity"": -1}",7340a032adf73dcca6285d723e7b8782f8c2625f4216107ab44a30759e1137a7,0.0690891497629983,0.1822939124554801,-0.1132047626924818,0.9142857142857144,0.7085714285714284,0.6666666666666666,1.0,0.7875798182080488,0.7120300360087086,2.9920671456948638,3.23240490417911,0.2403377584842467,5.3290705182007506e-15,False
13,3,1,7,FFF,J,2013J,2014J,56,logistic,source_train_only_activity_types,14,0,,1,clicks_htmlactivity,1915,1793,1340,575,160,0.4281984334203655,0.3770217512548801,0.7854795265277881,0.788331752951958,0.0028522264241699,0.7209600070109627,0.6961472009087211,0.5861167865067674,0.5519742597056739,-0.0341425268010934,0.1962847783486597,0.1826917170205448,-0.0135930613281148,0.0077964761410532,0.0331159949837318,-0.0006530045843569,0.0124216803043514,0.0206943146793803,0.1825441678993509,0.0313241419168044,-0.0004879712048699,0.0189754131051576,0.0123487288116467,0.0343997144395957,0.0173479191312423,0.0170517953083533,0.0438286805412144,0.0188196032923943,0.0123584137962458,0.0255924124140694,80,80,0.3770217512548801,target_prevalence,0.016583692503777,0.0105792383656307,0.0060044541381463,0.0133493844087633,0.014689860541234,"{""C"": 1.0, ""class_weight"": ""balanced"", ""max_iter"": 5000, ""solver"": ""lbfgs""}",0ec0160f1649f42124ca093cb28e50d00a77309027bbdbb0b9ac6257ff1aa269,0.0580354399835416,0.3286805663448435,-0.2706451263613019,0.9417989417989416,0.4338624338624338,0.6666666666666666,0.6666666666666666,0.3266896266920973,0.2988981045982858,4.950789386636293,4.972112112346971,0.0213227257106778,3.552713678800501e-15,True
13,3,1,7,FFF,J,2013J,2014J,56,lightgbm,source_train_only_activity_types,14,0,,1,clicks_htmlactivity,1915,1793,1340,575,160,0.4281984334203655,0.3770217512548801,0.7743222872958214,0.7748896823168567,0.0005673950210353,0.7349535716693947,0.70211326822258,0.575142175174702,0.5477584087284647,-0.0273837664462373,0.1958818393916182,0.1832393071779338,-0.0126425322136843,0.0022363901450562,0.0230736345145873,-0.001442850131168,0.0082735171060271,0.0148001174085601,0.2230747734471781,0.0301107207017234,0.0032888268707012,0.0183287275444291,0.0117819931572942,0.0314316521978104,0.0173130830736738,0.0141185691241366,0.0354813106620047,0.024740130741442,0.0141993612494989,0.0224580938393593,80,80,0.3770217512548801,target_prevalence,0.024395240240053,0.0088688040855404,0.0155264361545125,0.0151632767815363,-0.0007263187459523,"{""class_weight"": ""balanced"", ""colsample_bytree"": 1.0, ""deterministic"": true, ""force_col_wise"": true, ""learning_rate"": 0.035, ""min_child_samples"": 12, ""n_estimators"": 180, ""n_jobs"": 1, ""num_leaves"": 15, ""objective"": ""binary"", ""reg_lambda"": 1.0, ""subsample"": 1.0, ""verbosity"": -1}",7340a032adf73dcca6285d723e7b8782f8c2625f4216107ab44a30759e1137a7,0.0722060378241472,0.233551844397425,-0.1613458065732778,0.9365079365079364,0.6031746031746031,0.6666666666666666,0.25,0.7787545286957375,0.7792636692366172,3.634387270074304,3.788415239892797,0.1540279698184932,5.3290705182007506e-15,True
13,3,1,8,GGG,J,2013J,2014J,14,logistic,source_train_only_activity_types,6,0,,1,clicks_quiz,926,719,648,278,134,0.3606911447084233,0.3824756606397774,0.6028651685393259,0.6162489762489762,0.0133838077096503,0.4483239573455131,0.4930430892003717,0.7430383584633373,0.7546828492896108,0.0116444908262735,0.2597303009070846,0.2630505095985766,0.0033202086914919,0.0268539325842697,0.008712925359076,-0.001515807529793,0.0101517807122793,-0.0014388553532033,0.2419265858182754,0.0030086227679722,-0.0006893600207337,0.0162086529113864,-0.0132000301434141,0.0039054498384666,0.0135150822298325,-0.0096096323913658,0.0068241178193656,-0.000806872283421,0.0047490237987399,0.0276682820240329,80,50,0.3824756606397774,target_prevalence,0.0084107970259086,0.0131856662291924,-0.0047748692032837,-0.0031068622782435,0.0033360138500804,"{""C"": 1.0, ""class_weight"": ""balanced"", ""max_iter"": 5000, ""solver"": ""lbfgs""}",0ec0160f1649f42124ca093cb28e50d00a77309027bbdbb0b9ac6257ff1aa269,0.0796560363099163,0.289218901779961,-0.2095628654700446,0.8842105263157894,0.5157894736842106,0.6666666666666666,0.4285714285714285,0.4227468455973867,0.5945259382063969,3.987345559320144,4.721412163387854,0.7340666040677108,5.3290705182007506e-15,False
13,3,1,8,GGG,J,2013J,2014J,14,lightgbm,source_train_only_activity_types,6,0,,1,clicks_quiz,926,719,648,278,134,0.3606911447084233,0.3824756606397774,0.5714606741573034,0.6272399672399672,0.0557792930826638,0.4421214280902986,0.4901422077966605,0.7581913151761321,0.7175596809964789,-0.0406316341796532,0.2690897028751865,0.2522714675640751,-0.0168182353111113,0.0436516853932584,0.0233306794060694,-0.0003889258040913,0.0121639446040051,0.0111667348020643,0.3235825630308193,0.0096422438868242,-0.0044295751339585,0.0073231980002434,0.0023190458865808,0.0104221701622513,0.007579493405937,0.0028426767563143,0.012960391768671,0.0063240960049774,0.0084135908800879,0.0062328051203988,80,50,0.3824756606397774,target_prevalence,0.0244735294048382,0.0114716471584662,0.0130018822463719,0.0120843085242181,-0.0018351474443076,"{""class_weight"": ""balanced"", ""colsample_bytree"": 1.0, ""deterministic"": true, ""force_col_wise"": true, ""learning_rate"": 0.035, ""min_child_samples"": 12, ""n_estimators"": 180, ""n_jobs"": 1, ""num_leaves"": 15, ""objective"": ""binary"", ""reg_lambda"": 1.0, ""subsample"": 1.0, ""verbosity"": -1}",7340a032adf73dcca6285d723e7b8782f8c2625f4216107ab44a30759e1137a7,0.0874891567559159,0.1980541256253665,-0.1105649688694506,0.8631578947368421,0.6947368421052632,0.6666666666666666,0.4285714285714285,0.8135127791667703,0.6024539890833602,2.930067730744669,3.042898002181467,0.1128302714367981,7.993605777301127e-15,False
13,3,1,8,GGG,J,2013J,2014J,56,logistic,source_train_only_activity_types,6,0,,1,clicks_quiz,919,698,643,276,136,0.3558215451577802,0.3638968481375358,0.5829511579912864,0.673299283535504,0.0903481255442175,0.4566573124268664,0.5604298964271708,0.7255539599485917,0.6424288269814749,-0.0831251329671168,0.2601303883106791,0.2235591801764488,-0.0365712081342303,0.0448864939234121,0.0204051489595459,0.0011642347463253,0.023965384272402,-0.003560235312856,0.2698349297367759,0.0193421565884653,0.0046598078697189,0.0227171034890483,-0.0033749469005829,0.0257835996386336,0.0210138702992831,0.0047697293393504,0.0430059842148728,-0.0043216710379421,0.0164599626129636,0.028974244365133,80,49,0.3638968481375358,target_prevalence,0.0167090231140228,0.0217403494873912,-0.0050313263733683,-0.0042957808431122,0.0014710910605122,"{""C"": 1.0, ""class_weight"": ""balanced"", ""max_iter"": 5000, ""solver"": ""lbfgs""}",0ec0160f1649f42124ca093cb28e50d00a77309027bbdbb0b9ac6257ff1aa269,0.0641536404583709,0.2816512990811559,-0.2174976586227849,0.8736842105263158,0.7368421052631579,1.0,0.4285714285714285,0.32954016797952,0.4282013685410571,3.1699092729306755,3.607852814641997,0.4379435417113209,3.1086244689504387e-15,False
13,3,1,8,GGG,J,2013J,2014J,56,lightgbm,source_train_only_activity_types,6,0,,1,clicks_quiz,919,698,643,276,136,0.3558215451577802,0.3638968481375358,0.5800275166246274,0.662858232247996,0.0828307156233686,0.4246235523826696,0.531993362474008,0.7909631598682771,0.74132458203572,-0.049638577832557,0.2733847868672109,0.2581139443308591,-0.0152708425363518,0.0266567301077734,0.0283734849485111,0.0010167952664346,0.0112291462378062,0.0171443387107048,0.2931318514643848,0.0437019635451307,0.0044460682299765,0.0054203731912121,0.0382815903539185,0.042848559109703,0.0064202519416856,0.0364283071680173,0.0405668251455067,0.0468371019447547,0.0090936119692672,0.0017471344131571,80,49,0.3638968481375358,target_prevalence,0.0243118598590077,0.0093252946875908,0.0149865651714169,0.0160654519410609,0.0021577735392879,"{""class_weight"": ""balanced"", ""colsample_bytree"": 1.0, ""deterministic"": true, ""force_col_wise"": true, ""learning_rate"": 0.035, ""min_child_samples"": 12, ""n_estimators"": 180, ""n_jobs"": 1, ""num_leaves"": 15, ""objective"": ""binary"", ""reg_lambda"": 1.0, ""subsample"": 1.0, ""verbosity"": -1}",7340a032adf73dcca6285d723e7b8782f8c2625f4216107ab44a30759e1137a7,0.1473763870877962,0.2473070494246531,-0.0999306623368568,0.8842105263157894,0.6490787765328362,0.6666666666666666,0.6666666666666666,0.61902766152817,0.408761907145636,3.561133224041422,3.88930194341682,0.3281687193753981,7.327471962526033e-15,False
14,3,2,0,AAA,J,2013J,2014J,14,logistic,source_train_only_activity_types,9,0,,0,,370,350,259,111,53,0.2486486486486486,0.2771428571428571,0.5490533562822719,0.615622835255287,0.0665694789730151,0.3228173513631882,0.3900556667638218,0.8411128758600434,0.8155190756679573,-0.025593800192086,0.2715108244824579,0.262887683569596,-0.0086231409128618,0.0331325301204818,-0.0011155582290596,-0.0041785940510528,0.0156723158623139,-0.0167878740913736,0.2508730321692937,-0.0049086449991823,0.0043342083208484,0.0297471755201701,-0.0346558205193524,-0.0031199955948214,0.0212591744562328,-0.0243791700510542,-0.0008956495406802,-0.0089216404576843,0.0107035833895416,0.0487907676507985,41,14,0.2771428571428571,target_prevalence,-0.0038046655726271,0.017352804461005,-0.0211574700336322,-0.0189726720625029,0.0043695959422585,"{""C"": 1.0, ""class_weight"": ""balanced"", ""max_iter"": 5000, ""solver"": ""lbfgs""}",0ec0160f1649f42124ca093cb28e50d00a77309027bbdbb0b9ac6257ff1aa269,0.0596686008026333,0.3348776648044053,-0.2752090640017719,0.8972332015810277,0.3754940711462451,1.0,0.4285714285714285,0.7877144052342521,0.5985893226681324,7.825731463121434,9.88284475335801,2.0571132902365754,4.107825191113079e-15,False
14,3,2,0,AAA,J,2013J,2014J,14,lightgbm,source_train_only_activity_types,9,0,,0,,370,350,259,111,53,0.2486486486486486,0.2771428571428571,0.6015490533562823,0.6425166048653275,0.0409675515090451,0.3901840370532097,0.4290294153471994,0.7912496799395079,0.7523958215945912,-0.0388538583449167,0.235175721450047,0.2227823608872682,-0.0123933605627788,0.03184165232358,-0.0032864838416183,-0.0075641957181674,0.0132591911768917,-0.0165456750185101,0.2871177094386788,0.0228357413160408,0.0136840239908484,0.0181534898120473,0.0046822515039934,0.0095245711978841,0.019001814011959,-0.0094772428140748,-0.0070290634362337,0.0527005460683154,0.020056781286208,0.0162501983378867,41,14,0.2771428571428571,target_prevalence,0.0013705297538893,0.0072157738807532,-0.0058452441268638,-0.011195459572687,-0.0107004308916462,"{""class_weight"": ""balanced"", ""colsample_bytree"": 1.0, ""deterministic"": true, ""force_col_wise"": true, ""learning_rate"": 0.035, ""min_child_samples"": 12, ""n_estimators"": 180, ""n_jobs"": 1, ""num_leaves"": 15, ""objective"": ""binary"", ""reg_lambda"": 1.0, ""subsample"": 1.0, ""verbosity"": -1}",7340a032adf73dcca6285d723e7b8782f8c2625f4216107ab44a30759e1137a7,0.0441790940734509,0.2713849823008723,-0.2272058882274213,0.9047619047619048,0.6215188768538846,0.6666666666666666,0.6666666666666666,0.7573580566371503,0.4453218325803476,4.798145336130752,5.0110815730816665,0.2129362369509149,7.549516567451064e-15,False
14,3,2,0,AAA,J,2013J,2014J,56,logistic,source_train_only_activity_types,9,0,,0,,365,342,255,110,52,0.2383561643835616,0.260233918128655,0.7060439560439561,0.6287249633610161,-0.0773189926829399,0.468594658900094,0.4207473912119145,0.5733998214868968,0.7375663094759697,0.1641664879890728,0.1927507052154497,0.2417034424943147,0.0489527372788649,0.1625457875457875,0.0042932966179148,-0.0058057021032374,0.0234654120403032,-0.0191721154223884,0.3838229068065836,0.002200798396605,0.0001099132575577,0.0562736275982597,-0.0540728292016547,0.0044952370144003,0.0378080129052347,-0.0333127758908344,0.0069855423434707,-0.0025839455502606,0.01776606525061,0.0947811899459095,42,13,0.260233918128655,target_prevalence,0.0061564168079099,0.0221118252417173,-0.0159554084338073,-0.0175637619280979,-0.003216706988581,"{""C"": 1.0, ""class_weight"": ""balanced"", ""max_iter"": 5000, ""solver"": ""lbfgs""}",0ec0160f1649f42124ca093cb28e50d00a77309027bbdbb0b9ac6257ff1aa269,0.0971667599547417,0.2889937516172369,-0.1918269916624951,0.83399209486166,0.3201581027667984,0.6666666666666666,0.4285714285714285,0.3618853405096079,0.5319861279336339,6.932269573569534,7.330901839379567,0.3986322658100336,4.440892098500626e-15,False
14,3,2,0,AAA,J,2013J,2014J,56,lightgbm,source_train_only_activity_types,9,0,,0,,365,342,255,110,52,0.2383561643835616,0.260233918128655,0.5920329670329672,0.6616778434072035,0.0696448763742363,0.3591340293654099,0.4026529108393812,0.8144001651128494,0.7819826370488908,-0.0324175280639585,0.2379608866839841,0.2361228410270766,-0.0018380456569075,0.010989010989011,-0.0068322134851958,-0.0028344524254933,0.0366002477031346,-0.0434324611883304,0.385016833825331,-0.0110081037894568,-0.0041669097919404,0.0353915653613982,-0.046399669150855,-0.0080152181843178,0.0416623269393119,-0.0496775451236297,-0.0047668423445937,-0.0172493652343198,0.0484683974324133,0.0223147332903831,42,13,0.260233918128655,target_prevalence,-0.0009279660563815,0.0227780928677854,-0.023706058924167,-0.0335692600562487,-0.0197264022641634,"{""class_weight"": ""balanced"", ""colsample_bytree"": 1.0, ""deterministic"": true, ""force_col_wise"": true, ""learning_rate"": 0.035, ""min_child_samples"": 12, ""n_estimators"": 180, ""n_jobs"": 1, ""num_leaves"": 15, ""objective"": ""binary"", ""reg_lambda"": 1.0, ""subsample"": 1.0, ""verbosity"": -1}",7340a032adf73dcca6285d723e7b8782f8c2625f4216107ab44a30759e1137a7,0.0538380542226999,0.3073935848990002,-0.2535555306763002,0.9525691699604742,0.5731225296442688,0.6666666666666666,0.4285714285714285,0.8475678312214792,0.6558980585573634,4.454439642042333,4.613548207638829,0.1591085655964965,1.1102230246251564e-14,False
14,3,2,1,BBB,B,2013B,2014B,14,logistic,source_train_only_activity_types,10,0,,1,clicks_oucollaborate,1606,1289,1124,482,160,0.5006226650062267,0.4375484871993794,0.7422392865136619,0.6957911469797017,-0.0464481395339602,0.7449360255861471,0.6425857157130263,0.6157112592676387,0.6714484415963884,0.0557371823287496,0.2086626246961738,0.2329135476713281,0.0242509229751542,0.0404263012000482,0.0013240186200964,0.0012972947233413,0.0049045183338018,-0.0035804997137054,0.1532579803254919,0.0182897166359179,-0.0019089136024248,0.0028204745775692,0.0154692420583486,0.0202599520795211,0.0025254552913829,0.0177344967881381,0.0340638376719706,0.0025155955998652,0.0004584878701521,0.0051824612849863,80,80,0.4375484871993794,target_prevalence,0.0011450989174365,0.0055017416717117,-0.0043566427542752,-0.0039685712339903,0.0007761430405697,"{""C"": 1.0, ""class_weight"": ""balanced"", ""max_iter"": 5000, ""solver"": ""lbfgs""}",0ec0160f1649f42124ca093cb28e50d00a77309027bbdbb0b9ac6257ff1aa269,0.0710504031511571,0.1996693345460617,-0.1286189313949046,0.8985507246376812,0.6376811594202899,0.6666666666666666,0.4285714285714285,0.838321051100781,0.2611934931362269,4.180513865063939,4.116783057143652,-0.0637308079202867,3.552713678800501e-15,False
14,3,2,1,BBB,B,2013B,2014B,14,lightgbm,source_train_only_activity_types,10,0,,1,clicks_oucollaborate,1606,1289,1124,482,160,0.5006226650062267,0.4375484871993794,0.7335961846386944,0.6834947419907068,-0.0501014426479875,0.7308411125449967,0.6347014748027812,0.6401750248161024,0.699169996740657,0.0589949719245546,0.216211874536591,0.2424952289333772,0.0262833543967861,0.0124653501144954,0.0015558926817067,-0.0027371946344602,0.0095686934787477,-0.008012800797041,0.2982418412077068,0.0003743001007587,0.0013641837292026,0.024215039032869,-0.0238407389321102,0.000786380521739,0.0223238937298165,-0.0215375132080775,0.003673502974321,-0.0029249027728034,0.0090741303643309,0.0393559477014071,80,80,0.4375484871993794,target_prevalence,0.0057466645813537,0.0132016674895099,-0.0074550029081562,-0.0077339018525986,-0.0005577978888848,"{""class_weight"": ""balanced"", ""colsample_bytree"": 1.0, ""deterministic"": true, ""force_col_wise"": true, ""learning_rate"": 0.035, ""min_child_samples"": 12, ""n_estimators"": 180, ""n_jobs"": 1, ""num_leaves"": 15, ""objective"": ""binary"", ""reg_lambda"": 1.0, ""subsample"": 1.0, ""verbosity"": -1}",7340a032adf73dcca6285d723e7b8782f8c2625f4216107ab44a30759e1137a7,0.0815210615727068,0.2245405059162316,-0.1430194443435248,0.8623188405797101,0.6666666666666667,1.0,0.6666666666666666,0.8628373807025883,0.7245592835504122,3.1591415812864936,2.969978134931545,-0.1891634463549487,9.769962616701378e-15,False
14,3,2,1,BBB,B,2013B,2014B,56,logistic,source_train_only_activity_types,10,0,,1,clicks_oucollaborate,1470,1247,1029,441,160,0.454421768707483,0.4170008019246191,0.770746887966805,0.702653158395937,-0.068093729570868,0.767039012777285,0.6464075999763943,0.5804881509852738,0.7038143510463838,0.1233262000611099,0.2014304182605573,0.2459849534345434,0.044554535173986,0.0088589211618256,0.008430668141414,-0.002861877458088,0.0210568186901918,-0.0126261505487778,0.2439481795316877,0.0121195637863207,0.0017441948156903,0.0493192715862492,-0.0371997077999285,0.0137688255249892,0.044218617293149,-0.0304497917681598,0.022054971458396,0.0021841561142453,0.0185921416176696,0.0800464015548289,80,80,0.4170008019246191,target_prevalence,0.0464070486775828,0.0206853945737707,0.0257216541038121,0.0065477517775171,-0.0383478046525899,"{""C"": 1.0, ""class_weight"": ""balanced"", ""max_iter"": 5000, ""solver"": ""lbfgs""}",0ec0160f1649f42124ca093cb28e50d00a77309027bbdbb0b9ac6257ff1aa269,0.1121176659182904,0.2586310572353362,-0.1465133913170457,0.8260869565217391,0.536231884057971,1.0,0.4285714285714285,0.9002574867904563,0.7974884726346877,4.816616745252721,5.39603311964565,0.5794163743929293,5.3290705182007506e-15,False
14,3,2,1,BBB,B,2013B,2014B,56,lightgbm,source_train_only_activity_types,10,0,,1,clicks_oucollaborate,1470,1247,1029,441,160,0.454421768707483,0.4170008019246191,0.7735269709543569,0.7441844778330335,-0.0293424931213233,0.7684942423003899,0.7159742697167322,0.5857662493384085,0.6343292107649494,0.0485629614265409,0.1974364457528788,0.2165173729532591,0.0190809272003803,0.0171369294605809,0.0129566614368587,0.0010176097545746,0.0076405640552756,0.005316097381583,0.2403986599729295,0.0036624956956454,9.649458719876436e-05,0.0166263276270464,-0.0129638319314009,0.0043333190233723,0.0149797489673085,-0.0106464299439362,0.0077036391240289,-0.000378647732738,0.0067070832372245,0.0265455720168683,80,80,0.4170008019246191,target_prevalence,0.0098445243076402,0.0030755553031779,0.0067689690044622,0.0060425331930226,-0.0014528716228791,"{""class_weight"": ""balanced"", ""colsample_bytree"": 1.0, ""deterministic"": true, ""force_col_wise"": true, ""learning_rate"": 0.035, ""min_child_samples"": 12, ""n_estimators"": 180, ""n_jobs"": 1, ""num_leaves"": 15, ""objective"": ""binary"", ""reg_lambda"": 1.0, ""subsample"": 1.0, ""verbosity"": -1}",7340a032adf73dcca6285d723e7b8782f8c2625f4216107ab44a30759e1137a7,0.0638225074109551,0.2077221062375544,-0.1438995988265993,0.9057971014492754,0.608695652173913,0.6666666666666666,0.4285714285714285,0.7256868191527021,0.5135468313200338,3.4366041339494906,3.3882061591629267,-0.0483979747865639,9.103828801926284e-15,False
14,3,2,2,BBB,J,2013J,2014J,14,logistic,source_train_only_activity_types,10,0,,0,,1851,1791,1295,556,160,0.4219340896812534,0.3618090452261306,0.6814741167892888,0.6512217415724268,-0.0302523752168619,0.5939181404857599,0.5049678198719807,0.6686653536835798,0.6839753975495787,0.0153100438659988,0.2329522271858507,0.2339629329340587,0.001010705748208,0.0060051700139192,0.0134624036446893,-7.508646151349607e-05,0.016634656297457,-0.0031722526527677,0.2633974399167375,0.0151379428195093,-0.0034856979664409,0.0164159774743402,-0.0012780346548309,0.0159745988974596,0.0148891898986711,0.0010854089987884,0.0181651166288203,0.0121107690101983,0.0108917824278283,0.0219401725208522,80,80,0.3618090452261306,target_prevalence,0.1061979339696659,0.0163140013530604,0.0898839326166054,0.0433558399819188,-0.0930561852693731,"{""C"": 1.0, ""class_weight"": ""balanced"", ""max_iter"": 5000, ""solver"": ""lbfgs""}",0ec0160f1649f42124ca093cb28e50d00a77309027bbdbb0b9ac6257ff1aa269,0.1440234642576239,0.2706143265705554,-0.1265908623129314,0.7536231884057971,0.4347826086956521,1.0,0.4285714285714285,0.5999483921414501,0.4971853417432308,3.9687382368348567,4.204187910107474,0.2354496732726172,1.0658141036401504e-14,False
14,3,2,2,BBB,J,2013J,2014J,14,lightgbm,source_train_only_activity_types,10,0,,0,,1851,1791,1295,556,160,0.4219340896812534,0.3618090452261306,0.672923709153576,0.6371526090102935,-0.0357711001432825,0.6005303728138351,0.4914348641155156,0.6673264591646813,0.7138376447632341,0.0465111855985528,0.2338119116560903,0.2425006876068016,0.0086887759507112,0.0162325180619075,0.1982991225652183,-0.0005739979332254,0.015565817045239,0.1827333055199793,0.328858540614943,0.1825239892616409,0.0009801895214372,0.027506229000556,0.1550177602610848,0.1864865574135258,0.0255768892241713,0.1609096681893544,0.1968612813020972,0.1681866972211845,0.020525526900546,0.034486931100566,80,80,0.3618090452261306,target_prevalence,0.0177861208888444,0.0143508552147599,0.0034352656740844,0.0930842855970318,0.1792980398458949,"{""class_weight"": ""balanced"", ""colsample_bytree"": 1.0, ""deterministic"": true, ""force_col_wise"": true, ""learning_rate"": 0.035, ""min_child_samples"": 12, ""n_estimators"": 180, ""n_jobs"": 1, ""num_leaves"": 15, ""objective"": ""binary"", ""reg_lambda"": 1.0, ""subsample"": 1.0, ""verbosity"": -1}",7340a032adf73dcca6285d723e7b8782f8c2625f4216107ab44a30759e1137a7,0.3328281683582197,0.3191886910577527,0.0136394773004669,0.782608695652174,0.5144927536231884,0.6666666666666666,0.25,0.28924710799744,0.5269847210790541,2.5133932451828604,3.2197081791077053,0.7063149339248449,5.3290705182007506e-15,False
14,3,2,2,BBB,J,2013J,2014J,56,logistic,source_train_only_activity_types,10,0,,0,,1785,1750,1249,536,160,0.3994397759103641,0.3417142857142857,0.7438468682881523,0.695848139632107,-0.0479987286560452,0.649333741931905,0.5500428220626234,0.5987981429598012,0.9751663518252784,0.3763682088654771,0.2046634756325173,0.2399262687797833,0.0352627931472659,0.0303302954664189,0.2495960203283814,-0.001864999353963,0.0102868028954823,0.2393092174328991,0.2539877597163379,0.2187061003648949,-0.0002217513482889,0.0198444581392951,0.1988616422255998,0.2257763582513552,0.0167493567864078,0.2090270014649473,0.2410399474791646,0.1963722532506253,0.0100675134325211,0.0296214028460692,80,80,0.3417142857142857,target_prevalence,0.231113589838208,0.0102612666891107,0.2208523231490973,0.2300807702909982,0.0184568942838017,"{""C"": 1.0, ""class_weight"": ""balanced"", ""max_iter"": 5000, ""solver"": ""lbfgs""}",0ec0160f1649f42124ca093cb28e50d00a77309027bbdbb0b9ac6257ff1aa269,0.4205998206119318,0.3204607012305023,0.1001391193814295,0.7463768115942029,0.4275362318840579,0.4285714285714285,0.4285714285714285,0.0707239109968939,0.5569134287770051,4.02392581673796,7.30034036910803,3.2764145523700696,7.105427357601002e-15,False
14,3,2,2,BBB,J,2013J,2014J,56,lightgbm,source_train_only_activity_types,10,0,,0,,1785,1750,1249,536,160,0.3994397759103641,0.3417142857142857,0.7561386196087536,0.6102532167409885,-0.145885402867765,0.7145191261460365,0.4937153621272017,0.5716624693172612,0.7935593815921815,0.2218969122749203,0.1930236897210898,0.2810276170708407,0.0880039273497508,0.0167179427642654,0.0976681626841134,-0.0015743571630969,0.006770444728921,0.0908977179551924,0.2206527750857229,0.0983335611641806,0.0019974944272653,0.0085371516612644,0.0897964095029162,0.1102556696056841,0.0075363906831568,0.1027192789225272,0.1359936510064749,0.0606734713218863,0.0053759030842098,0.0116984002383191,80,80,0.3417142857142857,target_prevalence,0.0862482589777887,0.0032293550977004,0.0830189038800883,0.0869583109176403,0.0078788140751041,"{""class_weight"": ""balanced"", ""colsample_bytree"": 1.0, ""deterministic"": true, ""force_col_wise"": true, ""learning_rate"": 0.035, ""min_child_samples"": 12, ""n_estimators"": 180, ""n_jobs"": 1, ""num_leaves"": 15, ""objective"": ""binary"", ""reg_lambda"": 1.0, ""subsample"": 1.0, ""verbosity"": -1}",7340a032adf73dcca6285d723e7b8782f8c2625f4216107ab44a30759e1137a7,0.2154395688823782,0.1303946695480231,0.085044899334355,0.6727272727272726,0.7223242385974246,0.25,0.4285714285714285,0.8078233442026109,0.4533357837894036,3.1276628565657894,3.9239119787110455,0.7962491221452561,1.0769163338864018e-14,False
14,3,2,3,DDD,B,2013B,2014B,14,logistic,source_train_only_activity_types,11,0,,1,clicks_oucollaborate,1197,1050,837,360,160,0.5747702589807853,0.5447619047619048,0.70079883805374,0.6632932966614976,-0.0375055413922423,0.760577798641664,0.6739028409397947,0.6404779595273293,0.7024904029864428,0.0620124434591135,0.2224585034411156,0.2371095143518249,0.0146510109107093,0.0103880521612831,0.0150296429787693,0.0017580056910763,0.0164294132353666,-0.0013997702565973,0.1938746686143032,0.0074608588659352,-0.0031380778694137,0.0118830038304945,-0.0044221449645593,0.0073456554185698,0.0123965185935488,-0.0050508631749789,0.008747705884378,0.0061740118474924,0.0061469346687182,0.0176190729922708,76,80,0.5447619047619048,target_prevalence,0.0115900181147766,0.0159294898743747,-0.004339471759598,-0.0028696210080977,0.0029397015030007,"{""C"": 1.0, ""class_weight"": ""balanced"", ""max_iter"": 5000, ""solver"": ""lbfgs""}",0ec0160f1649f42124ca093cb28e50d00a77309027bbdbb0b9ac6257ff1aa269,0.0696300793015196,0.276577092558902,-0.2069470132573824,0.9466666666666664,0.4599999999999999,1.0,0.6666666666666666,0.2529572285707151,0.3372882794688195,5.1640910779238585,4.687718406625825,-0.4763726712980336,7.105427357601002e-15,False
14,3,2,3,DDD,B,2013B,2014B,14,lightgbm,source_train_only_activity_types,11,0,,1,clicks_oucollaborate,1197,1050,837,360,160,0.5747702589807853,0.5447619047619048,0.6655615547346152,0.6792726102349534,0.0137110555003382,0.7395436038299471,0.7043030153201023,0.6991993230972973,0.7184150424734651,0.0192157193761678,0.2452729572127368,0.2477688466576779,0.0024958894449411,0.0171765968867418,0.0080862510710905,0.0009331907837243,0.0134895397875418,-0.0054032887164513,0.238702662447734,0.0065537480252906,-0.0012132986311641,0.0110767404678249,-0.0045229924425343,0.0065864382900223,0.0112822345575181,-0.0046957962674958,0.006188590812862,0.0069189052377191,0.0087813277638053,0.0133721531718445,76,80,0.5447619047619048,target_prevalence,0.0040293227882559,0.01280777744086,-0.0087784546526041,-0.0070908716845277,0.0033751659361528,"{""class_weight"": ""balanced"", ""colsample_bytree"": 1.0, ""deterministic"": true, ""force_col_wise"": true, ""learning_rate"": 0.035, ""min_child_samples"": 12, ""n_estimators"": 180, ""n_jobs"": 1, ""num_leaves"": 15, ""objective"": ""binary"", ""reg_lambda"": 1.0, ""subsample"": 1.0, ""verbosity"": -1}",7340a032adf73dcca6285d723e7b8782f8c2625f4216107ab44a30759e1137a7,0.0916637335271282,0.2506582214735372,-0.158994487946409,0.8066666666666665,0.4799999999999999,1.0,0.4285714285714285,0.5169262858422511,0.4481811724646011,3.705216494359925,3.617939955461944,-0.0872765388979814,5.3290705182007506e-15,False
14,3,2,3,DDD,B,2013B,2014B,56,logistic,source_train_only_activity_types,11,0,,1,clicks_oucollaborate,1085,971,759,326,159,0.5299539170506913,0.5077239958805355,0.7427934564962786,0.7292471165352594,-0.0135463399610191,0.7878825124650652,0.7251615118076786,0.6509518614843313,0.689528252651317,0.0385763911669857,0.2183651091155162,0.2338534417001347,0.0154883325846185,0.0122029543994862,0.0088826108442793,0.0044577732612732,0.0097603643025749,-0.0008777534582956,0.2150647635812686,0.0179229830368102,-0.0005421757433688,0.0102902975353681,0.0076326855014421,0.0177561159505877,0.010365817176009,0.0073902987745786,0.0287248457516147,0.0071211203220056,0.0054016594645444,0.0151789356061918,76,80,0.5077239958805355,target_prevalence,0.009652675343929,0.0133889424624281,-0.0037362671184991,-0.0023070102883973,0.0028585136602035,"{""C"": 1.0, ""class_weight"": ""balanced"", ""max_iter"": 5000, ""solver"": ""lbfgs""}",0ec0160f1649f42124ca093cb28e50d00a77309027bbdbb0b9ac6257ff1aa269,0.0452748554476951,0.2509538664712861,-0.2056790110235909,0.9533333333333333,0.4733333333333333,0.6666666666666666,1.0,0.8879722623211512,0.1941435667777077,5.582609184908598,5.61147355927202,0.0288643743634215,3.552713678800501e-15,False
14,3,2,3,DDD,B,2013B,2014B,56,lightgbm,source_train_only_activity_types,11,0,,1,clicks_oucollaborate,1085,971,759,326,159,0.5299539170506913,0.5077239958805355,0.7173674864936339,0.7197946990078676,0.0024272125142337,0.7697842310698225,0.7424308569573581,0.6992264307253342,0.7757333012164294,0.0765068704910951,0.2309583290582315,0.2465643016719797,0.0156059726137481,0.0042691450375912,0.0322426330720931,0.0011380705237813,0.0164038351520031,0.01583879792009,0.276647514952911,0.0342959805612816,-0.0024036772652283,0.0277046139210034,0.0065913666402781,0.0344057586254797,0.0275653867124075,0.0068403719130722,0.0271896805388568,0.0414022805837064,0.0367172552241132,0.0186919726178937,76,80,0.5077239958805355,target_prevalence,0.0146426132454607,0.0181460845867785,-0.0035034713413177,0.0061676632893861,0.0193422692614077,"{""class_weight"": ""balanced"", ""colsample_bytree"": 1.0, ""deterministic"": true, ""force_col_wise"": true, ""learning_rate"": 0.035, ""min_child_samples"": 12, ""n_estimators"": 180, ""n_jobs"": 1, ""num_leaves"": 15, ""objective"": ""binary"", ""reg_lambda"": 1.0, ""subsample"": 1.0, ""verbosity"": -1}",7340a032adf73dcca6285d723e7b8782f8c2625f4216107ab44a30759e1137a7,0.153122618318688,0.3014886180682986,-0.1483659997496106,0.8266666666666665,0.3799999999999999,1.0,0.1111111111111111,0.6475303908313234,0.5676287119305226,4.185353972651025,4.254365043149093,0.0690110704980684,7.105427357601002e-15,True
14,3,2,4,DDD,J,2013J,2014J,14,logistic,source_train_only_activity_types,10,0,,0,,1675,1479,1172,503,160,0.5068656716417911,0.4645030425963489,0.6737349778621127,0.7127571199623601,0.0390221421002474,0.6457076619173308,0.6707945056453051,0.6764646377352787,0.6387426810736206,-0.037721956661658,0.2352276841537128,0.2191757579118043,-0.0160519262419084,0.0173624288425047,6.809367140125921e-05,-0.0025948903013169,0.0303735962109032,-0.030305502539502,0.2837357997598556,0.0010796006421635,-0.0034005830868517,0.048130153976662,-0.0470505533344985,0.0011147898113757,0.0464147194002687,-0.045299929588893,0.0015752652256382,0.0005839360586888,0.0239670326577501,0.0722932752955739,80,80,0.4645030425963489,target_prevalence,0.0054585451713644,0.0313263584905101,-0.0258678133191457,-0.0280866579293239,-0.0044376892203562,"{""C"": 1.0, ""class_weight"": ""balanced"", ""max_iter"": 5000, ""solver"": ""lbfgs""}",0ec0160f1649f42124ca093cb28e50d00a77309027bbdbb0b9ac6257ff1aa269,0.0735935937105885,0.3582473654576815,-0.2846537717470929,0.9057971014492754,0.3768115942028985,1.0,0.4285714285714285,0.6201346839911346,0.2786755259900473,3.991711650470045,3.6659188372970055,-0.325792813173039,3.552713678800501e-15,False
14,3,2,4,DDD,J,2013J,2014J,14,lightgbm,source_train_only_activity_types,10,0,,0,,1675,1479,1172,503,160,0.5068656716417911,0.4645030425963489,0.6935325743200506,0.6507129151779807,-0.0428196591420698,0.7066302134507181,0.6028564899204324,0.6705264328016612,0.6926137192786953,0.022087286477034,0.2324476492384546,0.2439793019411572,0.0115316527027026,0.0028146742567994,0.0114702491212146,0.0002986390627242,0.0117331506401652,-0.0002629015189505,0.2474603755546352,0.0130581733134622,-0.0007826863350668,0.0157303552702891,-0.0026721819568268,0.0131712331834563,0.0158755729402743,-0.002704339756818,0.0146507023393784,0.011465644287546,0.0177758498789383,0.0136848606616399,80,80,0.4645030425963489,target_prevalence,0.0020911703488029,0.0098607809683003,-0.0077696106194974,-0.0040162560692239,0.0075067091005469,"{""class_weight"": ""balanced"", ""colsample_bytree"": 1.0, ""deterministic"": true, ""force_col_wise"": true, ""learning_rate"": 0.035, ""min_child_samples"": 12, ""n_estimators"": 180, ""n_jobs"": 1, ""num_leaves"": 15, ""objective"": ""binary"", ""reg_lambda"": 1.0, ""subsample"": 1.0, ""verbosity"": -1}",7340a032adf73dcca6285d723e7b8782f8c2625f4216107ab44a30759e1137a7,0.0505403392272714,0.1629994701761023,-0.1124591309488309,0.927536231884058,0.7536231884057971,1.0,0.4285714285714285,0.888738046175559,0.4313831330282048,3.303850920493673,3.233217667093078,-0.0706332534005951,6.661338147750939e-15,False
14,3,2,4,DDD,J,2013J,2014J,56,logistic,source_train_only_activity_types,10,0,,0,,1574,1417,1101,473,160,0.4739517153748411,0.4410726887791108,0.7424698795180724,0.7047999999999999,-0.0376698795180725,0.7271324451957344,0.6347657949085224,0.6265947416998217,0.7016010849206142,0.0750063432207925,0.2097553332860828,0.2420816708410149,0.032326337554932,0.0169786288009181,0.0295078516931592,0.0016212272197806,0.0087106749022823,0.0207971767908769,0.2098439785267181,0.0357366480052269,0.0019718231993028,0.0175361842422857,0.0182004637629411,0.0379460909538953,0.0169140073128906,0.0210320836410046,0.0544838375756649,0.0169894584347889,0.0122569943683166,0.0228153741162548,80,80,0.4410726887791108,target_prevalence,0.0307126261663307,0.0097924496370665,0.0209201765292642,0.0208586766600705,-0.0001229997383872,"{""C"": 1.0, ""class_weight"": ""balanced"", ""max_iter"": 5000, ""solver"": ""lbfgs""}",0ec0160f1649f42124ca093cb28e50d00a77309027bbdbb0b9ac6257ff1aa269,0.0698563590827795,0.3486170023612714,-0.2787606432784919,0.891304347826087,0.3188405797101449,0.4285714285714285,1.0,0.7334927542096733,0.4017108995753128,4.733307553265422,4.976540150310655,0.2432325970452336,3.552713678800501e-15,False
14,3,2,4,DDD,J,2013J,2014J,56,lightgbm,source_train_only_activity_types,10,0,,0,,1574,1417,1101,473,160,0.4739517153748411,0.4410726887791108,0.7718283849684451,0.695359595959596,-0.0764687890088491,0.7620452097145509,0.6660037565239301,0.5912870602213404,0.8114256644406261,0.2201386042192857,0.1984383873978726,0.2895299144022114,0.0910915270043387,0.0129356712564542,0.312173438283939,-0.0008968793290807,0.0057834163982738,0.3063900218856652,0.2754140173283311,0.2691792252093145,0.0003042718562251,0.0129290835743949,0.2562501416349195,0.2913870357160236,0.0121699692610901,0.2792170664549335,0.4576131622632477,0.0807452881553811,0.0064879758980304,0.0193701912507593,80,80,0.4410726887791108,target_prevalence,0.2407687436632521,0.0069040204537284,0.2338647232095237,0.2701273725475944,0.0725252986761414,"{""class_weight"": ""balanced"", ""colsample_bytree"": 1.0, ""deterministic"": true, ""force_col_wise"": true, ""learning_rate"": 0.035, ""min_child_samples"": 12, ""n_estimators"": 180, ""n_jobs"": 1, ""num_leaves"": 15, ""objective"": ""binary"", ""reg_lambda"": 1.0, ""subsample"": 1.0, ""verbosity"": -1}",7340a032adf73dcca6285d723e7b8782f8c2625f4216107ab44a30759e1137a7,0.1288823878961918,0.1881455500076367,-0.0592631621114448,0.8478260869565217,0.6376811594202899,0.4285714285714285,0.4285714285714285,0.2554884527871832,0.4342383876227157,3.2959675416341923,3.6336291621469554,0.3376616205127631,8.881784197001252e-15,False
14,3,2,5,EEE,J,2013J,2014J,14,logistic,source_train_only_activity_types,9,0,,2,clicks_ouwiki|clicks_page,933,1027,653,280,138,0.3483386923901393,0.3339824732229795,0.6381475667189953,0.7240678226177689,0.0859202558987736,0.5004285952818328,0.578139210335644,0.6964756899621792,0.6385952472843515,-0.0578804426778277,0.2427717939999116,0.2232788913796064,-0.0194929026203052,0.0379569410181654,0.0051041459175006,-0.0008812486762367,0.02052738868032,-0.0154232427628193,0.2582443613886833,0.014005212313478,-0.0034127116854031,0.030873335293507,-0.016868122980029,0.0152924605032159,0.0271618099762563,-0.0118693494730403,0.0178820565682019,0.010128368058754,0.0196952223878869,0.042051448199127,80,49,0.3339824732229795,target_prevalence,0.0030654752731811,0.0170936992767545,-0.0140282240035734,-0.0147257333831963,-0.0013950187592458,"{""C"": 1.0, ""class_weight"": ""balanced"", ""max_iter"": 5000, ""solver"": ""lbfgs""}",0ec0160f1649f42124ca093cb28e50d00a77309027bbdbb0b9ac6257ff1aa269,0.0817410092742292,0.2949580222638547,-0.2132170129896255,0.8972332015810277,0.5335968379446641,1.0,0.6666666666666666,0.4157076152493926,0.7580781802508774,4.282403595737907,4.58294274181134,0.300539146073433,2.220446049250313e-15,False
14,3,2,5,EEE,J,2013J,2014J,14,lightgbm,source_train_only_activity_types,9,0,,2,clicks_ouwiki|clicks_page,933,1027,653,280,138,0.3483386923901393,0.3339824732229795,0.6505382372729311,0.7094735137162635,0.0589352764433324,0.491067102711777,0.5470992501955745,0.7417707527064688,0.6315248226924058,-0.1102459300140629,0.248393177183181,0.2161391524873102,-0.0322540246958707,0.0291545189504373,0.0095743157829087,-0.0011992044502642,0.0122509803477013,-0.0026766645647926,0.3647305009692537,0.0116131782944745,-0.0012633179351762,0.0151544117874205,-0.0035412334929459,0.0133599056922609,0.0145829065506372,-0.0012230008583763,0.0168738499587753,0.0063525066301738,0.0134331922033253,0.0168756313715158,80,49,0.3339824732229795,target_prevalence,-0.000389219526206,0.0143854420211185,-0.0147746615473246,-0.0087256630560586,0.012097996982532,"{""class_weight"": ""balanced"", ""colsample_bytree"": 1.0, ""deterministic"": true, ""force_col_wise"": true, ""learning_rate"": 0.035, ""min_child_samples"": 12, ""n_estimators"": 180, ""n_jobs"": 1, ""num_leaves"": 15, ""objective"": ""binary"", ""reg_lambda"": 1.0, ""subsample"": 1.0, ""verbosity"": -1}",7340a032adf73dcca6285d723e7b8782f8c2625f4216107ab44a30759e1137a7,0.0646133965576881,0.2227862989686155,-0.1581729024109274,0.9444444444444444,0.738095238095238,0.6666666666666666,0.4285714285714285,0.8587675850180634,0.9038085056073404,3.263873810926018,3.2351933620081708,-0.0286804489178473,7.105427357601002e-15,False
14,3,2,5,EEE,J,2013J,2014J,56,logistic,source_train_only_activity_types,9,0,,2,clicks_ouwiki|clicks_page,906,997,634,272,134,0.3278145695364238,0.3139418254764293,0.7392398845705164,0.7763484856977374,0.037108601127221,0.6435823268892971,0.6552743657398917,0.588873888088428,0.6256969050511,0.0368230169626719,0.2020556705654876,0.215525336036426,0.0134696654709383,0.0037453183520599,0.0267052124196579,-0.0021007113371536,0.0134079593108033,0.0132972531088546,0.3070217818227335,0.0223558741227405,-0.0020589983027301,0.0302929801422174,-0.0079371060194769,0.0236931646380224,0.0283025240143202,-0.0046093593762978,0.0259496170977702,0.0187621311477108,0.0249439646179222,0.0356419956665127,80,44,0.3139418254764293,target_prevalence,0.0070508330779821,0.0132987443270671,-0.0062479112490849,0.0035246709298848,0.0195451643579395,"{""C"": 1.0, ""class_weight"": ""balanced"", ""max_iter"": 5000, ""solver"": ""lbfgs""}",0ec0160f1649f42124ca093cb28e50d00a77309027bbdbb0b9ac6257ff1aa269,0.0841331906778909,0.3223548862241033,-0.2382216955462123,0.8893280632411068,0.4624505928853755,0.6666666666666666,0.6666666666666666,0.4186845583326175,0.5635784095676132,3.948620223267324,4.769596832697236,0.8209766094299122,2.220446049250313e-15,False
14,3,2,5,EEE,J,2013J,2014J,56,lightgbm,source_train_only_activity_types,9,0,,2,clicks_ouwiki|clicks_page,906,997,634,272,134,0.3278145695364238,0.3139418254764293,0.7263461656535886,0.7748724847261925,0.0485263190726039,0.6364743444768755,0.6777108010763546,0.5825881822229215,0.5518659054542978,-0.0307222767686237,0.1982227363953981,0.1838411238553323,-0.0143816125400657,0.0022717504758398,0.0022327720455403,0.001635848742961,0.0198092305959231,-0.0175764585503827,0.3637873817258478,0.0055559030792458,0.0021498295939494,0.0333743341053453,-0.0278184310260995,0.0054199894359564,0.0341825739538245,-0.028762584517868,0.0051906580594089,0.0059211480990826,0.0355463425391289,0.0312023256715617,80,44,0.3139418254764293,target_prevalence,0.0015436142695519,0.0241152731544969,-0.022571658884945,-0.0200740587176639,0.0049952003345623,"{""class_weight"": ""balanced"", ""colsample_bytree"": 1.0, ""deterministic"": true, ""force_col_wise"": true, ""learning_rate"": 0.035, ""min_child_samples"": 12, ""n_estimators"": 180, ""n_jobs"": 1, ""num_leaves"": 15, ""objective"": ""binary"", ""reg_lambda"": 1.0, ""subsample"": 1.0, ""verbosity"": -1}",7340a032adf73dcca6285d723e7b8782f8c2625f4216107ab44a30759e1137a7,0.052901932693489,0.2978662990413914,-0.2449643663479024,0.9367588932806324,0.557312252964427,1.0,0.25,0.7479362095865494,0.5784065353886617,3.660663017132932,3.6658222037734376,0.0051591866405056,8.659739592076221e-15,False
14,3,2,6,FFF,B,2013B,2014B,14,logistic,source_train_only_activity_types,13,0,,1,clicks_oucollaborate,1520,1309,1064,456,160,0.4861842105263158,0.5011459129106188,0.7264572264572265,0.719976748963508,-0.0064804774937184,0.7165101123941705,0.6940830022712033,0.6215957580283306,0.6642881564703796,0.042692398442049,0.2159079594246221,0.2199283884404126,0.0040204290157904,0.0173827673827672,0.0070304531660184,0.0025462558914341,0.010375585301674,-0.0033451321356555,0.2081347205320397,0.0083629493998911,-0.0012902077060559,0.0064226246969281,0.0019403247029629,0.0083570229072576,0.0064319959820356,0.0019250269252219,0.0109488756856605,0.0057770231141217,0.0023336206283563,0.0105116287655,80,80,0.5011459129106188,target_prevalence,0.0088533111442085,0.0071201338225526,0.0017331773216558,-0.0008059774069998,-0.0050783094573114,"{""C"": 1.0, ""class_weight"": ""balanced"", ""max_iter"": 5000, ""solver"": ""lbfgs""}",0ec0160f1649f42124ca093cb28e50d00a77309027bbdbb0b9ac6257ff1aa269,0.0562452144879763,0.2737337961339198,-0.2174885816459435,0.9202279202279204,0.5384615384615385,0.6666666666666666,1.0,0.8473124051359908,0.742335021288596,4.4960237403578045,4.634508814630804,0.1384850742729995,7.105427357601002e-15,False
14,3,2,6,FFF,B,2013B,2014B,14,lightgbm,source_train_only_activity_types,13,0,,1,clicks_oucollaborate,1520,1309,1064,456,160,0.4861842105263158,0.5011459129106188,0.7593555093555093,0.6967572274306204,-0.0625982819248889,0.7349847176706723,0.6882044258687083,0.6095184150706205,0.6806654006712347,0.0711469856006141,0.2058418803794057,0.2331556672757891,0.0273137868963834,0.0227150227150226,0.0059867760183988,0.000874132375609,0.0148899613996878,-0.0089031853812889,0.2943472830231896,0.0051602646538534,-0.000264942862829,0.0228944499962001,-0.0177341853423467,0.0051608186283893,0.0229112743211599,-0.0177504556927706,0.0049185470980348,0.005401982209672,0.015553436205408,0.0302354637869923,80,80,0.5011459129106188,target_prevalence,0.0116778084208697,0.0120668176869522,-0.0003890092660824,-0.0046460973236857,-0.0085141761152064,"{""class_weight"": ""balanced"", ""colsample_bytree"": 1.0, ""deterministic"": true, ""force_col_wise"": true, ""learning_rate"": 0.035, ""min_child_samples"": 12, ""n_estimators"": 180, ""n_jobs"": 1, ""num_leaves"": 15, ""objective"": ""binary"", ""reg_lambda"": 1.0, ""subsample"": 1.0, ""verbosity"": -1}",7340a032adf73dcca6285d723e7b8782f8c2625f4216107ab44a30759e1137a7,0.0508941075928778,0.3153089213299552,-0.2644148137370773,0.8860398860398863,0.4051359329103309,1.0,0.0,0.8507640353208735,0.5045672450008962,3.3214242534578142,3.34728153877541,0.0258572853175955,6.217248937900877e-15,False
14,3,2,6,FFF,B,2013B,2014B,56,logistic,source_train_only_activity_types,13,0,,1,clicks_oucollaborate,1407,1257,984,423,160,0.4442075337597725,0.4797136038186158,0.7720688094160252,0.7365567676398843,-0.0355120417761408,0.7138051482350529,0.6732781011235147,0.5872212990084649,0.6814500192095232,0.0942287202010583,0.1968726358753654,0.2192738033629315,0.0224011674875661,0.0142145767315527,0.0321526536099684,-0.0008406281989074,0.0091093096660787,0.0230433439438896,0.1889976767334566,0.0267075564242064,-0.0016987724568112,0.0123240088353458,0.0143835475888605,0.0265510711336498,0.0121990158293579,0.0143520553042918,0.0228506542628416,0.0305644585855712,0.0092432988642316,0.01540471880646,80,80,0.4797136038186158,target_prevalence,0.0324690311693622,0.0073158761661925,0.0251531550031697,0.0240982494735297,-0.00210981105928,"{""C"": 1.0, ""class_weight"": ""balanced"", ""max_iter"": 5000, ""solver"": ""lbfgs""}",0ec0160f1649f42124ca093cb28e50d00a77309027bbdbb0b9ac6257ff1aa269,0.1275486294061821,0.2909942544192775,-0.1634456250130953,0.8404558404558405,0.3276353276353277,0.6666666666666666,0.4285714285714285,0.5410572958925026,0.684339889385882,6.294079536748143,6.854167607158979,0.5600880704108366,7.105427357601002e-15,False
14,3,2,6,FFF,B,2013B,2014B,56,lightgbm,source_train_only_activity_types,13,0,,1,clicks_oucollaborate,1407,1257,984,423,160,0.4442075337597725,0.4797136038186158,0.7846310547759167,0.7426045105765768,-0.0420265441993398,0.761838752167812,0.7298905620388325,0.5656362108006368,0.6587050675764747,0.0930688567758379,0.1940484754778383,0.2221931527595133,0.028144677281675,0.0199864191942055,0.017610107846926,-0.0007609725483572,0.0052995703803447,0.0123105374665813,0.2092344843948771,0.0313515688759184,0.0037627810597219,0.0149379535391652,0.0164136153367531,0.031660380296991,0.0150696299729816,0.0165907503240094,0.0389628621364743,0.0237402756153624,0.0181833903491096,0.0116925167292208,80,80,0.4797136038186158,target_prevalence,0.0208606137538768,0.0067264532533087,0.0141341605005681,0.0132223489835747,-0.0018236230339868,"{""class_weight"": ""balanced"", ""colsample_bytree"": 1.0, ""deterministic"": true, ""force_col_wise"": true, ""learning_rate"": 0.035, ""min_child_samples"": 12, ""n_estimators"": 180, ""n_jobs"": 1, ""num_leaves"": 15, ""objective"": ""binary"", ""reg_lambda"": 1.0, ""subsample"": 1.0, ""verbosity"": -1}",7340a032adf73dcca6285d723e7b8782f8c2625f4216107ab44a30759e1137a7,0.0688078796998291,0.2329923336671287,-0.1641844539672995,0.8803418803418804,0.6125356125356126,1.0,0.4285714285714285,0.6883728419241468,0.7730890653271433,4.08671705567871,4.1343831023247954,0.0476660466460856,5.773159728050814e-15,False
14,3,2,7,FFF,J,2013J,2014J,14,logistic,source_train_only_activity_types,13,0,,1,clicks_htmlactivity,1998,1886,1398,600,160,0.4519519519519519,0.4077412513255567,0.725423120492603,0.7269786128318352,0.0015554923392321,0.6911186204974018,0.6270869663175959,0.6188085553565517,0.6177274552852455,-0.0010811000713061,0.2131573192520509,0.2117556339085839,-0.0014016853434669,0.0032189683598963,0.007452390944978,-0.0003017164746512,0.0158609763317726,-0.0084085853867946,0.2798592733121399,0.0084172711759052,0.006867064143849,0.0318568491425714,-0.0234395779666661,0.0090038247830212,0.0294020924598718,-0.0203982676768506,0.0115961220466544,0.0052384203051561,0.0185531965461019,0.0451605017390409,80,80,0.4077412513255567,target_prevalence,0.0231176209021334,0.0130766461750108,0.0100409747271226,0.0008161946701639,-0.0184495601139172,"{""C"": 1.0, ""class_weight"": ""balanced"", ""max_iter"": 5000, ""solver"": ""lbfgs""}",0ec0160f1649f42124ca093cb28e50d00a77309027bbdbb0b9ac6257ff1aa269,0.060108115572293,0.3836675842045291,-0.323559468632236,0.9088319088319088,0.4472934472934474,1.0,0.6666666666666666,0.6800413965534021,0.4400716572302584,4.195812385264422,4.382282726259325,0.1864703409949024,1.7763568394002505e-15,False
14,3,2,7,FFF,J,2013J,2014J,14,lightgbm,source_train_only_activity_types,13,0,,1,clicks_htmlactivity,1998,1886,1398,600,160,0.4519519519519519,0.4077412513255567,0.6706782265391044,0.7135911140396729,0.0429128875005685,0.6369822804314358,0.6240959566111074,0.6665937520033854,0.6309717465533691,-0.0356220054500163,0.2351910767404051,0.2180656892378684,-0.0171253875025367,0.0472526609764577,0.0047624306829404,-0.0014476302590611,0.0092177942075208,-0.0044553635245804,0.2689594866332122,0.0071587525985431,0.0045060678419267,0.0203656836064894,-0.0132069310079463,0.0079487708169438,0.0213606796743209,-0.0134119088573771,0.0114402881155077,0.0028772170815785,0.0257581048246795,0.0149732623882993,80,80,0.4077412513255567,target_prevalence,-0.0004153732468129,0.0090177490565435,-0.0094331223033565,-0.0069442429139684,0.004977758778776,"{""class_weight"": ""balanced"", ""colsample_bytree"": 1.0, ""deterministic"": true, ""force_col_wise"": true, ""learning_rate"": 0.035, ""min_child_samples"": 12, ""n_estimators"": 180, ""n_jobs"": 1, ""num_leaves"": 15, ""objective"": ""binary"", ""reg_lambda"": 1.0, ""subsample"": 1.0, ""verbosity"": -1}",7340a032adf73dcca6285d723e7b8782f8c2625f4216107ab44a30759e1137a7,0.0449620409376808,0.2616542891163981,-0.2166922481787172,0.9314285714285712,0.58,0.6666666666666666,0.25,0.8404214573190946,0.5091946237596104,2.919342043347908,3.0310779055098034,0.1117358621618955,4.218847493575595e-15,False
14,3,2,7,FFF,J,2013J,2014J,56,logistic,source_train_only_activity_types,14,0,,1,clicks_htmlactivity,1915,1793,1340,575,160,0.4281984334203655,0.3770217512548801,0.7765463216942201,0.7804267559449709,0.0038804342507507,0.7184178183389562,0.6912183532122708,0.5819498743975674,0.5568197538212601,-0.0251301205763072,0.1985380591866153,0.1873473165639385,-0.0111907426226767,0.0039414831838286,0.0149201627330236,0.0007716703879324,0.012739947274155,0.0021802154588685,0.192493325006302,0.0156354992245881,-0.0019144415551982,0.0165251160337698,-0.0008896168091817,0.0165163285174451,0.0147227698194657,0.0017935586979794,0.0192167394107393,0.0120542590384369,0.0091972095434132,0.0238530225241264,80,80,0.3770217512548801,target_prevalence,0.0107801128898114,0.0080110144512894,0.002769098438522,0.0024746569486953,-0.0005888829796534,"{""C"": 1.0, ""class_weight"": ""balanced"", ""max_iter"": 5000, ""solver"": ""lbfgs""}",0ec0160f1649f42124ca093cb28e50d00a77309027bbdbb0b9ac6257ff1aa269,0.0651411090741078,0.267662849593469,-0.2025217405193612,0.91005291005291,0.4973544973544972,0.6666666666666666,0.6666666666666666,0.8234302880347378,0.2318390459841232,4.836347274572027,4.865124382589403,0.0287771080173753,3.552713678800501e-15,True
14,3,2,7,FFF,J,2013J,2014J,56,lightgbm,source_train_only_activity_types,14,0,,1,clicks_htmlactivity,1915,1793,1340,575,160,0.4281984334203655,0.3770217512548801,0.7461511849161044,0.7769808182314208,0.0308296333153164,0.7102242034466936,0.7056634205743493,0.6059671435371982,0.5420740399118295,-0.0638931036253687,0.2073179841007734,0.1827025196772961,-0.0246154644234773,0.0280104776731657,0.0354324521559609,-0.0011391390884967,0.0110233763855021,0.0244090757704588,0.2308191951416128,0.0372590196593516,0.000788177607634,0.0207615720654005,0.0164974475939511,0.0414082111221262,0.0200612894585891,0.021346921663537,0.0541286348356663,0.0203894044830369,0.0179143913080019,0.0236087528227991,80,80,0.3770217512548801,target_prevalence,0.0084806337637902,0.010981511594242,-0.0025008778304518,0.0109540989700035,0.0269099536009106,"{""class_weight"": ""balanced"", ""colsample_bytree"": 1.0, ""deterministic"": true, ""force_col_wise"": true, ""learning_rate"": 0.035, ""min_child_samples"": 12, ""n_estimators"": 180, ""n_jobs"": 1, ""num_leaves"": 15, ""objective"": ""binary"", ""reg_lambda"": 1.0, ""subsample"": 1.0, ""verbosity"": -1}",7340a032adf73dcca6285d723e7b8782f8c2625f4216107ab44a30759e1137a7,0.0994932975574505,0.2159077429402236,-0.116414445382773,0.8355437665782494,0.6870026525198939,0.6666666666666666,0.4285714285714285,0.9268214887875492,0.5904551632671915,3.3239885030902583,3.465791158217545,0.1418026551272868,5.3290705182007506e-15,False
14,3,2,8,GGG,J,2013J,2014J,14,logistic,source_train_only_activity_types,6,0,,1,clicks_quiz,926,719,648,278,134,0.3606911447084233,0.3824756606397774,0.5730898876404495,0.605110565110565,0.0320206774701155,0.4262041109284185,0.4957145654527604,0.7381568122340838,0.7197431250847464,-0.0184136871493374,0.2632145645151075,0.2559713714515469,-0.0072431930635605,0.0278089887640448,0.0181212725165024,-0.0026692677588714,0.0181395108890742,-1.823837257181049e-05,0.2708457800125518,0.0218579399768445,-0.0015596129717026,0.0215716834959874,0.0002862564808571,0.0213166709455426,0.0195069881590876,0.0018096827864549,0.0195551445123116,0.0241607354413775,0.0127875654650352,0.0303558015269396,80,50,0.3824756606397774,target_prevalence,0.0236958458024625,0.0180902167193054,0.005605629083157,0.0027936953552926,-0.0056238674557288,"{""C"": 1.0, ""class_weight"": ""balanced"", ""max_iter"": 5000, ""solver"": ""lbfgs""}",0ec0160f1649f42124ca093cb28e50d00a77309027bbdbb0b9ac6257ff1aa269,0.0740240525996716,0.3366303435614284,-0.2626062909617567,0.8842105263157894,0.4526315789473684,0.6666666666666666,0.4285714285714285,0.4523420295358248,0.3101476316376463,3.5029400070021803,3.9675094336420273,0.464569426639847,2.220446049250313e-15,False
14,3,2,8,GGG,J,2013J,2014J,14,lightgbm,source_train_only_activity_types,6,0,,1,clicks_quiz,926,719,648,278,134,0.3606911447084233,0.3824756606397774,0.5378651685393259,0.6024406224406225,0.0645754539012966,0.3982849907725892,0.4881078601148585,0.7987230829315083,0.7684294260088054,-0.0302936569227029,0.2833093480914795,0.2733440884616181,-0.0099652596298614,0.0242134831460674,0.0482378576263259,0.0053703978194056,0.0148983183382062,0.0333395392881197,0.3083894424833683,0.0156979528178153,0.0014108547610163,0.0140663325993204,0.0016316202184949,0.0184377684492588,0.012075180381988,0.0063625880672707,0.0273543281965599,0.0040415774390708,0.0055950992013206,0.0225375659973202,80,50,0.3824756606397774,target_prevalence,0.0271478836494354,0.0091632896749942,0.0179845939744412,0.0256620666312804,0.0153549453136784,"{""class_weight"": ""balanced"", ""colsample_bytree"": 1.0, ""deterministic"": true, ""force_col_wise"": true, ""learning_rate"": 0.035, ""min_child_samples"": 12, ""n_estimators"": 180, ""n_jobs"": 1, ""num_leaves"": 15, ""objective"": ""binary"", ""reg_lambda"": 1.0, ""subsample"": 1.0, ""verbosity"": -1}",7340a032adf73dcca6285d723e7b8782f8c2625f4216107ab44a30759e1137a7,0.1056678377930337,0.2074721867480204,-0.1018043489549867,0.9157894736842106,0.7157894736842105,0.6666666666666666,0.4285714285714285,0.5161628777160101,0.3025656213657828,2.8558414937910976,3.214626589042002,0.3587850952509042,8.215650382226158e-15,False
14,3,2,8,GGG,J,2013J,2014J,56,logistic,source_train_only_activity_types,6,0,,1,clicks_quiz,919,698,643,276,136,0.3558215451577802,0.3638968481375358,0.5952189864709929,0.6900670355394766,0.0948480490684836,0.4587713604047033,0.5610892860282239,0.7038732595427639,0.6403946345532013,-0.0634786249895625,0.2523787129326049,0.2191800798674625,-0.0331986330651424,0.0189750057326301,0.0307777612295428,0.0004489257075077,0.0101715763129238,0.0206061849166189,0.2001427560290649,0.0254818709255121,-0.0042002351297884,0.0059843641352087,0.0194975067903033,0.0299932000024013,0.005419611420718,0.0245735885816832,0.0420550693237682,0.0089086725272559,0.0039096410051326,0.0080590872652848,80,49,0.3638968481375358,target_prevalence,0.0242044621889596,0.0103694122659525,0.0138350499230071,0.017220617419813,0.0067711349936118,"{""C"": 1.0, ""class_weight"": ""balanced"", ""max_iter"": 5000, ""solver"": ""lbfgs""}",0ec0160f1649f42124ca093cb28e50d00a77309027bbdbb0b9ac6257ff1aa269,0.0784784341490131,0.2407568888330215,-0.1622784546840083,0.8947368421052632,0.6421052631578947,0.6666666666666666,0.6666666666666666,0.1792616196117873,0.8612931464698705,4.228314100794519,4.924742813944007,0.696428713149488,2.664535259100376e-15,False
14,3,2,8,GGG,J,2013J,2014J,56,lightgbm,source_train_only_activity_types,6,0,,1,clicks_quiz,919,698,643,276,136,0.3558215451577802,0.3638968481375358,0.5654666360926393,0.6562300489465844,0.0907634128539451,0.4008522163175022,0.5027996236659976,0.7976034573410646,0.7091400222942529,-0.0884634350468117,0.2775705677275341,0.2462483184994132,-0.0313222492281208,0.0021783994496675,0.0226235359078717,0.0009950390511992,0.0187165921944562,0.0039069437134155,0.3266800553582507,0.0277126947909051,0.0088783096208228,0.0182508865372338,0.0094618082536712,0.0269639827578855,0.0208909735011586,0.0060730092567269,0.0249621632169702,0.03046322636484,0.0279497323310207,0.0085520407434469,80,49,0.3638968481375358,target_prevalence,0.0374490864817197,0.018551149388818,0.0188979370929016,0.0114024404031586,-0.0149909933794861,"{""class_weight"": ""balanced"", ""colsample_bytree"": 1.0, ""deterministic"": true, ""force_col_wise"": true, ""learning_rate"": 0.035, ""min_child_samples"": 12, ""n_estimators"": 180, ""n_jobs"": 1, ""num_leaves"": 15, ""objective"": ""binary"", ""reg_lambda"": 1.0, ""subsample"": 1.0, ""verbosity"": -1}",7340a032adf73dcca6285d723e7b8782f8c2625f4216107ab44a30759e1137a7,0.1205014206491137,0.246163309724146,-0.1256618890750322,0.9052631578947368,0.6526315789473685,0.6666666666666666,0.6666666666666666,0.7145095241743412,0.5951273234008598,3.387191291104591,3.456890022895502,0.0696987317909108,7.105427357601002e-15,False
15,3,3,0,AAA,J,2013J,2014J,14,logistic,source_train_only_activity_types,9,0,,0,,370,350,259,111,53,0.2486486486486486,0.2771428571428571,0.5189328743545611,0.6293957051464896,0.1104628307919284,0.2987034749797792,0.3949661745734053,0.8283113134622531,0.8665827220753124,0.0382714086130593,0.2850569617735265,0.2649388196158116,-0.0201181421577148,0.007314974182444,0.0054401633628468,-0.0013446864943089,0.0121202578185882,-0.0066800944557414,0.2465752188275938,-0.0006662406473662,0.0022854213257233,0.0266743870989622,-0.0273406277463284,-0.0005985404493675,0.0263092063451498,-0.0269077467945173,-0.0005143491774973,-0.0008181321172351,0.0258550713051523,0.0274937028927721,41,14,0.2771428571428571,target_prevalence,-1.5495421521627417e-05,0.0099191169780633,-0.0099346123995849,-0.0083073534276632,0.0032545179438435,"{""C"": 1.0, ""class_weight"": ""balanced"", ""max_iter"": 5000, ""solver"": ""lbfgs""}",0ec0160f1649f42124ca093cb28e50d00a77309027bbdbb0b9ac6257ff1aa269,0.1254862401647059,0.3596890630009758,-0.2342028228362699,0.8102766798418973,0.4229249011857707,0.4285714285714285,0.4285714285714285,0.9351081672993136,0.4910596681538184,6.822162529576375,9.35936147666307,2.5371989470866945,1.0658141036401504e-14,False
15,3,3,0,AAA,J,2013J,2014J,14,lightgbm,source_train_only_activity_types,9,0,,0,,370,350,259,111,53,0.2486486486486486,0.2771428571428571,0.5400172117039588,0.6533963571166619,0.1133791454127031,0.2956382471693218,0.4160801510278679,0.7609255925786816,0.683789591176549,-0.0771360014021326,0.2322742858379734,0.2199637789174905,-0.0123105069204829,0.0477624784853699,0.0100831095564728,-0.0036543636968423,0.0144300122045425,-0.0043469026480696,0.379126865365363,-1.0519481275728104e-05,-0.0022003853212889,0.0115084266298526,-0.0115189461111283,0.0010189519598571,0.015007332085889,-0.0139883801260319,0.0022991920853684,-0.0023202310479199,0.0193585350248061,0.003658318234899,41,14,0.2771428571428571,target_prevalence,0.0002759072415494,0.0149129616508575,-0.014637054409308,-0.0094919785286888,0.0102901517612383,"{""class_weight"": ""balanced"", ""colsample_bytree"": 1.0, ""deterministic"": true, ""force_col_wise"": true, ""learning_rate"": 0.035, ""min_child_samples"": 12, ""n_estimators"": 180, ""n_jobs"": 1, ""num_leaves"": 15, ""objective"": ""binary"", ""reg_lambda"": 1.0, ""subsample"": 1.0, ""verbosity"": -1}",7340a032adf73dcca6285d723e7b8782f8c2625f4216107ab44a30759e1137a7,0.0664564352704009,0.370968492042276,-0.3045120567718751,0.9444444444444444,0.3452380952380952,0.6666666666666666,0.1111111111111111,0.6204408673479495,0.6260684283566599,4.261616313825567,4.801446425512242,0.5398301116866744,9.325873406851317e-15,False
15,3,3,0,AAA,J,2013J,2014J,56,logistic,source_train_only_activity_types,9,0,,0,,365,342,255,110,52,0.2383561643835616,0.260233918128655,0.6488095238095238,0.6450237598259093,-0.0037857639836145,0.4497437329242023,0.4131758075013527,0.6551136738112644,0.7211173360684996,0.0660036622572352,0.2245704529141744,0.2480877192823343,0.0235172663681599,0.0114468864468864,0.0082387546982994,0.0043302184694336,0.0258905839870619,-0.0176518292887624,0.29122213512921,0.0082974473294187,-0.0100086160872228,0.0397062152020217,-0.0314087678726029,0.0031939116766475,0.0261350102210566,-0.0229410985444091,-0.0023452916537992,0.0189401863126367,0.0114052877417165,0.0680071426623269,42,13,0.260233918128655,target_prevalence,0.0104853328361255,0.0265306275960404,-0.0160452947599148,-0.0168485620243386,-0.0016065345288475,"{""C"": 1.0, ""class_weight"": ""balanced"", ""max_iter"": 5000, ""solver"": ""lbfgs""}",0ec0160f1649f42124ca093cb28e50d00a77309027bbdbb0b9ac6257ff1aa269,0.0585539390135068,0.2763682278578046,-0.2178142888442977,0.9288537549407117,0.5335968379446641,0.6666666666666666,0.4285714285714285,0.5733759395042266,0.4398346972395152,5.499537960276048,5.680173832010572,0.1806358717345242,3.552713678800501e-15,False
15,3,3,0,AAA,J,2013J,2014J,56,lightgbm,source_train_only_activity_types,9,0,,0,,365,342,255,110,52,0.2383561643835616,0.260233918128655,0.5457875457875457,0.57738597504108,0.0315984292535342,0.3565909457102442,0.3886959994592959,0.7332203073195462,0.7609808245707844,0.0277605172512381,0.2136013777409279,0.2401444222819216,0.0265430445409937,0.060897435897436,0.012369091100592,-0.0034334281872098,0.0089292263679521,0.0034398647326399,0.3360026778561791,0.0099711651469806,0.0062090604487729,0.0270754619212675,-0.0171042967742869,0.0086430719042274,0.019133049257134,-0.0104899773529065,0.0072016048480684,0.0127407254458928,0.0105126257558183,0.0436382980867168,42,13,0.260233918128655,target_prevalence,-0.0005821378600442,0.0042520826996637,-0.004834220559708,-0.000697177913534,0.008274085292348,"{""class_weight"": ""balanced"", ""colsample_bytree"": 1.0, ""deterministic"": true, ""force_col_wise"": true, ""learning_rate"": 0.035, ""min_child_samples"": 12, ""n_estimators"": 180, ""n_jobs"": 1, ""num_leaves"": 15, ""objective"": ""binary"", ""reg_lambda"": 1.0, ""subsample"": 1.0, ""verbosity"": -1}",7340a032adf73dcca6285d723e7b8782f8c2625f4216107ab44a30759e1137a7,0.098643428144897,0.3333457020597835,-0.2347022739148864,0.9206349206349206,0.4277236108695817,0.6666666666666666,0.1111111111111111,0.7900952334897811,0.4975968490780906,4.167553187047927,4.516191672543919,0.3486384854959921,8.881784197001252e-15,True
15,3,3,1,BBB,B,2013B,2014B,14,logistic,source_train_only_activity_types,10,0,,1,clicks_oucollaborate,1606,1289,1124,482,160,0.5006226650062267,0.4375484871993794,0.7128837313407137,0.6857960381511372,-0.0270876931895764,0.7238462379673574,0.6361781566390783,0.6526681636051129,0.6765236178220609,0.023855454216948,0.2220383625878645,0.2360319718090089,0.0139936092211443,0.0012913000809215,0.0145485217672375,-0.0016852670115637,0.0169634249486654,-0.0024149031814278,0.1969662590840186,0.0030873694577278,-0.0043787049051817,0.0230586626271476,-0.0199712931694198,0.0036222548966098,0.0216338564583385,-0.0180116015617287,0.0073697752385905,-0.0011950363231348,0.0116513635489183,0.034465961705377,80,80,0.4375484871993794,target_prevalence,0.0139553018292503,0.0138027851289186,0.0001525167003316,-0.0011311932405481,-0.0025674198817595,"{""C"": 1.0, ""class_weight"": ""balanced"", ""max_iter"": 5000, ""solver"": ""lbfgs""}",0ec0160f1649f42124ca093cb28e50d00a77309027bbdbb0b9ac6257ff1aa269,0.1047803911303734,0.2010371892908291,-0.0962567981604556,0.891304347826087,0.6811594202898551,1.0,0.25,0.1527761945039702,0.3652791109897141,4.570733862115337,4.304244935770791,-0.2664889263445458,1.7763568394002505e-15,False
15,3,3,1,BBB,B,2013B,2014B,14,lightgbm,source_train_only_activity_types,10,0,,1,clicks_oucollaborate,1606,1289,1124,482,160,0.5006226650062267,0.4375484871993794,0.7022262013395086,0.6623538762533626,-0.039872325086146,0.6854073237781855,0.6022080292440217,0.678242252167238,0.73304409549414,0.0548018433269019,0.2329844530936792,0.253507862454023,0.0205234093603437,0.0054062430054578,-0.0019293578142381,0.0004472012872329,0.0179548436974867,-0.0198842015117249,0.3210986693505079,-0.0011174520392375,-0.0003842294437979,0.0193006516088631,-0.0204181036481007,-0.0010662132137748,0.0177659955112589,-0.0188322087250337,-0.0007072231819616,-0.0015276808965133,0.0070138708025784,0.0315874324151479,80,80,0.4375484871993794,target_prevalence,-0.001522911893091,0.0200272097228287,-0.0215501216159197,-0.0207171615638223,0.0016659201041948,"{""class_weight"": ""balanced"", ""colsample_bytree"": 1.0, ""deterministic"": true, ""force_col_wise"": true, ""learning_rate"": 0.035, ""min_child_samples"": 12, ""n_estimators"": 180, ""n_jobs"": 1, ""num_leaves"": 15, ""objective"": ""binary"", ""reg_lambda"": 1.0, ""subsample"": 1.0, ""verbosity"": -1}",7340a032adf73dcca6285d723e7b8782f8c2625f4216107ab44a30759e1137a7,0.047060418057611,0.2451478180212198,-0.1980873999636087,0.9420289855072465,0.6811594202898551,0.6666666666666666,0.25,0.7260621157526114,0.6085206341546019,3.064746914519416,3.021801235782757,-0.0429456787366588,9.769962616701378e-15,False
15,3,3,1,BBB,B,2013B,2014B,56,logistic,source_train_only_activity_types,10,0,,1,clicks_oucollaborate,1470,1247,1029,441,160,0.454421768707483,0.4170008019246191,0.7636929460580912,0.7444979367262724,-0.0191950093318188,0.7538277942754639,0.7039670745454667,0.5975480157450842,0.6588848701891238,0.0613368544440395,0.2060838654711525,0.2137634016978951,0.0076795362267426,0.0018672199170124,0.0398997911899597,0.0008601999016312,0.0091480011583725,0.0307517900315871,0.1854906230486407,0.0355804610206,-0.0022988513363799,0.0106430635686159,0.024937397451984,0.0399846889701686,0.0093259340353934,0.0306587549347752,0.0621122110356343,0.0090487110055657,0.002708471646256,0.0185776554909759,80,80,0.4170008019246191,target_prevalence,0.034814717876107,0.0073122449693577,0.0275024729067492,0.0291271314691682,0.0032493171248378,"{""C"": 1.0, ""class_weight"": ""balanced"", ""max_iter"": 5000, ""solver"": ""lbfgs""}",0ec0160f1649f42124ca093cb28e50d00a77309027bbdbb0b9ac6257ff1aa269,0.2243783297199225,0.2979085606795806,-0.073530230959658,0.8333333333333333,0.3985507246376811,0.6666666666666666,0.6666666666666666,0.4738607960603284,0.7842801245880707,4.366234713475084,4.969099680575563,0.6028649671004791,5.3290705182007506e-15,False
15,3,3,1,BBB,B,2013B,2014B,56,lightgbm,source_train_only_activity_types,10,0,,1,clicks_oucollaborate,1470,1247,1029,441,160,0.454421768707483,0.4170008019246191,0.7695228215767633,0.745242566924135,-0.0242802546526282,0.7855170653631549,0.7240933019039406,0.5883696052899438,0.6455129448811465,0.0571433395912027,0.1999029793112754,0.2173973237698563,0.0174943444585809,0.0019294605809127,0.0074649615081891,-0.0022044113532276,0.0206787826546262,-0.0132138211464371,0.2741371642541191,0.0084976594505013,-0.001893359451906,0.0311470584100815,-0.0226493989595801,0.0091177034913152,0.0312268149331118,-0.0221091114417966,0.0122329006045827,0.0047624182964199,0.0316275240343266,0.0306665927858365,80,80,0.4170008019246191,target_prevalence,0.0055946588944085,0.0120869957253169,-0.0064923368309083,-0.0098530789886727,-0.0067214843155287,"{""class_weight"": ""balanced"", ""colsample_bytree"": 1.0, ""deterministic"": true, ""force_col_wise"": true, ""learning_rate"": 0.035, ""min_child_samples"": 12, ""n_estimators"": 180, ""n_jobs"": 1, ""num_leaves"": 15, ""objective"": ""binary"", ""reg_lambda"": 1.0, ""subsample"": 1.0, ""verbosity"": -1}",7340a032adf73dcca6285d723e7b8782f8c2625f4216107ab44a30759e1137a7,0.0741674315346847,0.2106614579018333,-0.1364940263671486,0.8985507246376812,0.7028985507246377,0.6666666666666666,0.6666666666666666,0.8046646113187741,0.5825623296306336,3.7609276293892817,4.052276447524917,0.2913488181356349,1.4210854715202004e-14,False
15,3,3,2,BBB,J,2013J,2014J,14,logistic,source_train_only_activity_types,10,0,,0,,1851,1791,1295,556,160,0.4219340896812534,0.3618090452261306,0.6730165042752038,0.6593657852953567,-0.013650718979847,0.6102796571334377,0.5282564702269457,0.6667672820833871,0.7302716883424099,0.0635044062590227,0.2338751181990137,0.2328575354797996,-0.0010175827192141,0.008285278716776,0.0886355200288312,-0.0017282689407737,0.0166169660263202,0.0720185540025109,0.2222247020761914,0.079087807062166,0.0036108338177835,0.0254414101070225,0.0536463969551435,0.0852395949147535,0.021234904471766,0.0640046904429875,0.1013460940197099,0.0568295201046222,0.0102215078994581,0.0406613123145868,80,80,0.3618090452261306,target_prevalence,0.1893385123187388,0.0149897174100258,0.174348794908713,0.1231836744556119,-0.102330240906202,"{""C"": 1.0, ""class_weight"": ""balanced"", ""max_iter"": 5000, ""solver"": ""lbfgs""}",0ec0160f1649f42124ca093cb28e50d00a77309027bbdbb0b9ac6257ff1aa269,0.3005244708753399,0.2681793944163781,0.0323450764589617,0.8260869565217391,0.5869565217391304,0.6666666666666666,0.6666666666666666,0.1778392874755487,0.3421460906428406,3.8328240270194094,4.886542641781387,1.0537186147619764,7.105427357601002e-15,False
15,3,3,2,BBB,J,2013J,2014J,14,lightgbm,source_train_only_activity_types,10,0,,0,,1851,1791,1295,556,160,0.4219340896812534,0.3618090452261306,0.6849870749652018,0.6515997807372844,-0.0333872942279174,0.6076360437191306,0.5177489974672016,0.6663562612511739,0.6610549821646546,-0.0053012790865192,0.2301255712371288,0.2304492581591476,0.0003236869220187,0.0304367998939483,0.017323028435217,-0.001617799403536,0.0019146766991914,0.0154083517360256,0.2447710278422001,0.0230537028716186,0.0007382802280162,0.0074991058223215,0.015554597049297,0.0219851016575536,0.0056975092626859,0.0162875923948677,0.0191873093880016,0.0269200963552356,0.000980601906549,0.014017609738094,80,80,0.3618090452261306,target_prevalence,0.0187842310461433,0.0047390076113328,0.0140452234348104,0.014726787585418,0.0013631283012151,"{""class_weight"": ""balanced"", ""colsample_bytree"": 1.0, ""deterministic"": true, ""force_col_wise"": true, ""learning_rate"": 0.035, ""min_child_samples"": 12, ""n_estimators"": 180, ""n_jobs"": 1, ""num_leaves"": 15, ""objective"": ""binary"", ""reg_lambda"": 1.0, ""subsample"": 1.0, ""verbosity"": -1}",7340a032adf73dcca6285d723e7b8782f8c2625f4216107ab44a30759e1137a7,0.1275114330046101,0.1877018385417149,-0.0601904055371048,0.7246376811594203,0.6594202898550725,0.6666666666666666,0.4285714285714285,0.6924432786626423,0.5690362575863043,2.7867272833714822,2.8999261505339278,0.1131988671624451,4.884981308350689e-15,False
15,3,3,2,BBB,J,2013J,2014J,56,logistic,source_train_only_activity_types,10,0,,0,,1785,1750,1249,536,160,0.3994397759103641,0.3417142857142857,0.7784872583734834,0.6949786324786323,-0.083508625894851,0.6987342480345864,0.5507154258207483,0.5807600143329888,0.9001186464660847,0.3193586321330959,0.195410382664008,0.2345114969612156,0.0391011142972076,0.0074447088872118,0.1109824903156249,-0.0019477934392726,0.0267674868597729,0.0842150034558519,0.3220750522468493,0.091871945486658,7.073543763252976e-06,0.0500895093408041,0.0417824361458538,0.1022670808113638,0.0405417984716805,0.0617252823396833,0.1247085642921367,0.0590353266811792,0.0199297728408647,0.0802492458407436,80,80,0.3417142857142857,target_prevalence,0.3243600872376956,0.0293900244087935,0.2949700628289021,0.189592533142377,-0.2107550593730502,"{""C"": 1.0, ""class_weight"": ""balanced"", ""max_iter"": 5000, ""solver"": ""lbfgs""}",0ec0160f1649f42124ca093cb28e50d00a77309027bbdbb0b9ac6257ff1aa269,0.3406748519200249,0.3205463134344404,0.0201285384855844,0.6739130434782609,0.4492753623188406,0.6666666666666666,0.4285714285714285,0.1795721836592641,0.5138537493435628,4.775302965962117,7.1020629768539205,2.326760010891803,1.4210854715202004e-14,False
15,3,3,2,BBB,J,2013J,2014J,56,lightgbm,source_train_only_activity_types,10,0,,0,,1785,1750,1249,536,160,0.3994397759103641,0.3417142857142857,0.7781679921054159,0.6316243671033073,-0.1465436250021086,0.7467054541100072,0.5094828863148658,0.5522000029369911,0.761563153160584,0.2093631502235928,0.1841891896624662,0.2741988568887893,0.090009667226323,0.001407674000116,0.1489588971570424,-0.0015866360013918,0.008673594611307,0.1402853025457354,0.2523582844922494,0.1712523123631313,0.0033399796677604,0.020034575289137,0.1512177370739942,0.1947818470857948,0.0158005883043334,0.1789812587814613,0.2455784599527722,0.0969261647734903,0.0066600676656599,0.0334090829126141,80,80,0.3417142857142857,target_prevalence,0.0730780935870885,0.0056268503038672,0.0674512432832212,0.1038682729144783,0.0728340592625141,"{""class_weight"": ""balanced"", ""colsample_bytree"": 1.0, ""deterministic"": true, ""force_col_wise"": true, ""learning_rate"": 0.035, ""min_child_samples"": 12, ""n_estimators"": 180, ""n_jobs"": 1, ""num_leaves"": 15, ""objective"": ""binary"", ""reg_lambda"": 1.0, ""subsample"": 1.0, ""verbosity"": -1}",7340a032adf73dcca6285d723e7b8782f8c2625f4216107ab44a30759e1137a7,0.21731057090511,0.1941462721400026,0.0231642987651074,0.7898550724637681,0.7246376811594203,0.4285714285714285,0.6666666666666666,0.8624263904476559,0.4410431566147923,2.9362384194280478,3.577023758099139,0.6407853386710918,9.325873406851317e-15,False
15,3,3,3,DDD,B,2013B,2014B,14,logistic,source_train_only_activity_types,11,0,,1,clicks_oucollaborate,1197,1050,837,360,160,0.5747702589807853,0.5447619047619048,0.66935050993022,0.6685197647540744,-0.0008307451761456,0.7303255868215763,0.6827309033635235,0.7136785977542679,0.7043738600985212,-0.0093047376557466,0.2434606889822198,0.2400650113959499,-0.0033956775862699,0.0426257459505542,0.004353617337541,0.0018533716483766,0.0151445978891018,-0.0107909805515608,0.2137535280735502,0.0033645091017507,-0.0005247682467682,0.0195314090881038,-0.0161668999863531,0.0032015056818458,0.0200743538384387,-0.0168728481565929,0.0051852919836678,0.0015437262198336,0.0134666007067042,0.0255962174695035,76,80,0.5447619047619048,target_prevalence,0.0095403537509463,0.0202306108832396,-0.0106902571322933,-0.010740618841927,-0.0001007234192675,"{""C"": 1.0, ""class_weight"": ""balanced"", ""max_iter"": 5000, ""solver"": ""lbfgs""}",0ec0160f1649f42124ca093cb28e50d00a77309027bbdbb0b9ac6257ff1aa269,0.0599893651434338,0.2475990291587452,-0.1876096640153113,0.96,0.6199999999999999,0.6666666666666666,1.0,0.831178286403334,0.7247880960682392,6.159860955366867,6.137334197599813,-0.0225267577670535,4.440892098500626e-15,False
15,3,3,3,DDD,B,2013B,2014B,14,lightgbm,source_train_only_activity_types,11,0,,1,clicks_oucollaborate,1197,1050,837,360,160,0.5747702589807853,0.5447619047619048,0.6728868681127846,0.6697157445065395,-0.0031711236062451,0.723074914601304,0.69533949150231,0.6770817362675022,0.6969504878040818,0.0198687515365795,0.2358490595889063,0.2424713098053685,0.0066222502164622,0.0335322534811024,0.0024347692442006,0.0031587024259562,0.0090566759237917,-0.0066219066795911,0.2363280342478012,0.0046022940250731,-0.0018558277546955,0.0106486930879861,-0.0060463990629129,0.0044282135512072,0.010555376411902,-0.0061271628606947,0.0065468099565538,0.0026577780935925,0.0116910602144567,0.0096063259615155,76,80,0.5447619047619048,target_prevalence,0.000990318945936,0.0148380749760119,-0.0138477560300759,-0.0102348313548335,0.0072258493504848,"{""class_weight"": ""balanced"", ""colsample_bytree"": 1.0, ""deterministic"": true, ""force_col_wise"": true, ""learning_rate"": 0.035, ""min_child_samples"": 12, ""n_estimators"": 180, ""n_jobs"": 1, ""num_leaves"": 15, ""objective"": ""binary"", ""reg_lambda"": 1.0, ""subsample"": 1.0, ""verbosity"": -1}",7340a032adf73dcca6285d723e7b8782f8c2625f4216107ab44a30759e1137a7,0.0785776445784065,0.2124473559577699,-0.1338697113793634,0.8466666666666665,0.6266666666666666,1.0,0.6666666666666666,0.6895319688734404,0.5728976380367777,3.5700876836172086,3.4366609965075403,-0.1334266871096683,5.9952043329758445e-15,False
15,3,3,3,DDD,B,2013B,2014B,56,logistic,source_train_only_activity_types,11,0,,1,clicks_oucollaborate,1085,971,759,326,159,0.5299539170506913,0.5077239958805355,0.7575654539272356,0.7312627835725258,-0.0263026703547097,0.794083230955768,0.7372684753876616,0.6013961866002006,0.6360374561131235,0.0346412695129229,0.2033663650403616,0.2191801852291011,0.0158138201887394,0.0498696588461974,0.0134974609976414,-0.0021376860816198,0.0072635296062495,0.0062339313913918,0.1727591709083663,0.0181190319350098,0.0026978641707821,0.0112359725170909,0.0068830594179188,0.0181591239452162,0.0112970764648409,0.0068620474803752,0.0155237424743149,0.0207143213957046,0.007280510299406,0.0151914347347759,76,80,0.5077239958805355,target_prevalence,0.0052256037004865,0.007572812327345,-0.0023472086268584,0.0019433613822667,0.0085811400182503,"{""C"": 1.0, ""class_weight"": ""balanced"", ""max_iter"": 5000, ""solver"": ""lbfgs""}",0ec0160f1649f42124ca093cb28e50d00a77309027bbdbb0b9ac6257ff1aa269,0.0479163999746058,0.2601625222538499,-0.2122461222792441,0.9666666666666665,0.5466666666666665,1.0,0.6666666666666666,0.9352679422509694,0.838222562284063,5.994123673602049,6.183761539294501,0.1896378656924522,3.552713678800501e-15,True
15,3,3,3,DDD,B,2013B,2014B,56,lightgbm,source_train_only_activity_types,11,0,,1,clicks_oucollaborate,1085,971,759,326,159,0.5299539170506913,0.5077239958805355,0.7105292984245722,0.707503373590094,-0.0030259248344782,0.761965994677508,0.7335796193841609,0.7090732631429428,0.9021722898767494,0.1930990267338065,0.2367972487892113,0.2842486803128137,0.0474514315236023,0.0446560126940949,0.0490206194613182,0.0001544133012875,0.0124552702616099,0.0365653491997082,0.2943496309732768,0.0448802964103822,-0.001766182855794,0.0230864127787252,0.0217938836316569,0.0449500485525856,0.0229997470723743,0.0219503014802112,0.0403650077384147,0.0493955850823497,0.028696572836506,0.0174762527209444,76,80,0.5077239958805355,target_prevalence,0.0287485980148617,0.0136178386171114,0.0151307593977503,0.0258480542987293,0.0214345898019579,"{""class_weight"": ""balanced"", ""colsample_bytree"": 1.0, ""deterministic"": true, ""force_col_wise"": true, ""learning_rate"": 0.035, ""min_child_samples"": 12, ""n_estimators"": 180, ""n_jobs"": 1, ""num_leaves"": 15, ""objective"": ""binary"", ""reg_lambda"": 1.0, ""subsample"": 1.0, ""verbosity"": -1}",7340a032adf73dcca6285d723e7b8782f8c2625f4216107ab44a30759e1137a7,0.160373943420228,0.3042044984235938,-0.1438305550033658,0.8666666666666665,0.3666666666666666,0.6666666666666666,0.25,0.6336717945576131,0.6978452435965703,4.286295503314902,4.5327966996186415,0.2465011963037398,1.1546319456101628e-14,True
15,3,3,4,DDD,J,2013J,2014J,14,logistic,source_train_only_activity_types,10,0,,0,,1675,1479,1172,503,160,0.5068656716417911,0.4645030425963489,0.711416824794434,0.6792010350962316,-0.0322157896982023,0.6835832696485846,0.6117766383624412,0.6439748787257817,0.7041331440630257,0.060158265337244,0.2207188094488192,0.235696292822935,0.0149774833741158,0.0278621125869703,0.0057603311961299,-0.0013237972199263,0.0127971945815553,-0.0070368633854253,0.193282756719038,0.0034291388693069,-0.0021042575553882,0.0146519583299931,-0.0112228194606861,0.003369767709866,0.0142230438271379,-0.0108532761172719,0.0025928536806102,0.0042654240580036,0.0086103911897763,0.0206935254702099,80,80,0.4645030425963489,target_prevalence,0.0026024932846776,0.0118898630104481,-0.0092873697257704,-0.0081621165555979,0.0022505063403451,"{""C"": 1.0, ""class_weight"": ""balanced"", ""max_iter"": 5000, ""solver"": ""lbfgs""}",0ec0160f1649f42124ca093cb28e50d00a77309027bbdbb0b9ac6257ff1aa269,0.0728072476522167,0.3211335917239561,-0.2483263440717393,0.9057971014492754,0.4710144927536232,1.0,0.6666666666666666,0.5936253068718135,0.6131046002300443,4.259214000593856,4.173462331097687,-0.0857516694961688,3.552713678800501e-15,False
15,3,3,4,DDD,J,2013J,2014J,14,lightgbm,source_train_only_activity_types,10,0,,0,,1675,1479,1172,503,160,0.5068656716417911,0.4645030425963489,0.6885041113219481,0.6681672988987399,-0.0203368124232081,0.7017792085645393,0.618234268670792,0.6659841673264478,0.692654943745486,0.0266707764190381,0.2323017212907416,0.2424905021683917,0.01018878087765,0.0152909550917139,0.0134675102680082,-6.591932796778943e-05,0.0116923234773765,0.0017751867906317,0.2645248647828349,0.0234691733608222,0.0017700804479339,0.011692391077986,0.0117767822828361,0.0245179990068096,0.0117212847626849,0.0127967142441247,0.0382426317457309,0.0086957149759134,0.0120993792653152,0.0112854028906568,80,80,0.4645030425963489,target_prevalence,0.0031487349802794,0.0117349275764943,-0.0085861925962148,-0.0034055029027915,0.0103613793868466,"{""class_weight"": ""balanced"", ""colsample_bytree"": 1.0, ""deterministic"": true, ""force_col_wise"": true, ""learning_rate"": 0.035, ""min_child_samples"": 12, ""n_estimators"": 180, ""n_jobs"": 1, ""num_leaves"": 15, ""objective"": ""binary"", ""reg_lambda"": 1.0, ""subsample"": 1.0, ""verbosity"": -1}",7340a032adf73dcca6285d723e7b8782f8c2625f4216107ab44a30759e1137a7,0.078257321415099,0.1929815935976684,-0.1147242721825693,0.8399999999999999,0.6787669980789869,0.6666666666666666,0.25,0.7557153475329261,0.3233756928627453,3.050459706635076,3.1442420126491744,0.0937823060140989,4.440892098500626e-15,False
15,3,3,4,DDD,J,2013J,2014J,56,logistic,source_train_only_activity_types,10,0,,0,,1574,1417,1101,473,160,0.4739517153748411,0.4410726887791108,0.7262442627653471,0.6804444444444444,-0.0457998183209027,0.7053861000686131,0.6003704329666786,0.6366014788254643,0.772289118637288,0.1356876398118237,0.2167165442184316,0.2649205974685225,0.0482040532500908,0.0134287148594377,0.0363398473084453,0.0004711405077167,0.0288838589525226,0.0074559883559227,0.2621657529244634,0.0355275298052028,-0.0026017611549414,0.0426981518590668,-0.007170622053864,0.0375001321481405,0.0402926082922776,-0.0027924761441371,0.0522651197449793,0.0187899398654262,0.0222870426725982,0.0631092610455354,80,80,0.4410726887791108,target_prevalence,0.0360312233188917,0.0299621134650767,0.0060691098538149,0.0067625491048688,0.0013868785021077,"{""C"": 1.0, ""class_weight"": ""balanced"", ""max_iter"": 5000, ""solver"": ""lbfgs""}",0ec0160f1649f42124ca093cb28e50d00a77309027bbdbb0b9ac6257ff1aa269,0.0720998663871657,0.2673030074453976,-0.1952031410582319,0.927536231884058,0.5652173913043478,0.6666666666666666,0.6666666666666666,0.6803926498116741,0.4644793922780214,5.005743356005821,5.071158996713922,0.0654156407081005,3.552713678800501e-15,False
15,3,3,4,DDD,J,2013J,2014J,56,lightgbm,source_train_only_activity_types,10,0,,0,,1574,1417,1101,473,160,0.4739517153748411,0.4410726887791108,0.7607573149741826,0.6494484848484848,-0.1113088301256978,0.7608577252049606,0.6240138028284663,0.591114870444617,0.8187642654972552,0.2276493950526382,0.200618084824158,0.2965827226210822,0.0959646377969242,0.01357214572576,0.2288573386274228,-0.0004267437983838,0.0077453009672001,0.2211120376602227,0.2218851139621985,0.2195759917425279,-0.0004775462903895,0.0095021905996218,0.210073801142906,0.235557875711541,0.0094196421768958,0.2261382335346452,0.3551827557191244,0.0839692277659313,0.0088017647612814,0.0102026164379622,80,80,0.4410726887791108,target_prevalence,0.3144657128761571,0.0048893748176893,0.3095763380584678,0.2653441878593453,-0.0884643003982451,"{""class_weight"": ""balanced"", ""colsample_bytree"": 1.0, ""deterministic"": true, ""force_col_wise"": true, ""learning_rate"": 0.035, ""min_child_samples"": 12, ""n_estimators"": 180, ""n_jobs"": 1, ""num_leaves"": 15, ""objective"": ""binary"", ""reg_lambda"": 1.0, ""subsample"": 1.0, ""verbosity"": -1}",7340a032adf73dcca6285d723e7b8782f8c2625f4216107ab44a30759e1137a7,0.1486187331017969,0.1944296559440184,-0.0458109228422215,0.8260869565217391,0.5652173913043478,0.4285714285714285,0.4285714285714285,0.7653180831308884,0.5826676043222849,3.2392764031444714,3.749848400752636,0.5105719976081642,8.437694987151191e-15,False
15,3,3,5,EEE,J,2013J,2014J,14,logistic,source_train_only_activity_types,9,0,,2,clicks_ouwiki|clicks_page,933,1027,653,280,138,0.3483386923901393,0.3339824732229795,0.6943821484637811,0.7326053228308866,0.0382231743671055,0.5558725803821417,0.5581883796429848,0.6650100774623656,0.6256080263418158,-0.0394020511205498,0.2253400828517393,0.2126191304501499,-0.0127209524015894,0.0148015250056066,0.0018073193704371,0.0019597269500031,0.0186509143707084,-0.0168435950002713,0.2323579958057934,0.0030249107926805,0.0014393404212133,0.0270811370264645,-0.024056226233784,0.00328280546845,0.02433382805411,-0.0210510225856599,0.0038016199774761,0.0022482016078848,0.0188069836111915,0.0353552904417374,80,49,0.3339824732229795,target_prevalence,0.006743597162416,0.0198102678156204,-0.0130666706532043,-0.0149551328267378,-0.0037769243470669,"{""C"": 1.0, ""class_weight"": ""balanced"", ""max_iter"": 5000, ""solver"": ""lbfgs""}",0ec0160f1649f42124ca093cb28e50d00a77309027bbdbb0b9ac6257ff1aa269,0.0488712821750952,0.3199919744886442,-0.2711206923135489,0.9209486166007904,0.4229249011857707,1.0,0.4285714285714285,0.4941064826223095,0.3592984408231682,4.252004115932606,4.702944197958596,0.4509400820259897,2.664535259100376e-15,False
15,3,3,5,EEE,J,2013J,2014J,14,lightgbm,source_train_only_activity_types,9,0,,2,clicks_ouwiki|clicks_page,933,1027,653,280,138,0.3483386923901393,0.3339824732229795,0.6666292890782687,0.7085698941230627,0.041940605044794,0.5338246078022116,0.5548126515384874,0.7191254269844265,0.6309718141129635,-0.0881536128714629,0.2405873067622526,0.2157967272424036,-0.0247905795198489,0.010372280780444,0.0040914163484204,-0.001417003941254,0.0126092579882274,-0.008517841639807,0.3030133356666521,0.0040936005438939,4.075817313653474e-06,0.015852248642989,-0.0117586480990951,0.0041730132867112,0.0129051665769603,-0.0087321532902491,0.0043327703001208,0.0038544307876669,0.0069764325672956,0.0247280647186823,80,49,0.3339824732229795,target_prevalence,0.0013687565188805,0.0108804809611988,-0.0095117244423182,-0.0090147830410626,0.0009938828025112,"{""class_weight"": ""balanced"", ""colsample_bytree"": 1.0, ""deterministic"": true, ""force_col_wise"": true, ""learning_rate"": 0.035, ""min_child_samples"": 12, ""n_estimators"": 180, ""n_jobs"": 1, ""num_leaves"": 15, ""objective"": ""binary"", ""reg_lambda"": 1.0, ""subsample"": 1.0, ""verbosity"": -1}",7340a032adf73dcca6285d723e7b8782f8c2625f4216107ab44a30759e1137a7,0.0417342461196777,0.1538642724047674,-0.1121300262850897,0.9206349206349206,0.7287143000000281,0.6666666666666666,0.4285714285714285,0.883969260735732,0.402274690643629,3.496845178369864,3.457267575466271,-0.0395776029035932,7.549516567451064e-15,False
15,3,3,5,EEE,J,2013J,2014J,56,logistic,source_train_only_activity_types,9,0,,2,clicks_ouwiki|clicks_page,906,997,634,272,134,0.3278145695364238,0.3139418254764293,0.7197765088721065,0.7476738972030716,0.0278973883309651,0.6105384570949921,0.599192194401615,0.6170145164466261,0.6292002267674627,0.0121857103208365,0.2136839574078911,0.2123483811038475,-0.0013355763040436,0.0243138699576348,0.0030698844972889,-0.0038164367213703,0.0219152136236572,-0.0188453291263682,0.2768645647923025,-0.0008171955891751,-0.0032141653183728,0.0389443485263568,-0.039761544115532,-5.098726866958458e-05,0.0304354920751709,-0.0304864793438405,0.0012418601939624,-0.0028762513723127,0.0160782302464853,0.0618104668062284,80,44,0.3139418254764293,target_prevalence,0.0135813460823328,0.0170950650308773,-0.0035137189485444,-0.0111795240374563,-0.0153316101778238,"{""C"": 1.0, ""class_weight"": ""balanced"", ""max_iter"": 5000, ""solver"": ""lbfgs""}",0ec0160f1649f42124ca093cb28e50d00a77309027bbdbb0b9ac6257ff1aa269,0.0724045391760935,0.3099148053533554,-0.2375102661772618,0.9525691699604742,0.6363636363636365,0.6666666666666666,0.6666666666666666,0.5595155054059899,0.7091997781506216,4.901771815481895,5.071091907107784,0.169320091625889,7.105427357601002e-15,False
15,3,3,5,EEE,J,2013J,2014J,56,lightgbm,source_train_only_activity_types,9,0,,2,clicks_ouwiki|clicks_page,906,997,634,272,134,0.3278145695364238,0.3139418254764293,0.7580892736538344,0.7667287894923678,0.0086395158385333,0.6706459815488581,0.6758610090536177,0.575654184380523,0.6349326245302467,0.0592784401497237,0.1885768009638646,0.2112858274128024,0.0227090264489378,0.0230858967274513,0.0183151246364354,0.002628617114302,0.011401137490496,0.0069139871459393,0.2833345395107597,0.0080274273512759,-0.003739198972424,0.0234241934065202,-0.0153967660552443,0.0101912938718491,0.0203211571213523,-0.0101298632495031,0.0138424540925468,0.0022124006100049,0.0150853061388317,0.0317630806742088,80,44,0.3139418254764293,target_prevalence,0.0521850210900813,0.0135573601975728,0.0386276608925085,0.0227708240192239,-0.0317136737465691,"{""class_weight"": ""balanced"", ""colsample_bytree"": 1.0, ""deterministic"": true, ""force_col_wise"": true, ""learning_rate"": 0.035, ""min_child_samples"": 12, ""n_estimators"": 180, ""n_jobs"": 1, ""num_leaves"": 15, ""objective"": ""binary"", ""reg_lambda"": 1.0, ""subsample"": 1.0, ""verbosity"": -1}",7340a032adf73dcca6285d723e7b8782f8c2625f4216107ab44a30759e1137a7,0.1037770037081641,0.250539335507622,-0.1467623317994578,0.8888888888888888,0.5952380952380952,0.4285714285714285,0.4285714285714285,0.6725733249111222,0.617573474779436,4.003989332898693,4.232738306134577,0.2287489732358834,7.105427357601002e-15,True
15,3,3,6,FFF,B,2013B,2014B,14,logistic,source_train_only_activity_types,13,0,,1,clicks_oucollaborate,1520,1309,1064,456,160,0.4861842105263158,0.5011459129106188,0.7393547393547394,0.71533121054794,-0.0240235288067993,0.741420369132204,0.6940482683713236,0.6110843368366858,0.639845644031528,0.0287613071948421,0.2125028134645525,0.2187661966152606,0.0062633831507081,0.0194425194425195,0.0219678758751067,0.0025127350649075,0.0175279106727055,0.0044399652024011,0.2214932054620821,0.0064038009467639,-0.0040495824011847,0.0190632173590911,-0.0126594164123272,0.0063943314400122,0.0190883537915355,-0.0126940223515233,0.0105356623927562,0.0022719395007717,0.0080953540025194,0.0300310807156629,80,80,0.5011459129106188,target_prevalence,0.0160100753492157,0.0220368481096449,-0.0060267727604291,-0.0007934037790139,0.0104667379628302,"{""C"": 1.0, ""class_weight"": ""balanced"", ""max_iter"": 5000, ""solver"": ""lbfgs""}",0ec0160f1649f42124ca093cb28e50d00a77309027bbdbb0b9ac6257ff1aa269,0.0481693004487607,0.3174725533812926,-0.2693032529325319,0.9202279202279204,0.4472934472934474,1.0,0.4285714285714285,0.8781841166993983,0.7563688016351962,4.592412811437724,4.420914031654943,-0.1714987797827802,7.105427357601002e-15,False
15,3,3,6,FFF,B,2013B,2014B,14,lightgbm,source_train_only_activity_types,13,0,,1,clicks_oucollaborate,1520,1309,1064,456,160,0.4861842105263158,0.5011459129106188,0.744975744975745,0.6819440294326373,-0.0630317155431077,0.7379569651284388,0.6821589617636181,0.6101272829650219,0.6841160242318866,0.0739887412668646,0.2085286730272549,0.2359755039055897,0.0274468308783348,0.0046007546007544,0.000367161491057,-0.0002989675874643,0.0140844154343944,-0.0137172539433373,0.2740711599106857,0.0063526552008456,0.0003022636448881,0.0246268474892397,-0.0182741922883941,0.0063487454315911,0.0246470759768127,-0.0182983305452215,0.0080586178522177,0.0046466925494734,0.0158004840782338,0.0334532109002456,80,80,0.5011459129106188,target_prevalence,0.0099650731101373,0.0110747874568324,-0.0011097143466951,-0.0074134841450162,-0.0126075395966422,"{""class_weight"": ""balanced"", ""colsample_bytree"": 1.0, ""deterministic"": true, ""force_col_wise"": true, ""learning_rate"": 0.035, ""min_child_samples"": 12, ""n_estimators"": 180, ""n_jobs"": 1, ""num_leaves"": 15, ""objective"": ""binary"", ""reg_lambda"": 1.0, ""subsample"": 1.0, ""verbosity"": -1}",7340a032adf73dcca6285d723e7b8782f8c2625f4216107ab44a30759e1137a7,0.0403892122253664,0.2461868201075802,-0.2057976078822137,0.9485714285714284,0.5657142857142856,1.0,0.4285714285714285,0.9249428028579468,0.6230675180328272,3.357027046472001,3.2091217753222656,-0.1479052711497352,5.773159728050814e-15,False
15,3,3,6,FFF,B,2013B,2014B,56,logistic,source_train_only_activity_types,13,0,,1,clicks_oucollaborate,1407,1257,984,423,160,0.4442075337597725,0.4797136038186158,0.7932548664554095,0.7665774085738484,-0.0266774578815611,0.7382309040113483,0.7189471205833333,0.5900896945673434,0.6433833869242997,0.0532936923569563,0.1886455997139436,0.2078871993139121,0.0192415995999685,0.0155500226346761,0.0241569018550705,-0.0015582057111598,0.0132774635556784,0.0108794382993921,0.2047770271004006,0.0384902058699055,0.0001734715465748,0.0146218927534777,0.0238683131164277,0.0386162453876813,0.0143224135306297,0.0242938318570515,0.0415967092786149,0.035383702461196,0.0072406107315193,0.0220031747754361,80,80,0.4797136038186158,target_prevalence,0.011825145212556,0.0126792139943125,-0.0008540687817565,0.0050126847588178,0.0117335070811486,"{""C"": 1.0, ""class_weight"": ""balanced"", ""max_iter"": 5000, ""solver"": ""lbfgs""}",0ec0160f1649f42124ca093cb28e50d00a77309027bbdbb0b9ac6257ff1aa269,0.051339609728831,0.3147359489784578,-0.2633963392496267,0.9259259259259262,0.4814814814814815,0.6666666666666666,0.1111111111111111,0.6259835472788647,0.5118418922940215,6.144546719838341,6.182025331364317,0.0374786115259757,1.4210854715202004e-14,False
15,3,3,6,FFF,B,2013B,2014B,56,lightgbm,source_train_only_activity_types,13,0,,1,clicks_oucollaborate,1407,1257,984,423,160,0.4442075337597725,0.4797136038186158,0.7667270258035309,0.7599641953332218,-0.0067628304703091,0.7487525731312903,0.7519284218559055,0.5854367632669099,0.6010910058242991,0.0156542425573892,0.1995158247966209,0.2034274803110159,0.0039116555143949,0.0003621548211859,0.0264997788816958,0.0011555892729645,0.0058832990921261,0.0206164797895697,0.2359712940092297,0.0308410600515785,-0.0013433842252114,0.0093897072848152,0.0214513527667632,0.0313817935211607,0.0093092128199172,0.0220725807012435,0.0441685496842231,0.0175135704189339,0.0074057554735058,0.0113736590961247,80,80,0.4797136038186158,target_prevalence,0.0114204599675185,0.0078644773692594,0.003555982598259,0.0120862311939143,0.0170604971913106,"{""class_weight"": ""balanced"", ""colsample_bytree"": 1.0, ""deterministic"": true, ""force_col_wise"": true, ""learning_rate"": 0.035, ""min_child_samples"": 12, ""n_estimators"": 180, ""n_jobs"": 1, ""num_leaves"": 15, ""objective"": ""binary"", ""reg_lambda"": 1.0, ""subsample"": 1.0, ""verbosity"": -1}",7340a032adf73dcca6285d723e7b8782f8c2625f4216107ab44a30759e1137a7,0.0835225322507635,0.2257637590292739,-0.1422412267785104,0.8746438746438747,0.5840455840455842,0.6666666666666666,0.6666666666666666,0.74645996407999,0.5705196867831474,3.858475397389531,3.9069567617620975,0.0484813643725665,8.881784197001252e-15,False
15,3,3,7,FFF,J,2013J,2014J,14,logistic,source_train_only_activity_types,13,0,,1,clicks_htmlactivity,1998,1886,1398,600,160,0.4519519519519519,0.4077412513255567,0.7322087506589351,0.7422410250380396,0.0100322743791044,0.6883121158418897,0.6340437106954294,0.6139207311979483,0.6028659902040859,-0.0110547409938623,0.210118714226356,0.2046614306647449,-0.0054572835616111,0.0128310097690641,0.0198904430265444,-0.001900037003599,0.0128647293599822,0.0070257136665622,0.2774768306714858,0.022466659613779,0.0043684085317018,0.0332169942386643,-0.0107503346248852,0.024876799656404,0.0326352189289208,-0.0077584192725167,0.0355285105344422,0.0094048086931158,0.0300640395427556,0.036369948934573,80,80,0.4077412513255567,target_prevalence,0.0038196124487659,0.0116747431667498,-0.0078551307179838,-0.0004147085257108,0.0148808443845461,"{""C"": 1.0, ""class_weight"": ""balanced"", ""max_iter"": 5000, ""solver"": ""lbfgs""}",0ec0160f1649f42124ca093cb28e50d00a77309027bbdbb0b9ac6257ff1aa269,0.0603878664038704,0.2765215381549722,-0.2161336717511017,0.9031339031339032,0.54985754985755,0.6666666666666666,0.6666666666666666,0.692279433526671,0.4958656715146076,3.3600439178101453,3.6647974186975887,0.3047535008874433,1.7763568394002505e-15,True
15,3,3,7,FFF,J,2013J,2014J,14,lightgbm,source_train_only_activity_types,13,0,,1,clicks_htmlactivity,1998,1886,1398,600,160,0.4519519519519519,0.4077412513255567,0.6864253748920468,0.6999748536915595,0.0135494787995127,0.6489370058227991,0.6216582299358141,0.6660744073689783,0.6465551853380423,-0.0195192220309359,0.2328686044781343,0.2220187178360257,-0.0108498866421085,0.0016711717269147,0.003578203832122,-0.0022780863502068,0.0060475772719569,-0.0024693734398348,0.2654576439851701,0.0029851224219755,0.0046750727704236,0.0148017775850977,-0.0118166551631222,0.0029958159079593,0.0157386832078423,-0.0127428672998829,0.0030430761994628,0.0029271686444881,0.0198793752991672,0.0097241798710283,80,80,0.4077412513255567,target_prevalence,0.0060974630703405,0.0059315535313186,0.0001659095390219,-0.0011517319504064,-0.0026352829788567,"{""class_weight"": ""balanced"", ""colsample_bytree"": 1.0, ""deterministic"": true, ""force_col_wise"": true, ""learning_rate"": 0.035, ""min_child_samples"": 12, ""n_estimators"": 180, ""n_jobs"": 1, ""num_leaves"": 15, ""objective"": ""binary"", ""reg_lambda"": 1.0, ""subsample"": 1.0, ""verbosity"": -1}",7340a032adf73dcca6285d723e7b8782f8c2625f4216107ab44a30759e1137a7,0.0586545995780018,0.2314000350537338,-0.1727454354757319,0.8971428571428571,0.6619122284168787,1.0,0.4285714285714285,0.9482301757276788,0.6461053111122578,3.1067278188379395,3.105477693937241,-0.0012501249006979,6.8833827526759706e-15,False
15,3,3,7,FFF,J,2013J,2014J,56,logistic,source_train_only_activity_types,14,0,,1,clicks_htmlactivity,1915,1793,1340,575,160,0.4281984334203655,0.3770217512548801,0.776595744680851,0.7878907470877721,0.011295002406921,0.7144203723550109,0.6876356950602857,0.5845128842534464,0.5504541708759165,-0.0340587133775298,0.1973792454968664,0.184406144131943,-0.0129731013649233,0.0038673487038822,0.0134475266542117,0.0004059786981339,0.0119884258670066,0.001459100787205,0.1620407984761721,0.0172010239479731,0.0004033963802873,0.0148753894652371,0.0023256344827359,0.0187767268472479,0.0132822100715798,0.005494516775668,0.0236074531960449,0.0107945946999012,0.0083979049917053,0.021352873938769,80,80,0.3770217512548801,target_prevalence,0.0063639819703122,0.0068794492036652,-0.0005154672333529,0.000471816776926,0.001974568020558,"{""C"": 1.0, ""class_weight"": ""balanced"", ""max_iter"": 5000, ""solver"": ""lbfgs""}",0ec0160f1649f42124ca093cb28e50d00a77309027bbdbb0b9ac6257ff1aa269,0.0562224704710918,0.2389714289250084,-0.1827489584539166,0.9365079365079364,0.5502645502645502,0.6666666666666666,0.4285714285714285,0.9600631014703152,0.3164675706927532,5.035048126083721,5.139309776428979,0.1042616503452578,3.552713678800501e-15,False
15,3,3,7,FFF,J,2013J,2014J,56,lightgbm,source_train_only_activity_types,14,0,,1,clicks_htmlactivity,1915,1793,1340,575,160,0.4281984334203655,0.3770217512548801,0.7503768502730619,0.7708027631070121,0.0204259128339502,0.6956750827998379,0.6945070187903276,0.612677086693586,0.5700056310863045,-0.0426714556072814,0.2088024775481388,0.1917944348239365,-0.0170080427242023,0.0123928138977439,0.0284707009228242,-0.0023278548614158,0.0115548502391747,0.0169158506836494,0.2562166970094749,0.0239825079586002,-0.0002124234454553,0.0197339328032092,0.004248575155391,0.0272629901350653,0.0196820777312725,0.0075809124037927,0.0373201599821872,0.0106448559350132,0.0195231025447454,0.019944763061673,80,80,0.3770217512548801,target_prevalence,0.0239100807643478,0.0104371379624689,0.0134729428018788,0.0151943967427641,0.0034429078817705,"{""class_weight"": ""balanced"", ""colsample_bytree"": 1.0, ""deterministic"": true, ""force_col_wise"": true, ""learning_rate"": 0.035, ""min_child_samples"": 12, ""n_estimators"": 180, ""n_jobs"": 1, ""num_leaves"": 15, ""objective"": ""binary"", ""reg_lambda"": 1.0, ""subsample"": 1.0, ""verbosity"": -1}",7340a032adf73dcca6285d723e7b8782f8c2625f4216107ab44a30759e1137a7,0.0588042589568205,0.2353141705523747,-0.1765099115955541,0.9416445623342176,0.7161803713527851,1.0,0.4285714285714285,0.7518601920453546,0.5419249141939085,3.6728535427482822,3.6458751949164903,-0.0269783478317919,6.661338147750939e-15,False
15,3,3,8,GGG,J,2013J,2014J,14,logistic,source_train_only_activity_types,6,0,,1,clicks_quiz,926,719,648,278,134,0.3606911447084233,0.3824756606397774,0.5985955056179776,0.6124488124488124,0.0138533068308348,0.4628789803184834,0.4883198845921648,0.7050727126805252,0.7248796745144307,0.0198069618339055,0.252108529315038,0.2510269216119519,-0.0010816077030861,0.0107303370786516,0.0145464680951713,0.001321928441416,0.0092080410940503,0.0053384270011209,0.201908712529261,-0.0011663305365905,0.0027272118300163,0.0155845683633165,-0.0167508988999071,-0.0016288367825872,0.0149649670732895,-0.0165938038558768,-0.0031340346245885,0.0008013735514074,0.0129485131708348,0.0182206235557983,80,50,0.3824756606397774,target_prevalence,0.0145107887241622,0.0107906757702146,0.0037201129539475,0.0045292699775342,0.0016183140471733,"{""C"": 1.0, ""class_weight"": ""balanced"", ""max_iter"": 5000, ""solver"": ""lbfgs""}",0ec0160f1649f42124ca093cb28e50d00a77309027bbdbb0b9ac6257ff1aa269,0.0545213180071989,0.2428593596177468,-0.1883380416105478,0.9263157894736842,0.6526315789473685,0.6666666666666666,0.4285714285714285,0.4141304579475194,0.4188085441972242,3.6654310944032633,4.396529959336704,0.7310988649334402,5.3290705182007506e-15,False
15,3,3,8,GGG,J,2013J,2014J,14,lightgbm,source_train_only_activity_types,6,0,,1,clicks_quiz,926,719,648,278,134,0.3606911447084233,0.3824756606397774,0.5497191011235955,0.6204995904995905,0.070780489375995,0.377253811199328,0.5036905490364306,0.7991592743928062,0.7345445224443603,-0.0646147519484459,0.2789853844514361,0.2584714842920544,-0.0205139001593817,0.006685393258427,0.0269635124866316,0.0040907717985999,0.0151535126696353,0.0118099998169962,0.3281108359357746,0.0130157869505178,0.009321212440471,0.0097272460534255,0.0032885408970922,0.0151100959613741,0.0090048251286265,0.0061052708327476,0.0219258945174153,0.0041056793836202,0.0066537511130084,0.0128007409938425,80,50,0.3824756606397774,target_prevalence,0.0446770957959013,0.0134208984243966,0.0312561973715047,0.0215330985942504,-0.0194461975545084,"{""class_weight"": ""balanced"", ""colsample_bytree"": 1.0, ""deterministic"": true, ""force_col_wise"": true, ""learning_rate"": 0.035, ""min_child_samples"": 12, ""n_estimators"": 180, ""n_jobs"": 1, ""num_leaves"": 15, ""objective"": ""binary"", ""reg_lambda"": 1.0, ""subsample"": 1.0, ""verbosity"": -1}",7340a032adf73dcca6285d723e7b8782f8c2625f4216107ab44a30759e1137a7,0.0808088973707965,0.1603240375157879,-0.0795151401449914,0.9263157894736842,0.7368421052631579,1.0,0.6666666666666666,0.885628334958484,0.4075159617355937,3.073924758615198,3.437583754046475,0.363658995431277,5.773159728050814e-15,False
15,3,3,8,GGG,J,2013J,2014J,56,logistic,source_train_only_activity_types,6,0,,1,clicks_quiz,919,698,643,276,136,0.3558215451577802,0.3638968481375358,0.5731483604677826,0.6267202241611691,0.0535718636933865,0.413188091660536,0.4726570014249489,0.7295359771228114,0.6930549485130215,-0.0364810286097898,0.2614470610264185,0.242791001522152,-0.0186560595042664,0.0343384544829168,0.0223590710881971,-8.881487646617003e-05,0.033912067721671,-0.0115529966334739,0.2535885104422712,0.0118196279650039,-0.0009596412722236,0.0305882893363514,-0.0187686613713474,0.0158083285361351,0.0299881329528068,-0.0141798044166716,0.0264728542736858,-0.0028335983436779,0.0283835043062769,0.0327930743664259,80,49,0.3638968481375358,target_prevalence,0.0356678666560631,0.0299153482442519,0.0057525184118112,-0.0029002391108313,-0.0173055150452852,"{""C"": 1.0, ""class_weight"": ""balanced"", ""max_iter"": 5000, ""solver"": ""lbfgs""}",0ec0160f1649f42124ca093cb28e50d00a77309027bbdbb0b9ac6257ff1aa269,0.0672598714520588,0.3728822406090741,-0.3056223691570153,0.9157894736842106,0.3157894736842105,1.0,0.25,0.2413103267193094,0.8996327889702236,3.173574078893677,3.6688367227131033,0.4952626438194256,4.440892098500626e-15,False
15,3,3,8,GGG,J,2013J,2014J,56,lightgbm,source_train_only_activity_types,6,0,,1,clicks_quiz,919,698,643,276,136,0.3558215451577802,0.3638968481375358,0.5498738821371245,0.63836277222104,0.0884888900839154,0.3995922519898284,0.5112942550320944,0.8086390158055651,0.7126858187893864,-0.0959531970161786,0.2794865116746554,0.2463132251917034,-0.0331732864829519,0.002980967667966,0.018075569568783,-0.0019835747320862,0.0092775761304905,0.0087979934382925,0.3220707260219709,0.0324932955388051,-0.0018583321125783,0.0096953123512887,0.0227979831875163,0.0330504070333387,0.0084127244026908,0.0246376826306479,0.0345399472397759,0.0304466438378342,0.004983489255913,0.0144071354466644,80,49,0.3638968481375358,target_prevalence,0.0375123081054012,0.0068586014575979,0.0306537066478033,0.0197258500430479,-0.0218557132095107,"{""class_weight"": ""balanced"", ""colsample_bytree"": 1.0, ""deterministic"": true, ""force_col_wise"": true, ""learning_rate"": 0.035, ""min_child_samples"": 12, ""n_estimators"": 180, ""n_jobs"": 1, ""num_leaves"": 15, ""objective"": ""binary"", ""reg_lambda"": 1.0, ""subsample"": 1.0, ""verbosity"": -1}",7340a032adf73dcca6285d723e7b8782f8c2625f4216107ab44a30759e1137a7,0.0729678537716514,0.2187134814160206,-0.1457456276443692,0.8842105263157894,0.6421052631578947,0.6666666666666666,0.4285714285714285,0.6013272414290548,0.6193846572581826,2.9039068152467387,2.987268995968569,0.0833621807218305,1.199040866595169e-14,False
16,4,0,0,AAA,J,2013J,2014J,14,logistic,source_train_only_activity_types,9,0,,0,,370,350,259,111,53,0.2486486486486486,0.2771428571428571,0.6411359724612736,0.5578827268652459,-0.0832532455960277,0.4640679440369145,0.3445207403317815,0.6594917785447874,0.8575380042698021,0.1980462257250147,0.236356478022166,0.3078571187192225,0.0715006406970565,0.0744406196213424,0.0054193575713598,0.0015893794666601,0.0263814358441334,-0.0209620782727735,0.3808470784980877,0.005208612619456,-0.0074205284426553,0.0268142411352448,-0.0216056285157887,0.0064453594554151,0.0208919288193441,-0.014446569363929,0.0079833651360308,0.0024338601028813,0.0135270019649548,0.0401014803055349,41,14,0.2771428571428571,target_prevalence,-0.0040042957179408,0.0189778144532905,-0.0229821101712314,-0.0219720942220024,0.0020200318984578,"{""C"": 1.0, ""class_weight"": ""balanced"", ""max_iter"": 5000, ""solver"": ""lbfgs""}",0ec0160f1649f42124ca093cb28e50d00a77309027bbdbb0b9ac6257ff1aa269,0.0958757596828535,0.386882397134568,-0.2910066374517145,0.9051383399209486,0.4466403162055335,0.6666666666666666,0.6666666666666666,0.439467757287843,0.4214584174993952,5.204820020595625,6.210510158948506,1.005690138352881,7.105427357601002e-15,False
16,4,0,0,AAA,J,2013J,2014J,14,lightgbm,source_train_only_activity_types,9,0,,0,,370,350,259,111,53,0.2486486486486486,0.2771428571428571,0.5185025817555938,0.5678252719938063,0.0493226902382124,0.2756151511620405,0.3561390768162651,0.7362298062178104,0.7286163704398737,-0.0076134357779367,0.2418048396728026,0.2331200982718934,-0.0086847414009091,0.0727194492254733,-0.0016852108760422,0.0120438846046267,0.0200261003200138,-0.021711311196056,0.3812293011670007,-0.0132712006887729,0.0049410785047978,0.016900126656631,-0.030171327345404,-0.011192645517315,0.0242737187257195,-0.0354663642430345,-0.0086077756246045,-0.0179346257529413,0.0334434421962526,0.0003568111170094,41,14,0.2771428571428571,target_prevalence,0.0326225667056563,0.059893584468722,-0.0272710177630656,-0.0244911644795608,0.0055597065670096,"{""class_weight"": ""balanced"", ""colsample_bytree"": 1.0, ""deterministic"": true, ""force_col_wise"": true, ""learning_rate"": 0.035, ""min_child_samples"": 12, ""n_estimators"": 180, ""n_jobs"": 1, ""num_leaves"": 15, ""objective"": ""binary"", ""reg_lambda"": 1.0, ""subsample"": 1.0, ""verbosity"": -1}",7340a032adf73dcca6285d723e7b8782f8c2625f4216107ab44a30759e1137a7,0.0826985146683258,0.3333708158206681,-0.2506723011523423,0.8814229249011858,0.364357150000014,1.0,0.1111111111111111,0.7266660869422321,0.3943253140615179,3.8926803382671338,4.155860736698068,0.2631803984309346,5.773159728050814e-15,False
16,4,0,0,AAA,J,2013J,2014J,56,logistic,source_train_only_activity_types,9,0,,0,,365,342,255,110,52,0.2383561643835616,0.260233918128655,0.6323260073260073,0.6765110805169428,0.0441850731909354,0.3563224582191667,0.428379144445366,0.7108902285588662,0.8336738871436588,0.1227836585847925,0.2486412573246187,0.2670561482098005,0.0184148908851817,0.0086996336996337,0.0031317242162364,-0.0026187615389615,0.0116177135378819,-0.0084859893216455,0.3602289073669714,0.0038825290063239,-0.0198852289189772,0.0184171325679065,-0.0145346035615826,0.0036314105089007,0.0127867620405097,-0.0091553515316089,0.0033588550665756,0.0044062029460721,0.0066757501266278,0.0301585150091852,42,13,0.260233918128655,target_prevalence,-0.0031392872870012,0.0098227416108153,-0.0129620288978165,-0.010724009109731,0.004476039576171,"{""C"": 1.0, ""class_weight"": ""balanced"", ""max_iter"": 5000, ""solver"": ""lbfgs""}",0ec0160f1649f42124ca093cb28e50d00a77309027bbdbb0b9ac6257ff1aa269,0.0769058353614325,0.4437988815166918,-0.3668930461552592,0.841897233201581,0.0039525691699604,0.25,0.1111111111111111,0.7576955222389264,0.7390492272611822,7.372369985724404,7.010641398526468,-0.3617285871979359,2.220446049250313e-15,False
16,4,0,0,AAA,J,2013J,2014J,56,lightgbm,source_train_only_activity_types,9,0,,0,,365,342,255,110,52,0.2383561643835616,0.260233918128655,0.6387362637362638,0.5617089310298885,-0.0770273327063753,0.4023886040547212,0.317225094293914,0.590391243397607,0.7348277085925796,0.1444364651949726,0.1804397557826308,0.2330020286919556,0.0525622729093247,0.0421245421245422,-0.0059335339746828,-0.0049228540130946,0.0152308251811152,-0.0211643591557981,0.3788349508581164,0.0001054132724369,0.0002241273003348,0.0165308549808224,-0.0164254417083854,0.0038501800800339,0.0175599368971719,-0.013709756817138,0.0079146221029134,-0.0077037955580395,0.0186768672697952,0.0143848426918495,42,13,0.260233918128655,target_prevalence,-0.0029736061321353,0.0123092073214531,-0.0152828134535884,-0.0182235863046932,-0.0058815457022096,"{""class_weight"": ""balanced"", ""colsample_bytree"": 1.0, ""deterministic"": true, ""force_col_wise"": true, ""learning_rate"": 0.035, ""min_child_samples"": 12, ""n_estimators"": 180, ""n_jobs"": 1, ""num_leaves"": 15, ""objective"": ""binary"", ""reg_lambda"": 1.0, ""subsample"": 1.0, ""verbosity"": -1}",7340a032adf73dcca6285d723e7b8782f8c2625f4216107ab44a30759e1137a7,0.0638107735840371,0.4029362367316337,-0.3391254631475965,0.9444444444444444,0.2709184847824625,0.6666666666666666,0.1111111111111111,0.8697220254465305,0.5775264448260905,3.810028208772344,3.952374077473359,0.1423458687010148,7.549516567451064e-15,False
16,4,0,1,BBB,B,2013B,2014B,14,logistic,source_train_only_activity_types,10,0,,1,clicks_oucollaborate,1606,1289,1124,482,160,0.5006226650062267,0.4375484871993794,0.7285859403247189,0.6912301296160431,-0.0373558107086757,0.7259915944748997,0.6262507904569996,0.6202950588638263,0.6762785743461684,0.0559835154823421,0.2146831409348635,0.2336676716859964,0.0189845307511328,0.0192834145417607,0.0036154929251608,-0.0013112289759776,0.0137311945982585,-0.0101157016730976,0.2221726734396629,0.0027208008290479,0.0048632233552315,0.0342332498785287,-0.0315124490494807,0.0024519249873277,0.0319816607232931,-0.0295297357359654,0.0005681240590023,0.0048734775990936,0.0162065516108354,0.0522599481462219,80,80,0.4375484871993794,target_prevalence,0.0115076713151892,0.0185629280530329,-0.0070552567378436,-0.0085854792054706,-0.0030604449352539,"{""C"": 1.0, ""class_weight"": ""balanced"", ""max_iter"": 5000, ""solver"": ""lbfgs""}",0ec0160f1649f42124ca093cb28e50d00a77309027bbdbb0b9ac6257ff1aa269,0.0789727384439478,0.2725413574706692,-0.1935686190267214,0.891304347826087,0.4782608695652174,0.6666666666666666,0.6666666666666666,0.5880790632375077,0.6739250341220212,3.519471624808728,3.6856862214300863,0.1662145966213586,2.886579864025407e-15,False
16,4,0,1,BBB,B,2013B,2014B,14,lightgbm,source_train_only_activity_types,10,0,,1,clicks_oucollaborate,1606,1289,1124,482,160,0.5006226650062267,0.4375484871993794,0.725159690776674,0.7058828564441183,-0.0192768343325556,0.7260918472661898,0.6488489707095781,0.6414899438697712,0.6717546790754352,0.0302647352056639,0.2197819491668123,0.2324610548549253,0.012679105688113,0.0222792307294985,0.0026009737671757,0.0012443867958221,0.0173946552856368,-0.0147936815184611,0.2542143258944037,0.0085539805409745,0.0005885312224737,0.0155687034026838,-0.0070147228617093,0.0094150349195214,0.0156758770364411,-0.0062608421169197,0.0154477637331915,0.0016601973487575,0.0164267581474858,0.0147106486578818,80,80,0.4375484871993794,target_prevalence,0.0025843985385019,0.0060477861558936,-0.0034633876173916,-0.0091285345679264,-0.0113302939010694,"{""class_weight"": ""balanced"", ""colsample_bytree"": 1.0, ""deterministic"": true, ""force_col_wise"": true, ""learning_rate"": 0.035, ""min_child_samples"": 12, ""n_estimators"": 180, ""n_jobs"": 1, ""num_leaves"": 15, ""objective"": ""binary"", ""reg_lambda"": 1.0, ""subsample"": 1.0, ""verbosity"": -1}",7340a032adf73dcca6285d723e7b8782f8c2625f4216107ab44a30759e1137a7,0.0697315317521812,0.212751124813465,-0.1430195930612838,0.9202898550724636,0.6884057971014493,1.0,0.4285714285714285,0.6897840633442658,0.3242799607054344,2.838190141673171,2.8578085339953647,0.0196183923221937,4.884981308350689e-15,False
16,4,0,1,BBB,B,2013B,2014B,56,logistic,source_train_only_activity_types,10,0,,1,clicks_oucollaborate,1470,1247,1029,441,160,0.454421768707483,0.4170008019246191,0.7626556016597511,0.7471696116813036,-0.0154859899784475,0.7315019344811999,0.7133891961664984,0.5956496526383097,0.6161316789410483,0.0204820263027385,0.1990064570324636,0.2063491151693165,0.0073426581368528,0.0054979253112034,0.0223652534989832,0.0008555411763126,0.0053827546977099,0.0169824988012733,0.178715960379741,0.0280540090764926,-0.0040008365119038,0.0052154613912781,0.0228385476852144,0.031405986869549,0.0041565299633278,0.0272494569062211,0.048246841482006,0.0078611766709791,-0.0011637052302387,0.011594628012795,80,80,0.4170008019246191,target_prevalence,0.0567456654547896,0.008207969684966,0.0485376957698235,0.0327600972855484,-0.0315551969685502,"{""C"": 1.0, ""class_weight"": ""balanced"", ""max_iter"": 5000, ""solver"": ""lbfgs""}",0ec0160f1649f42124ca093cb28e50d00a77309027bbdbb0b9ac6257ff1aa269,0.174854320764763,0.2558717663652908,-0.0810174456005277,0.8333333333333333,0.5217391304347826,0.6666666666666666,0.6666666666666666,0.401348920941659,0.9133831502822954,5.1258412098497175,5.295915525424931,0.1700743155752135,5.3290705182007506e-15,False
16,4,0,1,BBB,B,2013B,2014B,56,lightgbm,source_train_only_activity_types,10,0,,1,clicks_oucollaborate,1470,1247,1029,441,160,0.454421768707483,0.4170008019246191,0.7587344398340249,0.7431396148555709,-0.0155948249784539,0.7475049543423351,0.7201386246436132,0.6023388920795852,0.6093208343108504,0.0069819422312651,0.1987966704389002,0.203537805133585,0.0047411346946847,0.0088796680497925,0.0122609936422897,0.0006893069777426,0.0133887499499432,-0.0011277563076534,0.248806515603066,0.0114308886280661,-0.0015019175240379,0.0151362459673927,-0.0037053573393266,0.0120890596651495,0.0149075301316588,-0.0028184704665092,0.0153958127017043,0.0074659645544278,0.0137584264158943,0.0165140655188912,80,80,0.4170008019246191,target_prevalence,0.0138298278067378,0.0131529682961493,0.0006768595105884,-0.0002254483985325,-0.0018046158182419,"{""class_weight"": ""balanced"", ""colsample_bytree"": 1.0, ""deterministic"": true, ""force_col_wise"": true, ""learning_rate"": 0.035, ""min_child_samples"": 12, ""n_estimators"": 180, ""n_jobs"": 1, ""num_leaves"": 15, ""objective"": ""binary"", ""reg_lambda"": 1.0, ""subsample"": 1.0, ""verbosity"": -1}",7340a032adf73dcca6285d723e7b8782f8c2625f4216107ab44a30759e1137a7,0.1078484489338958,0.2091618844098701,-0.1013134354759743,0.8188405797101449,0.5507246376811594,1.0,0.6666666666666666,0.620255515332973,0.4596942234465212,3.909859578637745,4.107337314527915,0.1974777358901698,1.199040866595169e-14,False
16,4,0,2,BBB,J,2013J,2014J,14,logistic,source_train_only_activity_types,10,0,,0,,1851,1791,1295,556,160,0.4219340896812534,0.3618090452261306,0.7075893153045669,0.6565831470140306,-0.0510061682905362,0.6247647031666408,0.5171829742681919,0.6395818560391414,0.822589924455276,0.1830080684161346,0.2198538112162748,0.2399900053340965,0.0201361941178217,0.0013919268244182,0.1109350911231488,0.003288899198666,0.0260331256551562,0.0849019654679925,0.2705258267398268,0.1135489840862838,0.0009862785882344,0.0383080756194347,0.075240908466849,0.1294002853405235,0.0334064100516173,0.0959938752889061,0.1709018740788966,0.0561960940936709,0.02057295838315,0.0560431928557193,80,80,0.3618090452261306,target_prevalence,0.0722939157011221,0.0233038193865675,0.0489900963145545,0.0669460308912735,0.0359118691534379,"{""C"": 1.0, ""class_weight"": ""balanced"", ""max_iter"": 5000, ""solver"": ""lbfgs""}",0ec0160f1649f42124ca093cb28e50d00a77309027bbdbb0b9ac6257ff1aa269,0.3241656367306804,0.3530003560492568,-0.0288347193185764,0.8333333333333333,0.4420289855072464,0.6666666666666666,0.25,0.2427741335001974,0.3825810363207595,3.435110385797003,4.597233995637148,1.1621236098401448,7.105427357601002e-15,False
16,4,0,2,BBB,J,2013J,2014J,14,lightgbm,source_train_only_activity_types,10,0,,0,,1851,1791,1295,556,160,0.4219340896812534,0.3618090452261306,0.694677536952343,0.6106513884838469,-0.0840261484684961,0.6247879430036338,0.4683258059467939,0.6430625659891915,0.6915750848322694,0.0485125188430778,0.2233909331807147,0.2395790740097704,0.0161881408290556,0.0184662292039503,0.0901451140301995,-0.0005685950609777,0.013603369330931,0.0765417446992685,0.2928049609643341,0.0749317746447941,0.0018401370667379,0.0214969184645851,0.053434856180209,0.0762174486714431,0.0206306089316651,0.055586839739778,0.079583577032124,0.0702799722574643,0.0183624530636564,0.0246313838655138,80,80,0.3618090452261306,target_prevalence,0.0245350796406032,0.0131233853205822,0.0114116943200209,0.0439767195096447,0.0651300503792475,"{""class_weight"": ""balanced"", ""colsample_bytree"": 1.0, ""deterministic"": true, ""force_col_wise"": true, ""learning_rate"": 0.035, ""min_child_samples"": 12, ""n_estimators"": 180, ""n_jobs"": 1, ""num_leaves"": 15, ""objective"": ""binary"", ""reg_lambda"": 1.0, ""subsample"": 1.0, ""verbosity"": -1}",7340a032adf73dcca6285d723e7b8782f8c2625f4216107ab44a30759e1137a7,0.2149845812139308,0.2935990534655687,-0.0786144722516379,0.782608695652174,0.4927536231884057,0.4285714285714285,0.4285714285714285,0.7127737981304119,0.4445157541063032,2.792346942393363,3.112703842412954,0.3203569000195907,5.773159728050814e-15,False
16,4,0,2,BBB,J,2013J,2014J,56,logistic,source_train_only_activity_types,10,0,,0,,1785,1750,1249,536,160,0.3994397759103641,0.3417142857142857,0.7603326174029139,0.6666158607395021,-0.0937167566634118,0.6934206696449225,0.48190767161654,0.5936344794606054,0.7565481779799648,0.1629136985193593,0.2003315400272655,0.2533411415155419,0.0530096014882763,0.0136268648052475,0.0434372315495151,-0.0009898422032002,0.0080660273769476,0.0353712041725674,0.1976892471030745,0.0514211544523366,0.0003496441596856,0.0099516519726035,0.0414695024797331,0.0598376118451457,0.0079453757085401,0.0518922361366056,0.0780074368303435,0.0248348720743298,0.0036141366980348,0.0162891672471722,80,80,0.3417142857142857,target_prevalence,0.112120382665179,0.009604841290268,0.102515541374911,0.0689433727737392,-0.0671443372023435,"{""C"": 1.0, ""class_weight"": ""balanced"", ""max_iter"": 5000, ""solver"": ""lbfgs""}",0ec0160f1649f42124ca093cb28e50d00a77309027bbdbb0b9ac6257ff1aa269,0.2825546300670507,0.300983579236444,-0.0184289491693932,0.7246376811594203,0.3405797101449275,0.6666666666666666,0.1111111111111111,0.3324213521922922,0.6647903996270588,4.053531644242616,4.877949445276139,0.8244178010335226,7.105427357601002e-15,False
16,4,0,2,BBB,J,2013J,2014J,56,lightgbm,source_train_only_activity_types,10,0,,0,,1785,1750,1249,536,160,0.3994397759103641,0.3417142857142857,0.7623643118360712,0.6287044778892604,-0.1336598339468108,0.7256418664048794,0.5183855635876713,0.5684619618403082,0.8414910149436626,0.2730290531033544,0.1920013269537529,0.2989287971882639,0.106927470234511,0.01636965229001,0.1623706913109652,-0.0008075739776768,0.0067516524444438,0.1556190388665214,0.2557100884618289,0.1477441880005892,0.0003394960496838,0.0095905655526046,0.1381536224479845,0.1741330246073429,0.0099987738378879,0.164134250769455,0.2311024263793237,0.0643859496218546,0.0108800321577413,0.0083010989474678,80,80,0.3417142857142857,target_prevalence,0.1122976381581257,0.0070159163128961,0.1052817218452296,0.1304503803558755,0.0503373170212918,"{""class_weight"": ""balanced"", ""colsample_bytree"": 1.0, ""deterministic"": true, ""force_col_wise"": true, ""learning_rate"": 0.035, ""min_child_samples"": 12, ""n_estimators"": 180, ""n_jobs"": 1, ""num_leaves"": 15, ""objective"": ""binary"", ""reg_lambda"": 1.0, ""subsample"": 1.0, ""verbosity"": -1}",7340a032adf73dcca6285d723e7b8782f8c2625f4216107ab44a30759e1137a7,0.1971625941407271,0.1946561759355156,0.0025064182052114,0.6884057971014493,0.5507246376811594,0.4285714285714285,0.25,0.4026607799548825,0.4159248079814492,3.111891477330321,3.771063903141167,0.6591724258108456,1.4210854715202004e-14,False
16,4,0,3,DDD,B,2013B,2014B,14,logistic,source_train_only_activity_types,11,0,,1,clicks_oucollaborate,1197,1050,837,360,160,0.5747702589807853,0.5447619047619048,0.7420037258059423,0.6895829066331159,-0.0524208191728263,0.7933190475014464,0.7114508853885309,0.6226636033687879,0.6795965856632828,0.0569329822944949,0.2106830392588417,0.2307951474321377,0.020112108173296,0.0050519402608063,0.0137801051030227,-0.0005110659234007,0.0074508622910373,0.0063292428119854,0.1503392237079476,0.0190648531388786,-0.0017768165832738,0.0044590639390417,0.0146057891998369,0.0185823225416966,0.0047225095514557,0.0138598129902409,0.0244548225754859,0.0136748837022714,0.0015163203961193,0.0074018074819641,76,80,0.5447619047619048,target_prevalence,0.0078211543929386,0.0035037410366382,0.0043174133563004,0.0053233280841429,0.002011829455685,"{""C"": 1.0, ""class_weight"": ""balanced"", ""max_iter"": 5000, ""solver"": ""lbfgs""}",0ec0160f1649f42124ca093cb28e50d00a77309027bbdbb0b9ac6257ff1aa269,0.0763275630936362,0.2011166112786003,-0.124789048184964,0.9199999999999998,0.5999999999999999,0.6666666666666666,0.6666666666666666,0.6454137086146764,0.2817650950858633,5.194110596790837,5.552140836884875,0.3580302400940374,5.3290705182007506e-15,False
16,4,0,3,DDD,B,2013B,2014B,14,lightgbm,source_train_only_activity_types,11,0,,1,clicks_oucollaborate,1197,1050,837,360,160,0.5747702589807853,0.5447619047619048,0.7361624198793849,0.6704069988588817,-0.0657554210205032,0.7857170512983012,0.7020996471187099,0.6416997042460613,0.7406841206156641,0.0989844163696028,0.2149336041990182,0.2504255288857891,0.0354919246867709,0.0467620220390894,0.0063447896724977,-0.0005327852913999,0.0070875408879194,-0.0007427512154216,0.2388518470817426,0.0087758736217748,0.0058259616918861,0.0109002755973305,-0.0021244019755556,0.0083594067188007,0.0109769831057742,-0.0026175763869735,0.0134278975379756,0.0041238497055741,0.0100434364072685,0.0117571147873926,76,80,0.5447619047619048,target_prevalence,0.0057795955782036,0.0054138235998493,0.0003657719783543,-0.0001884896185336,-0.0011085231937759,"{""class_weight"": ""balanced"", ""colsample_bytree"": 1.0, ""deterministic"": true, ""force_col_wise"": true, ""learning_rate"": 0.035, ""min_child_samples"": 12, ""n_estimators"": 180, ""n_jobs"": 1, ""num_leaves"": 15, ""objective"": ""binary"", ""reg_lambda"": 1.0, ""subsample"": 1.0, ""verbosity"": -1}",7340a032adf73dcca6285d723e7b8782f8c2625f4216107ab44a30759e1137a7,0.1003812172738656,0.2362520364836574,-0.1358708192097917,0.8199999999999998,0.5333333333333332,1.0,0.6666666666666666,0.7038029683939876,0.5838227261279871,4.079283867705611,4.021479006044491,-0.0578048616611193,7.105427357601002e-15,False
16,4,0,3,DDD,B,2013B,2014B,56,logistic,source_train_only_activity_types,11,0,,1,clicks_oucollaborate,1085,971,759,326,159,0.5299539170506913,0.5077239958805355,0.7685216668555669,0.7400171437785906,-0.0285045230769762,0.8156199970442526,0.7372606966998998,0.5806125105485309,0.6294031689358172,0.0487906583872862,0.1997227295426565,0.2153200965832326,0.015597367040576,0.0258415504930296,0.0116328948079889,-0.0017470773277784,0.012501636974175,-0.0008687421661861,0.2245548952872644,0.0142507545091335,-0.0028392177862374,0.0188051807077664,-0.0045544261986328,0.0141310247566858,0.018861065574769,-0.0047300408180831,0.0220012604842496,0.0065002485340175,0.0151875669837981,0.0224227944317347,76,80,0.5077239958805355,target_prevalence,0.0172048345117655,0.0135868782300903,0.0036179562816752,0.0013746070577445,-0.0044866984478613,"{""C"": 1.0, ""class_weight"": ""balanced"", ""max_iter"": 5000, ""solver"": ""lbfgs""}",0ec0160f1649f42124ca093cb28e50d00a77309027bbdbb0b9ac6257ff1aa269,0.0624838150499973,0.3165014700883615,-0.2540176550383641,0.8866666666666665,0.3999999999999999,1.0,0.4285714285714285,0.6535837825724213,0.386198833083174,5.446224914404976,5.271538306407764,-0.174686607997212,5.3290705182007506e-15,False
16,4,0,3,DDD,B,2013B,2014B,56,lightgbm,source_train_only_activity_types,11,0,,1,clicks_oucollaborate,1085,971,759,326,159,0.5299539170506913,0.5077239958805355,0.7839737050889721,0.7369342340889609,-0.0470394710000112,0.8378094121905636,0.7548770606314756,0.5608939308818459,0.7202764711127801,0.1593825402309342,0.1935384590568584,0.2394918693715853,0.0459534103147269,0.0191544826022895,0.0253724119754407,0.0016295125437906,0.0143793339432945,0.0109930780321462,0.2404505026838705,0.0330404562206884,0.0001421198425642,0.0152308560892929,0.0178096001313954,0.0331261020301819,0.015179434764333,0.0179466672658488,0.02749631748614,0.0385845949552367,0.0185595298583614,0.0119021823202244,76,80,0.5077239958805355,target_prevalence,0.0277271995055355,0.0070522188594291,0.0206749806461064,0.0158340293391263,-0.0096819026139602,"{""class_weight"": ""balanced"", ""colsample_bytree"": 1.0, ""deterministic"": true, ""force_col_wise"": true, ""learning_rate"": 0.035, ""min_child_samples"": 12, ""n_estimators"": 180, ""n_jobs"": 1, ""num_leaves"": 15, ""objective"": ""binary"", ""reg_lambda"": 1.0, ""subsample"": 1.0, ""verbosity"": -1}",7340a032adf73dcca6285d723e7b8782f8c2625f4216107ab44a30759e1137a7,0.1015967534268127,0.2224154494323231,-0.1208186960055103,0.8799999999999999,0.6266666666666666,1.0,0.4285714285714285,0.8706672413330417,0.2911122527446632,4.034424174621244,4.22945592312573,0.1950317485044861,7.105427357601002e-15,False
16,4,0,4,DDD,J,2013J,2014J,14,logistic,source_train_only_activity_types,10,0,,0,,1675,1479,1172,503,160,0.5068656716417911,0.4645030425963489,0.722438330170778,0.7089729169423492,-0.0134654132284287,0.7372989786720205,0.6713735088723386,0.6152570449260826,0.6271151485465567,0.0118581036204741,0.2129374941640769,0.2172739271678768,0.0043364330037999,0.0388836179633145,0.0042527125481617,-0.0023131938960716,0.0049380760996652,-0.0006853635515035,0.1286272276464899,0.0224210267554695,-0.0021182541414672,0.0089029503843671,0.0135180763711023,0.022538994773285,0.0086094267602209,0.0139295680130641,0.0240826905492718,0.0207593629616671,0.0047684604785365,0.0130374402901977,80,80,0.4645030425963489,target_prevalence,0.0086725973487992,0.0032504262350879,0.0054221711137112,0.0023684037811038,-0.0061075346652148,"{""C"": 1.0, ""class_weight"": ""balanced"", ""max_iter"": 5000, ""solver"": ""lbfgs""}",0ec0160f1649f42124ca093cb28e50d00a77309027bbdbb0b9ac6257ff1aa269,0.0565020575355089,0.2077871167524403,-0.1512850592169313,0.8768115942028986,0.6159420289855072,1.0,0.6666666666666666,0.6962819765428652,0.6660890438480349,4.638410399752583,4.521988083667296,-0.1164223160852877,2.886579864025407e-15,False
16,4,0,4,DDD,J,2013J,2014J,14,lightgbm,source_train_only_activity_types,10,0,,0,,1675,1479,1172,503,160,0.5068656716417911,0.4645030425963489,0.7225490196078432,0.6584660285533648,-0.0640829910544784,0.7176340035879682,0.6304096552434851,0.6276382963052917,0.6765455957400469,0.0489072994347552,0.2169635432050052,0.2378136107620798,0.0208500675570746,0.0227071473750791,0.0071437799939827,-0.000359486950278,0.0041809739833388,0.0029628060106439,0.2612790118235173,0.0084648331633248,0.0005928778086916,0.0078338734686475,0.0006309596946773,0.0084878227385324,0.0078699283269564,0.0006178944115759,0.0087886577512491,0.0081410085754006,0.0083417319013998,0.0073260150358951,80,80,0.4645030425963489,target_prevalence,0.0037381040827993,0.0072806805168533,-0.003542576434054,-0.000289885211705,0.0065053824446979,"{""class_weight"": ""balanced"", ""colsample_bytree"": 1.0, ""deterministic"": true, ""force_col_wise"": true, ""learning_rate"": 0.035, ""min_child_samples"": 12, ""n_estimators"": 180, ""n_jobs"": 1, ""num_leaves"": 15, ""objective"": ""binary"", ""reg_lambda"": 1.0, ""subsample"": 1.0, ""verbosity"": -1}",7340a032adf73dcca6285d723e7b8782f8c2625f4216107ab44a30759e1137a7,0.0683549480098952,0.2048678253251527,-0.1365128773152575,0.9057971014492754,0.5434782608695652,1.0,0.25,0.5224266879786171,0.6572302587119795,2.846888711825089,2.8005812409878432,-0.0463074708372457,5.3290705182007506e-15,False
16,4,0,4,DDD,J,2013J,2014J,56,logistic,source_train_only_activity_types,10,0,,0,,1574,1417,1101,473,160,0.4739517153748411,0.4410726887791108,0.7574225473321858,0.723541414141414,-0.0338811331907717,0.7338056219427751,0.6547932944395076,0.6579411080071109,0.6698319756631196,0.0118908676560086,0.2035521535945522,0.2309189587528603,0.027366805158308,0.0066874641422834,0.0121494533663565,-0.0006117447542027,0.0150394485235672,-0.0028899951572106,0.2054392182504659,0.0120602887068138,1.0353512475358428e-05,0.0223166106214936,-0.0102563219146797,0.0127008615666844,0.0205735139686758,-0.0078726524019913,0.0174955686016442,0.0066250088119834,0.0075263833338122,0.037106837909175,80,80,0.4410726887791108,target_prevalence,0.0203599345079911,0.0138982737809894,0.0064616607270017,0.0017858327848955,-0.0093516558842123,"{""C"": 1.0, ""class_weight"": ""balanced"", ""max_iter"": 5000, ""solver"": ""lbfgs""}",0ec0160f1649f42124ca093cb28e50d00a77309027bbdbb0b9ac6257ff1aa269,0.0502290721712172,0.3005053599574934,-0.2502762877862762,0.9492753623188406,0.463768115942029,0.6666666666666666,0.6666666666666666,0.699393029889801,0.3018849591343771,5.397511585534955,5.447459910449348,0.0499483249143928,3.552713678800501e-15,False
16,4,0,4,DDD,J,2013J,2014J,56,lightgbm,source_train_only_activity_types,10,0,,0,,1574,1417,1101,473,160,0.4739517153748411,0.4410726887791108,0.7645761617900173,0.620220202020202,-0.1443559597698153,0.7634765663056342,0.5654816040178845,0.597492062212544,0.834721575385777,0.2372295131732329,0.1991198926668763,0.3017587436078662,0.1026388509409898,0.0030837636259324,0.2838035747717067,-0.0009939047191387,0.0145019462295588,0.2693016285421479,0.282446843484097,0.2898473577213299,-0.0017470568759297,0.0247389447989543,0.2651084129223756,0.3066191299547432,0.0245738188640254,0.2820453110907178,0.4321563472707108,0.1475383681719491,0.0233378462971924,0.0261400433007162,80,80,0.4410726887791108,target_prevalence,0.206636939622946,0.011013087152811,0.1956238524701349,0.2324627405061414,0.0736777760720129,"{""class_weight"": ""balanced"", ""colsample_bytree"": 1.0, ""deterministic"": true, ""force_col_wise"": true, ""learning_rate"": 0.035, ""min_child_samples"": 12, ""n_estimators"": 180, ""n_jobs"": 1, ""num_leaves"": 15, ""objective"": ""binary"", ""reg_lambda"": 1.0, ""subsample"": 1.0, ""verbosity"": -1}",7340a032adf73dcca6285d723e7b8782f8c2625f4216107ab44a30759e1137a7,0.1436930419141026,0.2469877472921635,-0.1032947053780608,0.8188405797101449,0.4710144927536232,0.4285714285714285,0.4285714285714285,0.3491709456097605,0.6462537564087971,3.480966568264215,3.805380579950792,0.324414011686577,6.661338147750939e-15,False
16,4,0,5,EEE,J,2013J,2014J,14,logistic,source_train_only_activity_types,9,0,,2,clicks_ouwiki|clicks_page,933,1027,653,280,138,0.3483386923901393,0.3339824732229795,0.6989795918367346,0.7157818014423816,0.0168022096056469,0.5598991774541163,0.5366499940331516,0.6657072876842883,0.6503627289620079,-0.0153445587222804,0.2270449697337476,0.218480199991135,-0.0085647697426125,0.0369477461314197,0.0050288079062395,0.0003392056307272,0.0103182143333715,-0.0052894064271319,0.2099431261974659,0.004308522738477,0.0059041422031353,0.0214268918701113,-0.0171183691316342,0.0056948399043359,0.0197420398669868,-0.0140471999626509,0.0084837360209903,0.0001333094559637,0.0163525722008771,0.0265012115393454,80,49,0.3339824732229795,target_prevalence,0.0056965865301479,0.0126902570644731,-0.0069936705343252,-0.0061415384807286,0.0017042641071932,"{""C"": 1.0, ""class_weight"": ""balanced"", ""max_iter"": 5000, ""solver"": ""lbfgs""}",0ec0160f1649f42124ca093cb28e50d00a77309027bbdbb0b9ac6257ff1aa269,0.0824446545269077,0.2494334241698665,-0.1669887696429588,0.8656126482213439,0.5810276679841897,0.6666666666666666,0.25,0.7080438245575373,0.5507827979320221,4.881304751478244,4.794772989997381,-0.0865317614808631,3.552713678800501e-15,False
16,4,0,5,EEE,J,2013J,2014J,14,lightgbm,source_train_only_activity_types,9,0,,2,clicks_ouwiki|clicks_page,933,1027,653,280,138,0.3483386923901393,0.3339824732229795,0.7535882484862078,0.7271537687756807,-0.026434479710527,0.6503773058353743,0.5737328206884598,0.5936108713644959,0.6036720979651632,0.0100612266006673,0.1952581406029453,0.2041064135673801,0.0088482729644347,0.0094752186588921,0.0020563443676604,-0.001069606699092,0.0274545113346683,-0.0253981669670078,0.3609077563339359,-0.0007177483377335,0.0003307706094116,0.0651776652686914,-0.065895413606425,-0.0003862598041181,0.0546450893471877,-0.0550313491513058,0.0002806056916595,-0.0017161023671266,0.0334563882265088,0.0968989423108741,80,49,0.3339824732229795,target_prevalence,0.0055565901154608,0.0234624136064893,-0.0179058234910285,-0.0216519952290182,-0.0074923434759793,"{""class_weight"": ""balanced"", ""colsample_bytree"": 1.0, ""deterministic"": true, ""force_col_wise"": true, ""learning_rate"": 0.035, ""min_child_samples"": 12, ""n_estimators"": 180, ""n_jobs"": 1, ""num_leaves"": 15, ""objective"": ""binary"", ""reg_lambda"": 1.0, ""subsample"": 1.0, ""verbosity"": -1}",7340a032adf73dcca6285d723e7b8782f8c2625f4216107ab44a30759e1137a7,0.0686313323656339,0.3734535311137087,-0.3048221987480748,0.8498023715415021,0.3960403804347979,1.0,0.1111111111111111,0.7792842386538718,0.5415318493399425,3.864966168279516,3.886592938395911,0.021626770116395,7.105427357601002e-15,False
16,4,0,5,EEE,J,2013J,2014J,56,logistic,source_train_only_activity_types,9,0,,2,clicks_ouwiki|clicks_page,906,997,634,272,134,0.3278145695364238,0.3139418254764293,0.6877264075643151,0.765997795340321,0.0782713877760058,0.5424702518335857,0.637051689025114,0.6820601383403719,0.5646529370979421,-0.1174072012424298,0.2341602988139645,0.1902133516368293,-0.0439469471771351,0.0104991711180695,-0.0016650091812037,-0.0029773357463031,0.0197195964639854,-0.0213846056451892,0.2795204652132544,0.0009990465138493,0.0037392356882039,0.0282610793470287,-0.0272620328331794,0.0013632342865442,0.0230418556268706,-0.0216786213403263,0.0019777398005794,2.0353227119240813e-05,0.0142352948483827,0.0422868638456747,80,44,0.3139418254764293,target_prevalence,-0.000343617887155,0.0168011162476556,-0.0171447341348107,-0.01926466989,-0.0042398715103784,"{""C"": 1.0, ""class_weight"": ""balanced"", ""max_iter"": 5000, ""solver"": ""lbfgs""}",0ec0160f1649f42124ca093cb28e50d00a77309027bbdbb0b9ac6257ff1aa269,0.0612009880892452,0.3089061815468295,-0.2477051934575842,0.9130434782608696,0.4466403162055335,1.0,0.4285714285714285,0.5796392035108529,0.6287688458023629,4.7221496974952,4.764081437183776,0.0419317396885761,2.4424906541753444e-15,False
16,4,0,5,EEE,J,2013J,2014J,56,lightgbm,source_train_only_activity_types,9,0,,2,clicks_ouwiki|clicks_page,906,997,634,272,134,0.3278145695364238,0.3139418254764293,0.6917787192239208,0.757272574407264,0.0654938551833432,0.6023616578780846,0.6662314488566574,0.639368803982973,0.5382646309299383,-0.1011041730530347,0.2142269892839911,0.1765112487855095,-0.0377157404984815,0.0412599005341683,0.0130245869300965,-0.0005157355093809,0.0131925066755492,-0.0001679197454527,0.3091552797835485,0.0162472670469787,-0.0015839003069801,0.0194714081543463,-0.0032241411073675,0.0159742055871805,0.0179034628951613,-0.0019292573079808,0.0155134603746907,0.0169810737192667,0.0152578194120083,0.0236849968966842,80,44,0.3139418254764293,target_prevalence,0.0006141423385699,0.0118942083261385,-0.0112800659875685,-0.0057239928665106,0.0111121462421158,"{""class_weight"": ""balanced"", ""colsample_bytree"": 1.0, ""deterministic"": true, ""force_col_wise"": true, ""learning_rate"": 0.035, ""min_child_samples"": 12, ""n_estimators"": 180, ""n_jobs"": 1, ""num_leaves"": 15, ""objective"": ""binary"", ""reg_lambda"": 1.0, ""subsample"": 1.0, ""verbosity"": -1}",7340a032adf73dcca6285d723e7b8782f8c2625f4216107ab44a30759e1137a7,0.0795243159505944,0.2816179866897884,-0.2020936707391939,0.9444444444444444,0.5793650793650793,1.0,0.25,0.5661439972410837,0.6271117311048785,3.694513223313564,3.783398857503624,0.0888856341900594,7.105427357601002e-15,False
16,4,0,6,FFF,B,2013B,2014B,14,logistic,source_train_only_activity_types,13,0,,1,clicks_oucollaborate,1520,1309,1064,456,160,0.4861842105263158,0.5011459129106188,0.7137329637329637,0.7063762932805437,-0.0073566704524199,0.7153264673788158,0.6739338532632311,0.642510554381652,0.6796616299785226,0.0371510755968705,0.2214075231234762,0.2249197222903775,0.0035121991669013,0.01004851004851,0.0116248950656533,-0.0005476826723508,0.009838878141035,0.0017860169246183,0.1516776842360263,0.0111068339518429,-0.0031666829808094,0.0076712051258666,0.0034356288259762,0.0110815448946499,0.0076847620335236,0.0033967828611262,0.0221412925737432,7.23753299427532e-05,0.0017558744182088,0.0135865358335245,80,80,0.5011459129106188,target_prevalence,0.0164751557014656,0.0072542131388675,0.0092209425625981,0.0055034797436082,-0.0074349256379798,"{""C"": 1.0, ""class_weight"": ""balanced"", ""max_iter"": 5000, ""solver"": ""lbfgs""}",0ec0160f1649f42124ca093cb28e50d00a77309027bbdbb0b9ac6257ff1aa269,0.0427503584639558,0.2062428721568844,-0.1634925136929286,0.9088319088319088,0.6581196581196582,1.0,0.6666666666666666,0.7903865086334458,0.6883827301093476,5.737718982509746,5.700004487130655,-0.0377144953790908,1.4210854715202004e-14,True
16,4,0,6,FFF,B,2013B,2014B,14,lightgbm,source_train_only_activity_types,13,0,,1,clicks_oucollaborate,1520,1309,1064,456,160,0.4861842105263158,0.5011459129106188,0.6997189497189498,0.7056269375863744,0.0059079878674246,0.7088726365406849,0.6873070655762615,0.6905138645587542,0.6685089443532168,-0.0220049202055373,0.2350492937282776,0.2290121209119565,-0.0060371728163211,0.0046970046970046,0.0046240777041127,-0.0010234678269214,0.0080029819474871,-0.0033789042433743,0.2177527556268601,0.001517431349985,-0.0020533304703299,0.0064076036800636,-0.0048901723300786,0.0015117772805309,0.0064065929134658,-0.0048948156329348,0.0039844903218078,-0.0009496276218377,0.0068486348389233,0.0059665725212039,80,80,0.5011459129106188,target_prevalence,0.0163996683637714,0.0071769332448495,0.0092227351189219,0.0029219154377737,-0.0126016393622962,"{""class_weight"": ""balanced"", ""colsample_bytree"": 1.0, ""deterministic"": true, ""force_col_wise"": true, ""learning_rate"": 0.035, ""min_child_samples"": 12, ""n_estimators"": 180, ""n_jobs"": 1, ""num_leaves"": 15, ""objective"": ""binary"", ""reg_lambda"": 1.0, ""subsample"": 1.0, ""verbosity"": -1}",7340a032adf73dcca6285d723e7b8782f8c2625f4216107ab44a30759e1137a7,0.0533075999666691,0.1918521930558838,-0.1385445930892147,0.8914285714285712,0.6828571428571428,1.0,0.1111111111111111,0.7520290584415623,0.5370557304884349,3.5810429191420305,3.622958923479655,0.0419160043376245,7.993605777301127e-15,False
16,4,0,6,FFF,B,2013B,2014B,56,logistic,source_train_only_activity_types,13,0,,1,clicks_oucollaborate,1407,1257,984,423,160,0.4442075337597725,0.4797136038186158,0.7967632412856497,0.7513984613121953,-0.0453647799734543,0.757455155407214,0.7158883783122154,0.5521482245478824,0.6494411984380982,0.0972929738902158,0.1864830335253139,0.2144651569971908,0.0279821234718769,0.0195337256677229,0.0287006645521758,0.0017505144449913,0.0123146521024933,0.0163860124496825,0.1983955270182298,0.0145274465809783,-0.0004832823497374,0.0150312722152747,-0.0005038256342964,0.0149610383694902,0.014766509698729,0.0001945286707612,0.0252142088978316,0.003840684264125,0.0085056548957068,0.0215568895348426,80,80,0.4797136038186158,target_prevalence,0.035899202723423,0.0112602224863425,0.0246389802370805,0.0205124963433815,-0.0082529677873979,"{""C"": 1.0, ""class_weight"": ""balanced"", ""max_iter"": 5000, ""solver"": ""lbfgs""}",0ec0160f1649f42124ca093cb28e50d00a77309027bbdbb0b9ac6257ff1aa269,0.0573324741606873,0.264368856566843,-0.2070363824061556,0.8974358974358976,0.6068376068376069,0.6666666666666666,0.4285714285714285,0.4101257935237549,0.4911901875772529,4.22578726874554,4.514813430064003,0.2890261613184632,7.105427357601002e-15,False
16,4,0,6,FFF,B,2013B,2014B,56,lightgbm,source_train_only_activity_types,13,0,,1,clicks_oucollaborate,1407,1257,984,423,160,0.4442075337597725,0.4797136038186158,0.8222725215029425,0.7635991804484206,-0.0586733410545219,0.7968149746462578,0.7523337412335009,0.5092708947247555,0.598741813110886,0.0894709183861305,0.1700128697274608,0.2011621677727655,0.0311492980453047,0.0160706201901312,0.0228904731036618,0.000137562857797,0.0081297503794197,0.0147607227242421,0.2463774984719634,0.0246018302730921,0.0003942538093088,0.0127144468512374,0.0118873834218547,0.0248320127027627,0.0127769267541469,0.0120550859486158,0.0302751501573267,0.0189285103888575,0.0142543926935355,0.0111745010089393,80,80,0.4797136038186158,target_prevalence,0.041082662517332,0.0078039470163071,0.0332787155010248,0.0240197191126335,-0.0185179927767826,"{""class_weight"": ""balanced"", ""colsample_bytree"": 1.0, ""deterministic"": true, ""force_col_wise"": true, ""learning_rate"": 0.035, ""min_child_samples"": 12, ""n_estimators"": 180, ""n_jobs"": 1, ""num_leaves"": 15, ""objective"": ""binary"", ""reg_lambda"": 1.0, ""subsample"": 1.0, ""verbosity"": -1}",7340a032adf73dcca6285d723e7b8782f8c2625f4216107ab44a30759e1137a7,0.0800685710663252,0.2331189282466348,-0.1530503571803095,0.9145299145299146,0.5135525910130956,0.4285714285714285,0.25,0.625477061450451,0.3623678815276416,3.6084080264773903,3.7483295641315664,0.139921537654176,7.105427357601002e-15,False
16,4,0,7,FFF,J,2013J,2014J,14,logistic,source_train_only_activity_types,13,0,,1,clicks_htmlactivity,1998,1886,1398,600,160,0.4519519519519519,0.4077412513255567,0.7101919043506545,0.7325888008121326,0.0223968964614781,0.6556769688611199,0.6253902467998882,0.6739579385710117,0.6302021105835233,-0.0437558279874884,0.2242490064981304,0.2096079694799035,-0.0146410370182268,0.0031180251012236,0.046378222716462,-0.0016539928444311,0.0081115854383388,0.0382666372781231,0.2252869267192381,0.0469739501593734,0.0028455151416846,0.0147362259168152,0.0322377242425581,0.0505077721450534,0.0137298115170741,0.0367779606279793,0.0661256405760186,0.0278222597427282,0.0092819225894825,0.0201905292441479,80,80,0.4077412513255567,target_prevalence,0.0132343881039438,0.0070744288803549,0.0061599592235889,0.022213298250856,0.0321066780545342,"{""C"": 1.0, ""class_weight"": ""balanced"", ""max_iter"": 5000, ""solver"": ""lbfgs""}",0ec0160f1649f42124ca093cb28e50d00a77309027bbdbb0b9ac6257ff1aa269,0.0523687570694591,0.2899819099882759,-0.2376131529188168,0.9544159544159546,0.4415954415954416,1.0,0.6666666666666666,0.2496054166009597,0.5311351012333432,4.180555081369995,4.460860554724055,0.2803054733540602,3.552713678800501e-15,False
16,4,0,7,FFF,J,2013J,2014J,14,lightgbm,source_train_only_activity_types,13,0,,1,clicks_htmlactivity,1998,1886,1398,600,160,0.4519519519519519,0.4077412513255567,0.6990993618142869,0.7220884707668344,0.0229891089525474,0.6510547682783234,0.6410305091951884,0.6617342581464577,0.6220938876520518,-0.0396403704944059,0.2266456903019473,0.2115595561990336,-0.0150861341029137,0.0145694770017608,0.0264069699325147,-6.505297282771716e-05,0.0112150514346078,0.0151919184979069,0.2761881489788348,0.0279564602322903,-0.0012484426932881,0.0134243259038091,0.0145321343284811,0.0302490076114412,0.0136422609856598,0.0166067466257814,0.0403810129825164,0.0155319074820642,0.0146054338474019,0.0122432179602164,80,80,0.4077412513255567,target_prevalence,0.017077988065162,0.0106075684010568,0.0064704196641052,0.010831169081006,0.0087214988338016,"{""class_weight"": ""balanced"", ""colsample_bytree"": 1.0, ""deterministic"": true, ""force_col_wise"": true, ""learning_rate"": 0.035, ""min_child_samples"": 12, ""n_estimators"": 180, ""n_jobs"": 1, ""num_leaves"": 15, ""objective"": ""binary"", ""reg_lambda"": 1.0, ""subsample"": 1.0, ""verbosity"": -1}",7340a032adf73dcca6285d723e7b8782f8c2625f4216107ab44a30759e1137a7,0.0900362993093829,0.2209118073898031,-0.1308755080804202,0.8974358974358976,0.6581196581196582,0.6666666666666666,0.25,0.7093744589184655,0.5303504221067868,2.968658180279504,3.1264026391043744,0.1577444588248706,5.773159728050814e-15,False
16,4,0,7,FFF,J,2013J,2014J,56,logistic,source_train_only_activity_types,14,0,,1,clicks_htmlactivity,1915,1793,1340,575,160,0.4281984334203655,0.3770217512548801,0.7975758025057454,0.7849149507609668,-0.0126608517447786,0.7450369420768675,0.6808312299530648,0.5648388458699216,0.5841293137429929,0.0192904678730713,0.1891510015227022,0.1942456809331963,0.0050946794104941,0.0006548545728617,0.0176167565861752,0.0044074612586915,0.0205799223919813,-0.002963165805806,0.195280840336679,0.015610040075941,-0.0027280330060031,0.022916410294425,-0.007306370218484,0.0170870982452395,0.0208205704808433,-0.0037334722356037,0.0216154035624541,0.0096046765894279,0.0143952293743523,0.0314375912144978,80,80,0.3770217512548801,target_prevalence,0.0237316384153666,0.0146093560327084,0.0091222823826582,0.003079558288426,-0.0120854481884643,"{""C"": 1.0, ""class_weight"": ""balanced"", ""max_iter"": 5000, ""solver"": ""lbfgs""}",0ec0160f1649f42124ca093cb28e50d00a77309027bbdbb0b9ac6257ff1aa269,0.0799373938689382,0.3283268347082766,-0.2483894408393383,0.9206349206349208,0.3015873015873015,1.0,0.6666666666666666,0.5205283064593653,0.2355798430639488,6.273884606834368,6.060389916554852,-0.213494690279516,7.105427357601002e-15,False
16,4,0,7,FFF,J,2013J,2014J,56,lightgbm,source_train_only_activity_types,14,0,,1,clicks_htmlactivity,1915,1793,1340,575,160,0.4281984334203655,0.3770217512548801,0.7902241332443719,0.7687593035020898,-0.0214648297422821,0.7464534338263216,0.7025613651018898,0.557822534930872,0.5550118447743939,-0.002810690156478,0.1866320557020752,0.1876632536563671,0.0010311979542919,0.0033484073442558,0.0161937520132993,-0.0011608274824818,0.0098853528631071,0.0063083991501921,0.2485758013063292,0.0293988167935042,-0.0012407838749146,0.0185256979640769,0.0108731188294272,0.0327255007923764,0.0190823079184195,0.0136431928739568,0.0429243143217986,0.0158733192652097,0.0207887402501003,0.0162626556780535,80,80,0.3770217512548801,target_prevalence,0.0418961585142615,0.0103828416129513,0.0315133169013101,0.0189108580257511,-0.0252049177511179,"{""class_weight"": ""balanced"", ""colsample_bytree"": 1.0, ""deterministic"": true, ""force_col_wise"": true, ""learning_rate"": 0.035, ""min_child_samples"": 12, ""n_estimators"": 180, ""n_jobs"": 1, ""num_leaves"": 15, ""objective"": ""binary"", ""reg_lambda"": 1.0, ""subsample"": 1.0, ""verbosity"": -1}",7340a032adf73dcca6285d723e7b8782f8c2625f4216107ab44a30759e1137a7,0.071746672542645,0.2597934513500756,-0.1880467788074305,0.8620689655172413,0.569150949071821,0.6666666666666666,0.25,0.4406197057899514,0.6421148078469998,3.333132435346595,3.3783449882711607,0.0452125529245655,6.217248937900877e-15,False
16,4,0,8,GGG,J,2013J,2014J,14,logistic,source_train_only_activity_types,6,0,,1,clicks_quiz,926,719,648,278,134,0.3606911447084233,0.3824756606397774,0.5643820224719102,0.5988370188370188,0.0344549963651086,0.4120561614283079,0.4556692608537613,0.7841400374960097,0.8212275514042898,0.0370875139082801,0.2725525404205822,0.2691349810806817,-0.0034175593399005,0.0164044943820225,0.016080544711422,-0.0008457773961511,0.0227511136827045,-0.0066705689712824,0.247662035710952,0.0131673568554589,-0.0017762523064905,0.027061820753033,-0.013894463897574,0.0167025702818641,0.0248655844976171,-0.008163014215753,0.0282077027346621,-0.0018729890237442,0.0177180700569146,0.0364055714491514,80,50,0.3824756606397774,target_prevalence,0.0210791136619422,0.0293803636015948,-0.0083012499396525,-0.0074859094554675,0.0016306809683701,"{""C"": 1.0, ""class_weight"": ""balanced"", ""max_iter"": 5000, ""solver"": ""lbfgs""}",0ec0160f1649f42124ca093cb28e50d00a77309027bbdbb0b9ac6257ff1aa269,0.0992651003108129,0.2788995529172854,-0.1796344526064725,0.8947368421052632,0.6210526315789474,0.6666666666666666,0.6666666666666666,0.5021768518694284,0.3367794717068038,4.419320137622109,5.807104507593549,1.38778436997144,1.4210854715202004e-14,False
16,4,0,8,GGG,J,2013J,2014J,14,lightgbm,source_train_only_activity_types,6,0,,1,clicks_quiz,926,719,648,278,134,0.3606911447084233,0.3824756606397774,0.6202247191011235,0.6043857493857494,-0.0158389697153741,0.4436381992106566,0.4986786477457794,0.7113109664490774,0.9293370969292502,0.2180261304801727,0.2465098496938777,0.3155729589760456,0.0690631092821678,0.0373595505617977,0.0604052016182323,-0.001269824412363,0.0066915182096304,0.0537136834086018,0.3369625548399289,0.1438949674422423,-0.0029220989578667,0.0092302377047871,0.1346647297374552,0.1407254732280738,0.0085445382199309,0.1321809350081428,0.1304105512293008,0.1573793836551839,0.0063129718490974,0.0121475035604767,80,50,0.3824756606397774,target_prevalence,0.0157868082594315,0.0140702645608127,0.0017165436986188,0.0277151135536103,0.051997139709983,"{""class_weight"": ""balanced"", ""colsample_bytree"": 1.0, ""deterministic"": true, ""force_col_wise"": true, ""learning_rate"": 0.035, ""min_child_samples"": 12, ""n_estimators"": 180, ""n_jobs"": 1, ""num_leaves"": 15, ""objective"": ""binary"", ""reg_lambda"": 1.0, ""subsample"": 1.0, ""verbosity"": -1}",7340a032adf73dcca6285d723e7b8782f8c2625f4216107ab44a30759e1137a7,0.1740304129716368,0.239853406662919,-0.0658229936912822,0.8842105263157894,0.5578947368421052,0.4285714285714285,0.25,0.8430454581505187,0.6077629961293237,2.9768895776758115,3.777617130231852,0.8007275525560407,1.021405182655144e-14,True
16,4,0,8,GGG,J,2013J,2014J,56,logistic,source_train_only_activity_types,6,0,,1,clicks_quiz,919,698,643,276,136,0.3558215451577802,0.3638968481375358,0.6493923412061453,0.6797013548982053,0.0303090136920599,0.5031225724776467,0.5642331320868211,0.6652340002074482,0.6486844656499746,-0.0165495345574735,0.2350005361868445,0.227120915652337,-0.0078796205345074,0.0209814262783766,0.0430839309892295,-0.0018021171200202,0.0048099336471361,0.0382739973420934,0.1830059651531165,0.0204447235583833,0.0001421179752555,0.0099902362662297,0.0104544872921535,0.0214506422647144,0.0099102593321578,0.0115403829325565,0.0241401512269049,0.0167492958898616,0.0096964262663236,0.0102840462661358,80,49,0.3638968481375358,target_prevalence,0.0456103563387121,0.0041115482757759,0.0414988080629362,0.0398864027025148,-0.0032248107208427,"{""C"": 1.0, ""class_weight"": ""balanced"", ""max_iter"": 5000, ""solver"": ""lbfgs""}",0ec0160f1649f42124ca093cb28e50d00a77309027bbdbb0b9ac6257ff1aa269,0.1099821037062012,0.2099060652082984,-0.0999239615020971,0.8526315789473685,0.631578947368421,0.6666666666666666,1.0,0.1215836578054046,0.8562936239199145,3.841235732085682,5.244476634222687,1.4032409021370045,2.997602166487923e-15,False
16,4,0,8,GGG,J,2013J,2014J,56,lightgbm,source_train_only_activity_types,6,0,,1,clicks_quiz,919,698,643,276,136,0.3558215451577802,0.3638968481375358,0.6308759458839716,0.6297793856848974,-0.0010965601990741,0.5184076251452585,0.4993373160298305,0.7214310381659006,0.91281175690256,0.1913807187366595,0.2449326392427638,0.310596542963491,0.0656639037207272,0.0048154093097914,0.0591309491592432,-0.0014811724933609,0.0078676444626413,0.0512633046966018,0.3246449736836254,0.0821245475380926,-0.002584606225162,0.0112342593245357,0.0708902882135569,0.0822902950628659,0.0121501170930948,0.0701401779697711,0.0827334516027861,0.0815156434733992,0.0145988315479792,0.0078696871010922,80,49,0.3638968481375358,target_prevalence,0.0148172845191836,0.0123310847867976,0.0024861997323859,0.0268747522144938,0.0487771049642158,"{""class_weight"": ""balanced"", ""colsample_bytree"": 1.0, ""deterministic"": true, ""force_col_wise"": true, ""learning_rate"": 0.035, ""min_child_samples"": 12, ""n_estimators"": 180, ""n_jobs"": 1, ""num_leaves"": 15, ""objective"": ""binary"", ""reg_lambda"": 1.0, ""subsample"": 1.0, ""verbosity"": -1}",7340a032adf73dcca6285d723e7b8782f8c2625f4216107ab44a30759e1137a7,0.2143743600662746,0.2373539441989184,-0.0229795841326438,0.936842105263158,0.631578947368421,1.0,0.4285714285714285,0.2207251471785107,0.7237258387472697,3.139751407517416,3.735574154397079,0.5958227468796631,1.6875389974302383e-14,True
17,4,1,0,AAA,J,2013J,2014J,14,logistic,source_train_only_activity_types,9,0,,0,,370,350,259,111,53,0.2486486486486486,0.2771428571428571,0.6587779690189329,0.5987531070453527,-0.0600248619735802,0.4009350393342932,0.3476513288661411,0.6567298528015652,0.7663533906824899,0.1096235378809247,0.2277131589522612,0.2657354518391267,0.0380222928868655,0.0236660929432013,0.0064396456183958,-0.0054826680598838,0.0107159392518854,-0.0042762936334895,0.3138936243904205,-0.0058637370959208,-0.0041184989364396,0.0176058866506238,-0.0234696237465447,-0.0059182691573883,0.012196033061074,-0.0181143022184623,-0.005986084669726,-0.0057413895221156,0.0054683946227876,0.02974337867846,41,14,0.2771428571428571,target_prevalence,0.0085474551647902,0.009479351986886,-0.0009318968220957,-0.0026040952277926,-0.0033443968113938,"{""C"": 1.0, ""class_weight"": ""balanced"", ""max_iter"": 5000, ""solver"": ""lbfgs""}",0ec0160f1649f42124ca093cb28e50d00a77309027bbdbb0b9ac6257ff1aa269,0.1101463536442137,0.3409972306979113,-0.2308508770536975,0.8498023715415021,0.3438735177865613,1.0,0.25,0.5675032146299627,0.43061244619856,5.2766650040199945,6.567114914104675,1.2904499100846802,3.1086244689504387e-15,False
17,4,1,0,AAA,J,2013J,2014J,14,lightgbm,source_train_only_activity_types,9,0,,0,,370,350,259,111,53,0.2486486486486486,0.2771428571428571,0.596815834767642,0.6276842834440325,0.0308684486763904,0.3045791104767824,0.3956823937745422,0.8495946318973786,0.7634781689757552,-0.0861164629216234,0.2453776767719801,0.2263979346292056,-0.0189797421427744,0.076592082616179,0.0217616215221612,-0.0050545423715777,0.0162465053894805,0.0055151161326806,0.3340051780619016,-0.0108648488198828,-0.0037608120551669,0.0201600783419803,-0.0310249271618631,-0.0088792838109316,0.0177559939114617,-0.0266352777223934,-0.0064100555305693,-0.0153196421091962,0.014766299170945,0.0255538575130157,41,14,0.2771428571428571,target_prevalence,0.0076789523909858,0.0105321596222241,-0.0028532072312383,0.0013309544507211,0.0083683233639189,"{""class_weight"": ""balanced"", ""colsample_bytree"": 1.0, ""deterministic"": true, ""force_col_wise"": true, ""learning_rate"": 0.035, ""min_child_samples"": 12, ""n_estimators"": 180, ""n_jobs"": 1, ""num_leaves"": 15, ""objective"": ""binary"", ""reg_lambda"": 1.0, ""subsample"": 1.0, ""verbosity"": -1}",7340a032adf73dcca6285d723e7b8782f8c2625f4216107ab44a30759e1137a7,0.1290055112623166,0.3411793751336507,-0.212173863871334,0.808,0.4143459179025898,0.4285714285714285,0.25,0.4121737200730009,0.6432554836962842,4.253078293724333,4.641211683454536,0.3881333897302026,9.769962616701378e-15,True
17,4,1,0,AAA,J,2013J,2014J,56,logistic,source_train_only_activity_types,9,0,,0,,365,342,255,110,52,0.2383561643835616,0.260233918128655,0.6854395604395606,0.6809521694719545,-0.004487390967606,0.4155737829342776,0.4311096116862202,0.6187171144195285,0.6548112015447419,0.0360940871252134,0.2042148121390092,0.2161963532249289,0.0119815410859197,0.0036630036630037,-0.0019529181962213,-4.134964816449038e-05,0.0269975943786985,-0.0289505125749199,0.3011498287963593,0.0062709254009535,-0.0006807515803755,0.0290092823873232,-0.0227383569863696,0.003607174104292,0.0283487857437938,-0.0247416116395018,0.0007160294042569,0.0118258213976502,0.027631905240451,0.0303866595341953,42,13,0.260233918128655,target_prevalence,0.0046668635824033,0.0190553429367366,-0.0143884793543332,-0.0216694959646266,-0.0145620332205866,"{""C"": 1.0, ""class_weight"": ""balanced"", ""max_iter"": 5000, ""solver"": ""lbfgs""}",0ec0160f1649f42124ca093cb28e50d00a77309027bbdbb0b9ac6257ff1aa269,0.082157922597466,0.391844983500407,-0.309687060902941,0.8893280632411068,0.391304347826087,0.6666666666666666,0.4285714285714285,0.4836697985003831,0.265174442968569,5.560155862733386,6.391279155438269,0.8311232927048833,2.220446049250313e-15,False
17,4,1,0,AAA,J,2013J,2014J,56,lightgbm,source_train_only_activity_types,9,0,,0,,365,342,255,110,52,0.2383561643835616,0.260233918128655,0.5837912087912088,0.6578140960163432,0.0740228872251343,0.275328276597487,0.3830516868844864,0.7268681026191632,0.6643728156538734,-0.0624952869652898,0.2317554067908665,0.2066006104946864,-0.02515479629618,0.0792124542124542,-0.0007090179907717,-8.948097601291227e-05,0.0216643671912326,-0.0223733851820043,0.325622102966415,0.0160272337357851,-0.009265661273698,0.0268698778117651,-0.0108426440759799,0.008374357971258,0.0300605120094574,-0.0216861540381994,6.81879341493663e-05,0.031986279537421,0.0335235174191478,0.0202162382043824,42,13,0.260233918128655,target_prevalence,0.0018605745989748,0.0194141856540295,-0.0175536110550547,-0.0199634981185295,-0.0048197741269496,"{""class_weight"": ""balanced"", ""colsample_bytree"": 1.0, ""deterministic"": true, ""force_col_wise"": true, ""learning_rate"": 0.035, ""min_child_samples"": 12, ""n_estimators"": 180, ""n_jobs"": 1, ""num_leaves"": 15, ""objective"": ""binary"", ""reg_lambda"": 1.0, ""subsample"": 1.0, ""verbosity"": -1}",7340a032adf73dcca6285d723e7b8782f8c2625f4216107ab44a30759e1137a7,0.0666891841899539,0.3480331061526059,-0.281343921962652,0.8260869565217391,0.3280632411067194,1.0,0.1111111111111111,0.6943440216338983,0.6552677825339381,4.6903192683853066,4.503277405874316,-0.1870418625109904,7.993605777301127e-15,False
17,4,1,1,BBB,B,2013B,2014B,14,logistic,source_train_only_activity_types,10,0,,1,clicks_oucollaborate,1606,1289,1124,482,160,0.5006226650062267,0.4375484871993794,0.7389679929753274,0.5934238200048911,-0.1455441729704363,0.72338587284443,0.4887927221683537,0.6321069477173155,0.9961153653672123,0.3640084176498969,0.2146063514096808,0.3061517292819408,0.09154537787226,0.0064048484013705,0.0353015290290429,0.0028037301002301,0.0077206684978899,0.027580860531153,0.1807504101695528,0.0289551296338798,-0.00225033839543,0.010534459134804,0.0184206704990758,0.0318253648313062,0.0099837861221253,0.0218415787091809,0.0519348387611012,0.0059754205066584,0.0061256547041029,0.0149432635655051,80,80,0.4375484871993794,target_prevalence,0.0272978000551328,0.0121700788353437,0.0151277212197891,0.0213542908754711,0.0124531393113638,"{""C"": 1.0, ""class_weight"": ""balanced"", ""max_iter"": 5000, ""solver"": ""lbfgs""}",0ec0160f1649f42124ca093cb28e50d00a77309027bbdbb0b9ac6257ff1aa269,0.2242297045295566,0.2642996834765849,-0.0400699789470282,0.8478260869565217,0.5144927536231884,0.6666666666666666,0.25,0.5516931933515461,0.6823459897210654,5.418457563619818,5.978959825130026,0.5605022615102087,5.3290705182007506e-15,False
17,4,1,1,BBB,B,2013B,2014B,14,lightgbm,source_train_only_activity_types,10,0,,1,clicks_oucollaborate,1606,1289,1124,482,160,0.5006226650062267,0.4375484871993794,0.7390885143162136,0.6934103692834434,-0.0456781450327702,0.7344431491491253,0.6383096481203403,0.6300035305879056,0.6844252677236315,0.0544217371357259,0.2137939264774548,0.2366362007315566,0.0228422742541017,0.0089357965599765,-0.0002416922512037,-0.0021479780226905,0.0111286232754481,-0.0113703155266518,0.2801040814714789,0.0084352318529378,0.0029600660805831,0.0175064722596739,-0.009071240406736,0.009335917240367,0.0177505890415041,-0.008414671801137,0.0156463092715482,0.0012241544343273,0.0194609227676186,0.0155520217517291,80,80,0.4375484871993794,target_prevalence,0.0062545086355765,0.0076419012827541,-0.0013873926471775,-0.0063788540869147,-0.0099829228794742,"{""class_weight"": ""balanced"", ""colsample_bytree"": 1.0, ""deterministic"": true, ""force_col_wise"": true, ""learning_rate"": 0.035, ""min_child_samples"": 12, ""n_estimators"": 180, ""n_jobs"": 1, ""num_leaves"": 15, ""objective"": ""binary"", ""reg_lambda"": 1.0, ""subsample"": 1.0, ""verbosity"": -1}",7340a032adf73dcca6285d723e7b8782f8c2625f4216107ab44a30759e1137a7,0.0453788235345816,0.2024807136640527,-0.1571018901294711,0.927536231884058,0.7246376811594203,1.0,0.6666666666666666,0.7901071245336289,0.5847466134039018,3.131726211524657,3.098313960666027,-0.03341225085863,6.661338147750939e-15,False
17,4,1,1,BBB,B,2013B,2014B,56,logistic,source_train_only_activity_types,10,0,,1,clicks_oucollaborate,1470,1247,1029,441,160,0.454421768707483,0.4170008019246191,0.7655186721991702,0.7471828377949423,-0.0183358344042279,0.7567555949601082,0.713311868917744,0.6077847360957769,0.7358622464468674,0.1280775103510905,0.1989014667532389,0.2159905090842177,0.0170890423309788,0.0016390041493774,0.0449104680389935,-0.0003388461927674,0.0245670901330365,0.0203433779059569,0.2249434772867571,0.0569657788501975,0.0003708649212143,0.0302211249949902,0.0267446538552073,0.0634516223753735,0.0277075380998665,0.035744084275507,0.096037502888335,0.01789405481206,0.0150788889649455,0.0453633610250349,80,80,0.4170008019246191,target_prevalence,0.0481194676078319,0.0215435075155707,0.0265759600922612,0.0234596689991091,-0.0062325821863042,"{""C"": 1.0, ""class_weight"": ""balanced"", ""max_iter"": 5000, ""solver"": ""lbfgs""}",0ec0160f1649f42124ca093cb28e50d00a77309027bbdbb0b9ac6257ff1aa269,0.2351454505390282,0.2518546432428168,-0.0167091927037885,0.8260869565217391,0.572463768115942,0.6666666666666666,0.25,0.8017757310374087,0.4502083830143699,6.036995151976051,7.371144234659686,1.3341490826836342,7.105427357601002e-15,False
17,4,1,1,BBB,B,2013B,2014B,56,lightgbm,source_train_only_activity_types,10,0,,1,clicks_oucollaborate,1470,1247,1029,441,160,0.454421768707483,0.4170008019246191,0.7519294605809129,0.7469791556449052,-0.0049503049360076,0.7438625075895848,0.7321313609706719,0.6106901511784535,0.6112345996478638,0.0005444484694102,0.2043279141516971,0.2078747906363877,0.0035468764846905,0.0062863070539419,0.0114507956984234,0.0005337729885664,0.007602467839354,0.0038483278590693,0.2369443276551346,0.0143357430641594,-0.0016650288178424,0.0109109362073776,0.0034248068567817,0.0158237295589739,0.0105037765470401,0.0053199530119337,0.0232996037358201,0.0053718823924986,0.0084581434709484,0.0133637289438068,80,80,0.4170008019246191,target_prevalence,0.0112530676546894,0.0121975306134471,-0.0009444629587577,0.0014519324501558,0.004792790817827,"{""class_weight"": ""balanced"", ""colsample_bytree"": 1.0, ""deterministic"": true, ""force_col_wise"": true, ""learning_rate"": 0.035, ""min_child_samples"": 12, ""n_estimators"": 180, ""n_jobs"": 1, ""num_leaves"": 15, ""objective"": ""binary"", ""reg_lambda"": 1.0, ""subsample"": 1.0, ""verbosity"": -1}",7340a032adf73dcca6285d723e7b8782f8c2625f4216107ab44a30759e1137a7,0.0806538009609034,0.1470633467849684,-0.066409545824065,0.9347826086956522,0.7971014492753623,1.0,1.0,0.6550724542390679,0.4894575410738285,3.6404221351448944,3.670893578008921,0.0304714428640267,1.0658141036401504e-14,True
17,4,1,2,BBB,J,2013J,2014J,14,logistic,source_train_only_activity_types,10,0,,0,,1851,1791,1295,556,160,0.4219340896812534,0.3618090452261306,0.7080930602505467,0.6221086754587776,-0.0859843847917691,0.6134042222724769,0.4661854567743145,0.6415096460053313,0.7199080159273636,0.0783983699220323,0.2206397719692371,0.2548223649393625,0.0341825929701254,0.0048253463246503,0.0437496721021833,-0.0006975165567596,0.0102192658455944,0.0335304062565889,0.2123872780742259,0.0361128394616331,0.00444161410181,0.0154393037453593,0.0206735357162737,0.0385793596832036,0.0147799560178363,0.0237994036653672,0.0450371580814972,0.0271885208417689,0.0130536637857761,0.0178249437049426,80,80,0.3618090452261306,target_prevalence,0.0227940153607315,0.0102732276391637,0.0125207877215678,0.0230255969890784,0.0210096185350211,"{""C"": 1.0, ""class_weight"": ""balanced"", ""max_iter"": 5000, ""solver"": ""lbfgs""}",0ec0160f1649f42124ca093cb28e50d00a77309027bbdbb0b9ac6257ff1aa269,0.2122951439034525,0.2869571269219914,-0.0746619830185388,0.7898550724637681,0.5869565217391304,0.4285714285714285,0.6666666666666666,0.4392558398061827,0.5507591850544925,3.4637525060570558,4.082456646509131,0.6187041404520759,5.3290705182007506e-15,False
17,4,1,2,BBB,J,2013J,2014J,14,lightgbm,source_train_only_activity_types,10,0,,0,,1851,1791,1295,556,160,0.4219340896812534,0.3618090452261306,0.6925167362630078,0.6441483587699686,-0.0483683774930392,0.6277389192585656,0.4811429730856069,0.637173990684369,0.6763025453301048,0.0391285546457358,0.2217188784263633,0.2390045552857514,0.017285676859388,0.0020414926758137,0.0262427437628036,-0.0006530929785176,0.0057631015699042,0.0204796421928994,0.2658130476117219,0.0329856083660101,-0.0015378907883517,0.0109650749053919,0.0220205334606182,0.0338520788791397,0.0115756931557672,0.0222763857233725,0.0361206562226062,0.0298505605094141,0.0131744027567497,0.0087557470540341,80,80,0.3618090452261306,target_prevalence,0.0570580806200449,0.0075871239479991,0.0494709566720458,0.0349752994324726,-0.0289913144791463,"{""class_weight"": ""balanced"", ""colsample_bytree"": 1.0, ""deterministic"": true, ""force_col_wise"": true, ""learning_rate"": 0.035, ""min_child_samples"": 12, ""n_estimators"": 180, ""n_jobs"": 1, ""num_leaves"": 15, ""objective"": ""binary"", ""reg_lambda"": 1.0, ""subsample"": 1.0, ""verbosity"": -1}",7340a032adf73dcca6285d723e7b8782f8c2625f4216107ab44a30759e1137a7,0.0965193600402593,0.1860611701117215,-0.0895418100714621,0.8188405797101449,0.7028985507246377,0.6666666666666666,0.6666666666666666,0.5311821658158287,0.5621761896561783,2.7011189418994883,2.8039706147289487,0.1028516728294604,5.773159728050814e-15,False
17,4,1,2,BBB,J,2013J,2014J,56,logistic,source_train_only_activity_types,10,0,,0,,1785,1750,1249,536,160,0.3994397759103641,0.3417142857142857,0.7676612294653742,0.686698717948718,-0.0809625115166562,0.700151252390513,0.5348731635751651,0.5774296716330064,0.7284133840876987,0.1509837124546923,0.196411470878836,0.2265635468482566,0.0301520759694206,0.0189382945376443,0.0450223338712652,0.0002536679546604,0.0086331694781955,0.0363891643930697,0.1819917510989469,0.0546390516268668,-2.825916669829676e-05,0.0116078999401408,0.043031151686726,0.062793587056437,0.0100206528382326,0.0527729342182044,0.0803979631823684,0.0288801400713652,0.0065940327409724,0.0166217671393092,80,80,0.3417142857142857,target_prevalence,0.0991135587356504,0.0052414281481457,0.0938721305875047,0.0651306474902872,-0.0574829661944349,"{""C"": 1.0, ""class_weight"": ""balanced"", ""max_iter"": 5000, ""solver"": ""lbfgs""}",0ec0160f1649f42124ca093cb28e50d00a77309027bbdbb0b9ac6257ff1aa269,0.2920456985106214,0.2015255675576075,0.0905201309530139,0.7246376811594203,0.6449275362318841,0.6666666666666666,0.6666666666666666,0.3851507031810345,0.5626196277938731,3.2122248291429534,4.369825313197485,1.157600484054532,7.105427357601002e-15,False
17,4,1,2,BBB,J,2013J,2014J,56,lightgbm,source_train_only_activity_types,10,0,,0,,1785,1750,1249,536,160,0.3994397759103641,0.3417142857142857,0.7808527311778024,0.6634281517094018,-0.1174245794684005,0.7620643228412585,0.5268316958052175,0.5367535726234257,0.8229345504376674,0.2861809778142417,0.1804054109043116,0.2921556790399063,0.1117502681355946,0.0304899286004528,0.081491013040624,0.0017021683501605,0.0041682377099845,0.0773227753306394,0.2357706690375245,0.1078179770454715,0.0015841623033941,0.0038200479879328,0.1039979290575386,0.1341095800131502,0.0021818716819176,0.1319277083312326,0.1908690694523989,0.0247668846385441,-0.0013546966610322,0.0089947926368979,80,80,0.3417142857142857,target_prevalence,0.1431671274380909,0.0044891607201665,0.1386779667179244,0.1080003710242819,-0.0613551913872849,"{""class_weight"": ""balanced"", ""colsample_bytree"": 1.0, ""deterministic"": true, ""force_col_wise"": true, ""learning_rate"": 0.035, ""min_child_samples"": 12, ""n_estimators"": 180, ""n_jobs"": 1, ""num_leaves"": 15, ""objective"": ""binary"", ""reg_lambda"": 1.0, ""subsample"": 1.0, ""verbosity"": -1}",7340a032adf73dcca6285d723e7b8782f8c2625f4216107ab44a30759e1137a7,0.177308159323323,0.1883837854718118,-0.0110756261484887,0.6376811594202899,0.6449275362318841,0.4285714285714285,0.4285714285714285,0.6799062940206405,0.6657028309350872,2.946603683647653,3.13590774035332,0.1893040567056672,1.0880185641326534e-14,False
17,4,1,3,DDD,B,2013B,2014B,14,logistic,source_train_only_activity_types,11,0,,1,clicks_oucollaborate,1197,1050,837,360,160,0.5747702589807853,0.5447619047619048,0.7251113005588711,0.6845137080492729,-0.0405975925095981,0.7579755800742205,0.7059020042012012,0.6203271489162756,0.6921998486286987,0.071872699712423,0.2120925447536887,0.2371018469440991,0.0250093021904104,0.0189132013513938,0.0151255930795071,0.0003737012288574,0.0081024417072768,0.0070231513722303,0.1884588848809726,0.0173440840238892,0.0026942449390255,0.0138036375998613,0.0035404464240278,0.0170351727207186,0.0145414166552013,0.0024937560655172,0.0207946890061135,0.0138934790416648,0.0055624885774457,0.0220447866222768,76,80,0.5447619047619048,target_prevalence,0.0156590234596089,0.0071651619361519,0.0084938615234569,0.0077585064478436,-0.0014707101512266,"{""C"": 1.0, ""class_weight"": ""balanced"", ""max_iter"": 5000, ""solver"": ""lbfgs""}",0ec0160f1649f42124ca093cb28e50d00a77309027bbdbb0b9ac6257ff1aa269,0.0488457058277948,0.2577465163976457,-0.2089008105698509,0.9333333333333332,0.5733333333333333,0.6666666666666666,1.0,0.3060910248400307,0.355275862060339,5.362447041904399,4.75028693047185,-0.6121601114325488,1.4210854715202004e-14,False
17,4,1,3,DDD,B,2013B,2014B,14,lightgbm,source_train_only_activity_types,11,0,,1,clicks_oucollaborate,1197,1050,837,360,160,0.5747702589807853,0.5447619047619048,0.7217328155094566,0.6711896889721158,-0.0505431265373407,0.7542083231256462,0.6928273051420341,0.6641952162726861,0.7255319647059754,0.0613367484332892,0.22131062261799,0.2498634767142169,0.0285528540962269,0.004799343247766,0.0066574957292749,0.0004841540883572,0.0098156671953707,-0.0031581714660957,0.2533816960236877,0.0047325164262966,0.0010742512185181,0.0164565844382981,-0.0117240680120014,0.004271258756608,0.0165731224432469,-0.0123018636866389,0.0098848627366483,-0.0004198298840549,0.0151548301276999,0.0177583387488964,76,80,0.5447619047619048,target_prevalence,0.0074026024596646,0.0095898833619657,-0.002187280902301,-0.0026727261841984,-0.0009708905637946,"{""class_weight"": ""balanced"", ""colsample_bytree"": 1.0, ""deterministic"": true, ""force_col_wise"": true, ""learning_rate"": 0.035, ""min_child_samples"": 12, ""n_estimators"": 180, ""n_jobs"": 1, ""num_leaves"": 15, ""objective"": ""binary"", ""reg_lambda"": 1.0, ""subsample"": 1.0, ""verbosity"": -1}",7340a032adf73dcca6285d723e7b8782f8c2625f4216107ab44a30759e1137a7,0.0959070142345726,0.262466105307477,-0.1665590910729044,0.8599999999999999,0.4733333333333333,0.6666666666666666,0.6666666666666666,0.689908454475047,0.5409821906189655,3.8662409243704703,3.818996654687192,-0.0472442696832788,5.3290705182007506e-15,False
17,4,1,3,DDD,B,2013B,2014B,56,logistic,source_train_only_activity_types,11,0,,1,clicks_oucollaborate,1085,971,759,326,159,0.5299539170506913,0.5077239958805355,0.7550341909403453,0.7160285842803433,-0.0390056066600019,0.7847140432142976,0.7063876169711921,0.6015127721492791,0.6620127594137033,0.0604999872644241,0.2060625853652102,0.2271105469987624,0.0210479616335522,0.0034757641014017,0.0165885711583879,-0.0013353732011442,0.032283577654752,-0.0156950064963641,0.2968430395011869,0.0161948012766679,0.002395050492527,0.0591716137929031,-0.0429768125162351,0.0160308896898927,0.0594659760815204,-0.0434350863916276,0.0268053446605823,0.0055842578927535,0.0401165616430768,0.0782266659427293,76,80,0.5077239958805355,target_prevalence,0.0230470423377816,0.0331898668161765,-0.0101428244783948,-0.0129189154873795,-0.0055521820179692,"{""C"": 1.0, ""class_weight"": ""balanced"", ""max_iter"": 5000, ""solver"": ""lbfgs""}",0ec0160f1649f42124ca093cb28e50d00a77309027bbdbb0b9ac6257ff1aa269,0.0389934784916913,0.3186623075413519,-0.2796688290496605,0.9466666666666664,0.4266666666666666,1.0,0.6666666666666666,0.4102725586317338,0.6312280348301482,5.656241190726126,5.447541074532782,-0.2087001161933441,2.664535259100376e-15,False
17,4,1,3,DDD,B,2013B,2014B,56,lightgbm,source_train_only_activity_types,11,0,,1,clicks_oucollaborate,1085,971,759,326,159,0.5299539170506913,0.5077239958805355,0.7630435603914012,0.7264506437403991,-0.036592916651002,0.8108945661443665,0.7512516080323695,0.5831657244836868,0.6860994874485666,0.1029337629648798,0.2027854018612342,0.2324176045631887,0.0296322027019544,0.0213079451433751,0.0340071135597105,0.0011710289995981,0.0056565554721016,0.0283505580876088,0.2334125615110467,0.0220247697457467,-0.0015046548845224,0.0080151701679543,0.0140095995777923,0.0219813812398225,0.00803984820063,0.0139415330391924,0.0248334523625725,0.0192160871289208,0.0064176788527476,0.009612661483161,76,80,0.5077239958805355,target_prevalence,0.0435751230041355,0.0103268498608226,0.0332482731433128,0.0307994156154608,-0.0048977150557039,"{""class_weight"": ""balanced"", ""colsample_bytree"": 1.0, ""deterministic"": true, ""force_col_wise"": true, ""learning_rate"": 0.035, ""min_child_samples"": 12, ""n_estimators"": 180, ""n_jobs"": 1, ""num_leaves"": 15, ""objective"": ""binary"", ""reg_lambda"": 1.0, ""subsample"": 1.0, ""verbosity"": -1}",7340a032adf73dcca6285d723e7b8782f8c2625f4216107ab44a30759e1137a7,0.1227292298402211,0.2323583628407316,-0.1096291330005104,0.8599999999999999,0.5733333333333333,0.6666666666666666,0.6666666666666666,0.699140319360372,0.5875948600399132,4.038204884767097,4.246927163355239,0.2087222785881417,8.881784197001252e-15,False
17,4,1,4,DDD,J,2013J,2014J,14,logistic,source_train_only_activity_types,10,0,,0,,1675,1479,1172,503,160,0.5068656716417911,0.4645030425963489,0.7327008222643896,0.6886238660256128,-0.0440769562387768,0.7552690201846128,0.6394613786970244,0.6123604527374034,0.6698684444660471,0.0575079917286437,0.2113714888962893,0.228741616461414,0.0173701275651246,0.0258380771663504,0.0056641876749725,0.0041793288604148,0.0138858480754102,-0.0082216604004377,0.1993469451439523,0.0167400690776072,0.0010801082560921,0.017473378344741,-0.0007333092671338,0.0171907115792858,0.017279932355355,-8.922077606922374e-05,0.023087690601252,0.0103924475539624,0.0147485534085325,0.0201982032809495,80,80,0.4645030425963489,target_prevalence,0.0089047549179713,0.0146192750226191,-0.0057145201046477,-0.0069680902525427,-0.00250714029579,"{""C"": 1.0, ""class_weight"": ""balanced"", ""max_iter"": 5000, ""solver"": ""lbfgs""}",0ec0160f1649f42124ca093cb28e50d00a77309027bbdbb0b9ac6257ff1aa269,0.0571478337767758,0.3160734512281261,-0.2589256174513502,0.9202898550724636,0.4492753623188406,0.6666666666666666,0.4285714285714285,0.7437766994192764,0.249403505157436,4.824414441847814,4.543476545931645,-0.2809378959161694,7.105427357601002e-15,False
17,4,1,4,DDD,J,2013J,2014J,14,lightgbm,source_train_only_activity_types,10,0,,0,,1675,1479,1172,503,160,0.5068656716417911,0.4645030425963489,0.7264547754585706,0.6343676944113625,-0.092087081047208,0.7159356059493001,0.5915623165260646,0.623696181257464,0.7018042429017658,0.0781080616443018,0.2139832612381437,0.2494590888569671,0.0354758276188233,0.0030044275774827,0.0250826839147087,0.0005245939463387,0.0097945733503461,0.0152881105643625,0.279457670387301,0.0208868677609412,-0.0030529486527862,0.0140166111709613,0.0068702565899799,0.0216950655412108,0.0142826058527848,0.0074124596884259,0.0322709107801664,0.009502824741716,0.0177633362606466,0.0102698860812761,80,80,0.4645030425963489,target_prevalence,0.0092568040959118,0.0117767737154552,-0.0025199696195434,0.0063840704724095,0.017808080183906,"{""class_weight"": ""balanced"", ""colsample_bytree"": 1.0, ""deterministic"": true, ""force_col_wise"": true, ""learning_rate"": 0.035, ""min_child_samples"": 12, ""n_estimators"": 180, ""n_jobs"": 1, ""num_leaves"": 15, ""objective"": ""binary"", ""reg_lambda"": 1.0, ""subsample"": 1.0, ""verbosity"": -1}",7340a032adf73dcca6285d723e7b8782f8c2625f4216107ab44a30759e1137a7,0.069778122083716,0.2319442310642082,-0.1621661089804921,0.8695652173913043,0.5652173913043478,0.6666666666666666,0.25,0.683682138562084,0.4565529209195901,2.85904062749315,2.921056258148445,0.0620156306552948,4.884981308350689e-15,False
17,4,1,4,DDD,J,2013J,2014J,56,logistic,source_train_only_activity_types,10,0,,0,,1574,1417,1101,473,160,0.4739517153748411,0.4410726887791108,0.7599863740676994,0.717159595959596,-0.0428267781081034,0.7205897578304965,0.6364845951039981,0.6347342438072087,0.671645659150602,0.0369114153433933,0.2018609478419875,0.2290189092618654,0.0271579614198778,0.0004302925989673,0.0324970008573342,-0.001262868075839,0.006660431169244,0.0258365696880901,0.1993306302249458,0.0364926168702661,0.0078281835519307,0.0195904894744232,0.0169021273958429,0.0365363224455932,0.0183311760796387,0.0182051463659544,0.0368634599854666,0.0361217737550655,0.008905177615683,0.0302758013331634,80,80,0.4410726887791108,target_prevalence,0.0364790928292316,0.0062627824676452,0.0302163103615863,0.0280264400248382,-0.0043797406734962,"{""C"": 1.0, ""class_weight"": ""balanced"", ""max_iter"": 5000, ""solver"": ""lbfgs""}",0ec0160f1649f42124ca093cb28e50d00a77309027bbdbb0b9ac6257ff1aa269,0.0734592053177176,0.2741640339224048,-0.2007048286046871,0.8550724637681159,0.4782608695652174,0.4285714285714285,0.6666666666666666,0.3167930098111379,0.8265875711876025,4.654638605156324,5.018579099014938,0.3639404938586148,7.105427357601002e-15,False
17,4,1,4,DDD,J,2013J,2014J,56,lightgbm,source_train_only_activity_types,10,0,,0,,1574,1417,1101,473,160,0.4739517153748411,0.4410726887791108,0.7551455823293173,0.6396828282828283,-0.1154627540464889,0.7643840840801137,0.6007499069515949,0.5996503076970567,0.8139043433954145,0.2142540356983577,0.2027829876066494,0.2926494277207124,0.0898664401140629,0.0112772518646012,0.1532902748043692,-0.0008928471258167,0.0062475460655247,0.1470427287388445,0.2686602903977456,0.1647256876103592,0.0024467073402137,0.0144228007076055,0.1503028869027536,0.1762666774496905,0.0147597834437237,0.1615068940059667,0.2626513319357033,0.066800043285015,0.0172821093128717,0.0115634921023394,80,80,0.4410726887791108,target_prevalence,0.196715632403261,0.0092936311192866,0.1874220012839744,0.1672323650114094,-0.0403792725451299,"{""class_weight"": ""balanced"", ""colsample_bytree"": 1.0, ""deterministic"": true, ""force_col_wise"": true, ""learning_rate"": 0.035, ""min_child_samples"": 12, ""n_estimators"": 180, ""n_jobs"": 1, ""num_leaves"": 15, ""objective"": ""binary"", ""reg_lambda"": 1.0, ""subsample"": 1.0, ""verbosity"": -1}",7340a032adf73dcca6285d723e7b8782f8c2625f4216107ab44a30759e1137a7,0.1251551524652368,0.2861720580690462,-0.1610169056038093,0.8695652173913043,0.4275362318840579,0.6666666666666666,0.25,0.3801900272199213,0.6506157131118768,3.475327129102432,3.808134219466305,0.3328070903638731,5.8841820305133305e-15,False
17,4,1,5,EEE,J,2013J,2014J,14,logistic,source_train_only_activity_types,9,0,,2,clicks_ouwiki|clicks_page,933,1027,653,280,138,0.3483386923901393,0.3339824732229795,0.6877102489347386,0.7131348780113548,0.0254246290766161,0.5791450822877784,0.5395467852537801,0.6746314264360165,0.656434880566494,-0.0181965458695224,0.2342347784688985,0.2242861739958555,-0.009948604473043,0.0074007625028034,-0.0005943992304829,-0.0015957663299011,0.0044738727679006,-0.0050682719983836,0.1384278986178922,0.015680632857852,0.0089011323775403,0.0188068314302935,-0.0031261985724414,0.0177199000174792,0.0153799305546256,0.0023399694628536,0.021822355359134,0.00953891035657,0.0084859305525488,0.0291277323080381,80,49,0.3339824732229795,target_prevalence,0.0010375436996356,0.0042190767432785,-0.0031815330436429,-0.0041249025210133,-0.0018867389547406,"{""C"": 1.0, ""class_weight"": ""balanced"", ""max_iter"": 5000, ""solver"": ""lbfgs""}",0ec0160f1649f42124ca093cb28e50d00a77309027bbdbb0b9ac6257ff1aa269,0.0599334281670691,0.1749032970583023,-0.1149698688912331,0.9130434782608696,0.6837944664031621,1.0,0.4285714285714285,0.7707248182622015,0.3460519446167109,4.705615105381911,4.883542053600274,0.1779269482183627,3.552713678800501e-15,False
17,4,1,5,EEE,J,2013J,2014J,14,lightgbm,source_train_only_activity_types,9,0,,2,clicks_ouwiki|clicks_page,933,1027,653,280,138,0.3483386923901393,0.3339824732229795,0.7094079389997756,0.7212674543501612,0.0118595153503855,0.6426290125322345,0.560799447755724,0.6513024161650685,0.6234164561545146,-0.0278859600105538,0.2141855970719685,0.2093876880986736,-0.0047979089732949,0.0534873289975331,0.0001696308107926,-0.001727660623047,0.0146593181443013,-0.0144896873335086,0.3140046252890807,0.0043007790547463,-0.0036454224170345,0.024975011419767,-0.0206742323650206,0.0032532925823363,0.0213545330160002,-0.0181012404336639,0.0011460324061684,0.0074555257033242,0.0140711072535838,0.0358789155859501,80,49,0.3339824732229795,target_prevalence,0.0089310992449154,0.0114620793870078,-0.0025309801420924,-0.0085103337378005,-0.0119587071914162,"{""class_weight"": ""balanced"", ""colsample_bytree"": 1.0, ""deterministic"": true, ""force_col_wise"": true, ""learning_rate"": 0.035, ""min_child_samples"": 12, ""n_estimators"": 180, ""n_jobs"": 1, ""num_leaves"": 15, ""objective"": ""binary"", ""reg_lambda"": 1.0, ""subsample"": 1.0, ""verbosity"": -1}",7340a032adf73dcca6285d723e7b8782f8c2625f4216107ab44a30759e1137a7,0.0556179580438232,0.2786000726098108,-0.2229821145659875,0.8656126482213439,0.4387351778656126,0.6666666666666666,0.25,0.8239465422208508,0.5740766617961006,3.6335482408345383,3.623561565276165,-0.0099866755583737,5.773159728050814e-15,False
17,4,1,5,EEE,J,2013J,2014J,56,logistic,source_train_only_activity_types,9,0,,2,clicks_ouwiki|clicks_page,906,997,634,272,134,0.3278145695364238,0.3139418254764293,0.7287407134524468,0.7612708555200567,0.0325301420676098,0.6135300053759247,0.6013650980972428,0.6327765697411609,0.6165479258699754,-0.0162286438711855,0.2143512941043601,0.2047380445714388,-0.0096132495329213,0.024313869957635,0.002768877810886,-0.0026171966430941,0.0125258133212622,-0.0097569355103761,0.2340407203139106,0.0026922664802762,-0.0006267762256275,0.0211149544323701,-0.0184226879520938,0.0026011563296086,0.0161042120952106,-0.013503055765602,0.002447423299102,0.0029371096614504,0.0076494285290062,0.034580480335734,80,44,0.3139418254764293,target_prevalence,0.0014943251494502,0.008650269602187,-0.0071559444527368,-0.0084564399815564,-0.0026009910576393,"{""C"": 1.0, ""class_weight"": ""balanced"", ""max_iter"": 5000, ""solver"": ""lbfgs""}",0ec0160f1649f42124ca093cb28e50d00a77309027bbdbb0b9ac6257ff1aa269,0.0640051153670175,0.2550306589262467,-0.1910255435592292,0.9051383399209486,0.6758893280632412,1.0,0.6666666666666666,0.6406896304255232,0.3386766156465102,6.645832423807146,7.114895068377543,0.4690626445703971,3.552713678800501e-15,False
17,4,1,5,EEE,J,2013J,2014J,56,lightgbm,source_train_only_activity_types,9,0,,2,clicks_ouwiki|clicks_page,906,997,634,272,134,0.3278145695364238,0.3139418254764293,0.7062074046785781,0.760915867944622,0.0547084632660438,0.630321028792277,0.6781202620850796,0.6308322630626368,0.5616929041895617,-0.0691393588730751,0.2056016552482059,0.1831343151766866,-0.0224673400715193,0.0007367839381101,0.0081955010862406,-0.0016586532439782,0.0062150112468518,0.0019804898393887,0.2947048562138596,0.0119428329650674,-0.0009370470131462,0.0060657495003225,0.0058770834647449,0.012506573435406,0.0068296876960517,0.0056768857393542,0.0134577905093465,0.0104278754207884,0.0081187047055571,0.0040127942950878,80,44,0.3139418254764293,target_prevalence,0.008113700580877,0.0051426770985051,0.0029710234823718,0.0024757566608803,-0.0009905336429831,"{""class_weight"": ""balanced"", ""colsample_bytree"": 1.0, ""deterministic"": true, ""force_col_wise"": true, ""learning_rate"": 0.035, ""min_child_samples"": 12, ""n_estimators"": 180, ""n_jobs"": 1, ""num_leaves"": 15, ""objective"": ""binary"", ""reg_lambda"": 1.0, ""subsample"": 1.0, ""verbosity"": -1}",7340a032adf73dcca6285d723e7b8782f8c2625f4216107ab44a30759e1137a7,0.0883682996419056,0.2404535327749438,-0.1520852331330381,0.8333333333333333,0.6349206349206349,0.25,0.4285714285714285,0.4157257806725716,0.5896514885206342,3.6756528922381344,3.962452543673385,0.2867996514352509,1.1546319456101628e-14,False
17,4,1,6,FFF,B,2013B,2014B,14,logistic,source_train_only_activity_types,13,0,,1,clicks_oucollaborate,1520,1309,1064,456,160,0.4861842105263158,0.5011459129106188,0.7013359513359512,0.712728308370373,0.0113923570344218,0.6986550728953417,0.6920154119203741,0.7392568708171635,0.6994590851284593,-0.0397977856887041,0.232864855004134,0.226564304756793,-0.006300550247341,0.0122430122430122,0.012455722358446,-0.0021426816171685,0.0043533559652436,0.0081023663932023,0.1672037420766657,0.0055463170468406,0.00153300963623,0.0089172744916335,-0.0033709574447929,0.0055462804891968,0.0089303155544173,-0.0033840350652205,0.0055622683654026,0.0055303657282785,0.0032270240969543,0.0146075248863127,80,80,0.5011459129106188,target_prevalence,0.0187173673032975,0.0008914363452734,0.0178259309580241,0.0129641486756132,-0.0097235645648217,"{""C"": 1.0, ""class_weight"": ""balanced"", ""max_iter"": 5000, ""solver"": ""lbfgs""}",0ec0160f1649f42124ca093cb28e50d00a77309027bbdbb0b9ac6257ff1aa269,0.1232658741501791,0.2410542585784034,-0.1177883844282243,0.7777777777777779,0.5555555555555557,1.0,0.6666666666666666,0.3135486955875342,0.2320036005429336,6.390407224034674,6.00742335205841,-0.3829838719762639,7.105427357601002e-15,True
17,4,1,6,FFF,B,2013B,2014B,14,lightgbm,source_train_only_activity_types,13,0,,1,clicks_oucollaborate,1520,1309,1064,456,160,0.4861842105263158,0.5011459129106188,0.7055902055902056,0.6982991259851343,-0.0072910796050712,0.713277823508779,0.6891705950714807,0.6550124966642821,0.6671801609800629,0.0121676643157808,0.2277522641147028,0.2299189187209943,0.0021666546062915,0.0025795025795024,0.0178620018352603,-0.0009293591552649,0.0052546414491323,0.012607360386128,0.2118616411406308,0.0099037396681242,0.0026511839987067,0.012236519963389,-0.0023327802952648,0.0099105706029369,0.0122301097872954,-0.0023195391843585,0.0069231751115178,0.0128843042247305,0.0150334934655605,0.0094395464612175,80,80,0.5011459129106188,target_prevalence,0.0170273518816437,0.0037679779315394,0.0132593739501043,0.0129333671681161,-0.0006520135639763,"{""class_weight"": ""balanced"", ""colsample_bytree"": 1.0, ""deterministic"": true, ""force_col_wise"": true, ""learning_rate"": 0.035, ""min_child_samples"": 12, ""n_estimators"": 180, ""n_jobs"": 1, ""num_leaves"": 15, ""objective"": ""binary"", ""reg_lambda"": 1.0, ""subsample"": 1.0, ""verbosity"": -1}",7340a032adf73dcca6285d723e7b8782f8c2625f4216107ab44a30759e1137a7,0.0526508354550081,0.2034018420394367,-0.1507510065844285,0.9257142857142856,0.6447938087164422,1.0,0.6666666666666666,0.4001697648103385,0.433516337210959,3.534016110082311,3.450668956911981,-0.0833471531703295,6.439293542825908e-15,False
17,4,1,6,FFF,B,2013B,2014B,56,logistic,source_train_only_activity_types,13,0,,1,clicks_oucollaborate,1407,1257,984,423,160,0.4442075337597725,0.4797136038186158,0.7988682661837936,0.7581993194070422,-0.0406689467767513,0.7635034131471106,0.7203394886425329,0.5510067760014226,0.6488340988473167,0.0978273228458941,0.185299689036607,0.2144298995267096,0.0291302104901025,0.0009959257582616,0.0168656006629115,-0.001910547466714,0.0060988603364669,0.0107667403264445,0.1604008338209989,0.0156602694496549,-0.0020615088560494,0.0103240886555518,0.0053361807941031,0.0158498024775122,0.0101799461252954,0.0056698563522167,0.0203317011362548,0.010988837763055,0.0067713992333511,0.0138767780777525,80,80,0.4797136038186158,target_prevalence,0.0117684832878499,0.0052902255986663,0.0064782576891836,0.0086224990078141,0.0042884826372609,"{""C"": 1.0, ""class_weight"": ""balanced"", ""max_iter"": 5000, ""solver"": ""lbfgs""}",0ec0160f1649f42124ca093cb28e50d00a77309027bbdbb0b9ac6257ff1aa269,0.036627403333319,0.2476938044145334,-0.2110664010812143,0.9715099715099716,0.6923076923076924,1.0,0.4285714285714285,0.9050290811857028,0.6530208104579229,5.341783253174596,5.49730964004708,0.1555263868724843,3.552713678800501e-15,False
17,4,1,6,FFF,B,2013B,2014B,56,lightgbm,source_train_only_activity_types,13,0,,1,clicks_oucollaborate,1407,1257,984,423,160,0.4442075337597725,0.4797136038186158,0.790832956088728,0.7469114671291859,-0.043921488959542,0.7627207754105788,0.7340217800207268,0.5594710826401788,0.6475700450683397,0.0880989624281609,0.1862908727668806,0.2147877777303865,0.0284969049635059,0.0030783159800814,0.0495627720151136,-0.0012033737494086,0.0087639172442322,0.0407988547708814,0.2485835691321224,0.0541300115827793,-0.0020037957754587,0.0219738612073953,0.0321561503753839,0.0547164138663209,0.0219387101637775,0.0327777037025434,0.0685831031594829,0.0396769200060757,0.0211074913676371,0.0228402310471536,80,80,0.4797136038186158,target_prevalence,0.0250585020980231,0.0087973525575496,0.0162611495404735,0.0285300021556774,0.0245377052304078,"{""class_weight"": ""balanced"", ""colsample_bytree"": 1.0, ""deterministic"": true, ""force_col_wise"": true, ""learning_rate"": 0.035, ""min_child_samples"": 12, ""n_estimators"": 180, ""n_jobs"": 1, ""num_leaves"": 15, ""objective"": ""binary"", ""reg_lambda"": 1.0, ""subsample"": 1.0, ""verbosity"": -1}",7340a032adf73dcca6285d723e7b8782f8c2625f4216107ab44a30759e1137a7,0.1132263782190743,0.24807870040582,-0.1348523221867456,0.8461538461538463,0.5669515669515671,0.6666666666666666,0.25,0.8420986859361852,0.6534509791383971,3.663673129973424,4.193961006701208,0.5302878767277845,5.218048215738236e-15,False
17,4,1,7,FFF,J,2013J,2014J,14,logistic,source_train_only_activity_types,13,0,,1,clicks_htmlactivity,1998,1886,1398,600,160,0.4519519519519519,0.4077412513255567,0.6939512556219787,0.7342465944796867,0.0402953388577079,0.6602968508163845,0.6350665330884375,0.6628160804333018,0.6145084718181183,-0.0483076086151834,0.2276748164120513,0.2101881641441942,-0.0174866522678571,0.0074361533888895,0.0147103025483443,0.0019544648849683,0.0071712326986141,0.0075390698497301,0.1571018940841716,0.0041739413337249,-0.0028118434992228,0.0037819362693061,0.0003920050644188,0.0040605021332409,0.0031768092142683,0.0008836929189726,0.003559153023056,0.0047887296443939,0.0005024258503369,0.0070614466882754,80,80,0.4077412513255567,target_prevalence,0.0228676274060199,0.0065423021226818,0.0163253252833381,0.0119321975665341,-0.0087862554336079,"{""C"": 1.0, ""class_weight"": ""balanced"", ""max_iter"": 5000, ""solver"": ""lbfgs""}",0ec0160f1649f42124ca093cb28e50d00a77309027bbdbb0b9ac6257ff1aa269,0.0542381092683671,0.2768367256748318,-0.2225986164064646,0.9259259259259262,0.5327635327635328,0.6666666666666666,0.6666666666666666,0.2660662956514049,0.4110249977869296,4.062383153843244,4.1511723884675575,0.0887892346243139,2.664535259100376e-15,False
17,4,1,7,FFF,J,2013J,2014J,14,lightgbm,source_train_only_activity_types,13,0,,1,clicks_htmlactivity,1998,1886,1398,600,160,0.4519519519519519,0.4077412513255567,0.7139828845096962,0.7117068871780604,-0.0022759973316357,0.6849784220420725,0.6354636764873756,0.6436089994761072,0.6262932943864321,-0.017315705089675,0.2198490071311377,0.2141998379669597,-0.005649169164178,0.0290043629919581,0.0215106156871782,0.0017342796204869,0.005900237200853,0.0156103784863251,0.2368540554586646,0.0242002026733305,0.0017984516932119,0.0068798258123418,0.0173203768609886,0.0247838767765308,0.0060209934708774,0.0187628833056534,0.0273634479567668,0.0210369573898941,0.0022253493870492,0.0115343022376344,80,80,0.4077412513255567,target_prevalence,0.0089662911154272,0.0093178868536603,-0.000351595738233,0.007629391374046,0.0159619742245582,"{""class_weight"": ""balanced"", ""colsample_bytree"": 1.0, ""deterministic"": true, ""force_col_wise"": true, ""learning_rate"": 0.035, ""min_child_samples"": 12, ""n_estimators"": 180, ""n_jobs"": 1, ""num_leaves"": 15, ""objective"": ""binary"", ""reg_lambda"": 1.0, ""subsample"": 1.0, ""verbosity"": -1}",7340a032adf73dcca6285d723e7b8782f8c2625f4216107ab44a30759e1137a7,0.0563432972297934,0.2066572271948874,-0.150313929965094,0.96,0.7057142857142856,1.0,0.4285714285714285,0.7410725853176459,0.5321642346125391,2.951251042757008,2.948750859233048,-0.0025001835239599,5.773159728050814e-15,True
17,4,1,7,FFF,J,2013J,2014J,56,logistic,source_train_only_activity_types,14,0,,1,clicks_htmlactivity,1915,1793,1340,575,160,0.4281984334203655,0.3770217512548801,0.8080781871648504,0.7721297537253738,-0.0359484334394765,0.7550980580104092,0.6558338090286073,0.5425309706611798,0.5955719603125563,0.0530409896513764,0.1817323914935401,0.1987221078717123,0.0169897163781722,0.0134924753502854,0.0121041233872071,-0.0022729946946274,0.0083998235619235,0.0037042998252835,0.1830174714960799,0.0126492582350638,0.0023659687176504,0.0227663273620784,-0.0101170691270145,0.0139987278331907,0.0202945304946385,-0.0062958026614477,0.0181358772587406,0.0071626392113871,0.0127165954271128,0.032816059297044,80,80,0.3770217512548801,target_prevalence,0.0332511432045907,0.0081566760480974,0.0250944671564933,0.0143993834908884,-0.0213901673312097,"{""C"": 1.0, ""class_weight"": ""balanced"", ""max_iter"": 5000, ""solver"": ""lbfgs""}",0ec0160f1649f42124ca093cb28e50d00a77309027bbdbb0b9ac6257ff1aa269,0.0596195708421837,0.2839648530870033,-0.2243452822448196,0.8941798941798942,0.4603174603174603,1.0,0.4285714285714285,0.4571331371962479,0.6291524074304703,6.721280976579527,6.533379814167861,-0.1879011624116655,3.552713678800501e-15,False
17,4,1,7,FFF,J,2013J,2014J,56,lightgbm,source_train_only_activity_types,14,0,,1,clicks_htmlactivity,1915,1793,1340,575,160,0.4281984334203655,0.3770217512548801,0.7925840808560061,0.7715986926096422,-0.0209853882463638,0.7495655173789703,0.7059427901515517,0.555439183076428,0.5495286659655428,-0.0059105171108851,0.1836586036252315,0.184520592047325,0.0008619884220935,0.0136283885635208,0.0234015091804832,0.0023705610708066,0.0104218436496725,0.0129796655308107,0.240593352695477,0.025461744008821,-0.0002844990186866,0.0163519191511092,0.0091098248577118,0.0273621252846277,0.0149707974244469,0.0123913278601807,0.0331882374952641,0.0177352505223779,0.010736610180802,0.0219672281214164,80,80,0.3770217512548801,target_prevalence,0.0132266744149144,0.0094994841116062,0.0037271903033082,0.0083534279170594,0.0092524752275024,"{""class_weight"": ""balanced"", ""colsample_bytree"": 1.0, ""deterministic"": true, ""force_col_wise"": true, ""learning_rate"": 0.035, ""min_child_samples"": 12, ""n_estimators"": 180, ""n_jobs"": 1, ""num_leaves"": 15, ""objective"": ""binary"", ""reg_lambda"": 1.0, ""subsample"": 1.0, ""verbosity"": -1}",7340a032adf73dcca6285d723e7b8782f8c2625f4216107ab44a30759e1137a7,0.0918523904112413,0.2531769866953306,-0.1613245962840892,0.8518518518518519,0.5748349413053755,0.6666666666666666,0.4285714285714285,0.7057339572414949,0.458690974361458,3.514482193527169,3.585670073225079,0.0711878796979093,5.773159728050814e-15,False
17,4,1,8,GGG,J,2013J,2014J,14,logistic,source_train_only_activity_types,6,0,,1,clicks_quiz,926,719,648,278,134,0.3606911447084233,0.3824756606397774,0.5899438202247191,0.6150696150696151,0.0251257948448959,0.456992263531862,0.4894422742272784,0.7064948738786866,0.7066052399473263,0.0001103660686396,0.2525259088253765,0.2509923094881934,-0.0015335993371831,0.01,0.0350713248728796,-0.0019440183215597,0.0314443877158556,0.003626937157024,0.2302562217464405,0.0401427908820934,0.0019511682229918,0.0424584881043177,-0.0023156972222243,0.041993599821681,0.0419762905601804,1.7309261500661477e-05,0.0480169425244811,0.0322686392397056,0.0404070086118045,0.0445099675968309,80,50,0.3824756606397774,target_prevalence,0.0293743072786248,0.0268991577761089,0.0024751495025159,0.0030510433297699,0.0011517876545081,"{""C"": 1.0, ""class_weight"": ""balanced"", ""max_iter"": 5000, ""solver"": ""lbfgs""}",0ec0160f1649f42124ca093cb28e50d00a77309027bbdbb0b9ac6257ff1aa269,0.0505238931144726,0.2204241051109162,-0.1699002119964436,0.9578947368421054,0.6631578947368422,1.0,0.6666666666666666,0.1525358347726534,0.2460516141619069,4.571208035108347,5.304364172759826,0.7331561376514788,3.552713678800501e-15,False
17,4,1,8,GGG,J,2013J,2014J,14,lightgbm,source_train_only_activity_types,6,0,,1,clicks_quiz,926,719,648,278,134,0.3606911447084233,0.3824756606397774,0.5617415730337079,0.5737469287469287,0.0120053557132208,0.3936838768342432,0.4186739041905191,0.7679715782860256,0.9026787140545938,0.1347071357685682,0.2708414238089239,0.3102458856501474,0.0394044618412234,0.0029775280898876,0.0401632762966064,0.0024927030111467,0.0134499669210955,0.0267133093755108,0.3071943424633348,0.0703007027771062,-0.0010592558304997,0.0114135513112983,0.0588871514658079,0.0633576143749683,0.0102127878749346,0.0531448265000337,0.0407617645455254,0.099839641008687,0.0063049778749343,0.0165221247476623,80,50,0.3824756606397774,target_prevalence,0.0295165195071867,0.0145324587747746,0.014984060732412,0.0208486850539614,0.0117292486430987,"{""class_weight"": ""balanced"", ""colsample_bytree"": 1.0, ""deterministic"": true, ""force_col_wise"": true, ""learning_rate"": 0.035, ""min_child_samples"": 12, ""n_estimators"": 180, ""n_jobs"": 1, ""num_leaves"": 15, ""objective"": ""binary"", ""reg_lambda"": 1.0, ""subsample"": 1.0, ""verbosity"": -1}",7340a032adf73dcca6285d723e7b8782f8c2625f4216107ab44a30759e1137a7,0.1803959779545509,0.2300963118308202,-0.0497003338762692,0.9052631578947368,0.6000000000000001,1.0,0.4285714285714285,0.9473509755219892,0.4709646271118098,3.173607235951479,3.583668200396635,0.4100609644451563,1.1102230246251564e-14,False
17,4,1,8,GGG,J,2013J,2014J,56,logistic,source_train_only_activity_types,6,0,,1,clicks_quiz,919,698,643,276,136,0.3558215451577802,0.3638968481375358,0.6466980050447145,0.6714460523515642,0.0247480473068496,0.476688245176506,0.5620706731032818,0.6678983138727792,0.6547247046091261,-0.013173609263653,0.2360161980740359,0.2250221619655117,-0.0109940361085242,0.0460330199495528,0.0379051385528457,-0.0021997858496133,0.0316970094129718,0.0062081291398739,0.2572218395918271,0.0229014655243072,-0.0021033221607751,0.0366232119767026,-0.0137217464523954,0.0282865610661059,0.0351940324102683,-0.0069074713441623,0.0426846059883888,0.0031183250602255,0.0313728575694861,0.041873566383919,80,49,0.3638968481375358,target_prevalence,0.0692902634090001,0.0360339866960239,0.0332562767129762,0.019732202926425,-0.0270481475731022,"{""C"": 1.0, ""class_weight"": ""balanced"", ""max_iter"": 5000, ""solver"": ""lbfgs""}",0ec0160f1649f42124ca093cb28e50d00a77309027bbdbb0b9ac6257ff1aa269,0.1059571629594918,0.2945690387832528,-0.188611875823761,0.8736842105263158,0.5157894736842106,0.6666666666666666,1.0,0.0915987623324543,0.8334298472287461,3.4452032479844217,4.603806921192843,1.1586036732084215,7.105427357601002e-15,True
17,4,1,8,GGG,J,2013J,2014J,56,lightgbm,source_train_only_activity_types,6,0,,1,clicks_quiz,919,698,643,276,136,0.3558215451577802,0.3638968481375358,0.6057096996101812,0.6427254025679222,0.037015702957741,0.4405333007907337,0.5194530740826316,0.6989957595144959,0.6996151813024449,0.000619421787949,0.245184781619573,0.2472170354731259,0.0020322538535529,0.0114652602614079,0.0446591934382832,0.0023454928925037,0.0198628433603693,0.0247963500779139,0.2998826108547929,0.0314585102214613,0.0041604792691554,0.0100836254521551,0.0213748847693062,0.0304882262870278,0.0097311886494224,0.0207570376376053,0.0278939934518057,0.0350230269911169,0.0087888839347479,0.0113783669695622,80,49,0.3638968481375358,target_prevalence,0.0583656614816647,0.0049931613334778,0.0533725001481869,0.0390844251130504,-0.0285761500702729,"{""class_weight"": ""balanced"", ""colsample_bytree"": 1.0, ""deterministic"": true, ""force_col_wise"": true, ""learning_rate"": 0.035, ""min_child_samples"": 12, ""n_estimators"": 180, ""n_jobs"": 1, ""num_leaves"": 15, ""objective"": ""binary"", ""reg_lambda"": 1.0, ""subsample"": 1.0, ""verbosity"": -1}",7340a032adf73dcca6285d723e7b8782f8c2625f4216107ab44a30759e1137a7,0.1300831008521558,0.1915254029371974,-0.0614423020850415,0.8210526315789474,0.6421052631578947,0.6666666666666666,0.6666666666666666,0.4869889066772839,0.5554432291678134,2.935861654319728,3.1938434697391447,0.2579818154194173,9.325873406851317e-15,False
18,4,2,0,AAA,J,2013J,2014J,14,logistic,source_train_only_activity_types,9,0,,0,,370,350,259,111,53,0.2486486486486486,0.2771428571428571,0.5791738382099827,0.5705553970905831,-0.0086184411193995,0.3010030824961017,0.3385342053448524,0.8144760281878587,0.9041696624950766,0.0896936343072178,0.2567133144399147,0.2914607789697927,0.0347474645298779,0.0090361445783133,0.0144370002451301,0.0037371294770349,0.0209962732745411,-0.006559273029411,0.4217721230349593,-0.0054939848035674,0.0060997224756466,0.0633813896760549,-0.0688753744796223,-0.0001524133283048,0.0525976980430095,-0.0527501113713144,0.0064903101729832,-0.0174782797801181,0.0391872097301199,0.0875755696219899,41,14,0.2771428571428571,target_prevalence,0.0102165611780175,0.037072000367721,-0.0268554391897035,-0.0167073561095572,0.0202961661602925,"{""C"": 1.0, ""class_weight"": ""balanced"", ""max_iter"": 5000, ""solver"": ""lbfgs""}",0ec0160f1649f42124ca093cb28e50d00a77309027bbdbb0b9ac6257ff1aa269,0.0971965692475115,0.4447307811767962,-0.3475342119292847,0.8656126482213439,0.2569169960474308,0.6666666666666666,0.1111111111111111,0.4807924618068719,0.5088912846794937,6.705523019498008,7.378343326636658,0.6728203071386503,3.552713678800501e-15,False
18,4,2,0,AAA,J,2013J,2014J,14,lightgbm,source_train_only_activity_types,9,0,,0,,370,350,259,111,53,0.2486486486486486,0.2771428571428571,0.5950946643717728,0.6110997921845075,0.0160051278127346,0.3726182975087516,0.3972556207606439,0.7419665389823046,0.7527647942576216,0.0107982552753169,0.225297448019875,0.2331169082271489,0.0078194602072739,0.0632530120481927,0.0103047012264437,0.0022580534028285,0.0260785441271864,-0.0157738429007426,0.3529838595453621,-0.0170070448532657,0.0058725034061991,0.0038532199828041,-0.0208602648360699,-0.0106828151070733,0.0074422846012043,-0.0181250997082776,-0.0028180678586031,-0.0311960218479284,0.0119056085497275,-0.0041991685841191,41,14,0.2771428571428571,target_prevalence,0.0055598193932647,0.0076145058467729,-0.0020546864535082,-0.0089142646771254,-0.0137191564472344,"{""class_weight"": ""balanced"", ""colsample_bytree"": 1.0, ""deterministic"": true, ""force_col_wise"": true, ""learning_rate"": 0.035, ""min_child_samples"": 12, ""n_estimators"": 180, ""n_jobs"": 1, ""num_leaves"": 15, ""objective"": ""binary"", ""reg_lambda"": 1.0, ""subsample"": 1.0, ""verbosity"": -1}",7340a032adf73dcca6285d723e7b8782f8c2625f4216107ab44a30759e1137a7,0.0847394691476053,0.2418373492582609,-0.1570978801106555,0.888,0.6613598304983644,0.6666666666666666,0.6666666666666666,0.4750154857991694,0.3697368887746424,4.222748495657222,4.549777577116434,0.3270290814592123,8.881784197001252e-15,False
18,4,2,0,AAA,J,2013J,2014J,56,logistic,source_train_only_activity_types,9,0,,0,,365,342,255,110,52,0.2383561643835616,0.260233918128655,0.5938644688644689,0.612470577785673,0.0186061089212041,0.295419708446045,0.3600212930550741,0.712901445506213,0.7994392623808316,0.0865378168746185,0.2330613541814963,0.2602983241807928,0.0272369699992965,0.0366300366300366,0.0243334887754151,-0.0017479847489947,0.0112433379274435,0.0130901508479716,0.3261677640453041,0.0240497067576294,0.000988060088275,0.0315709219501526,-0.0075212151925231,0.009923128504047,0.0199572141774651,-0.010034085673418,-0.0054093771614264,0.0535087906766854,0.0073520923266213,0.0557897515736838,42,13,0.260233918128655,target_prevalence,0.0183489959135561,0.0157766249246881,0.0025723709888679,0.0078312609184197,0.0105177798591037,"{""C"": 1.0, ""class_weight"": ""balanced"", ""max_iter"": 5000, ""solver"": ""lbfgs""}",0ec0160f1649f42124ca093cb28e50d00a77309027bbdbb0b9ac6257ff1aa269,0.0694828744064021,0.3689631145305044,-0.2994802401241023,0.8972332015810277,0.1620553359683794,0.6666666666666666,0.25,0.4168470174271443,0.4082698096454585,5.771932102888358,5.865098072696727,0.0931659698083686,3.552713678800501e-15,True
18,4,2,0,AAA,J,2013J,2014J,56,lightgbm,source_train_only_activity_types,9,0,,0,,365,342,255,110,52,0.2383561643835616,0.260233918128655,0.678113553113553,0.6271261713372119,-0.0509873817763411,0.4220592827160645,0.3708279418282518,0.5750707912350053,0.6691120209192934,0.0940412296842881,0.175896927839727,0.2162455125371972,0.0403485846974702,0.0265567765567766,0.0039092041257894,0.0046033990757035,0.0269817157213905,-0.023072511595601,0.3495516448577642,-0.002977265428699,-0.0036477733748987,0.0229636457625492,-0.0259409111912482,0.0025996737333218,0.0182733700626551,-0.0156736963293332,0.0086526930677104,-0.0146072239251084,0.0131827049737456,0.0327445865513528,42,13,0.260233918128655,target_prevalence,-0.001097596571487,0.0142946987526883,-0.0153922953241754,-0.0192324034598882,-0.0076802162714256,"{""class_weight"": ""balanced"", ""colsample_bytree"": 1.0, ""deterministic"": true, ""force_col_wise"": true, ""learning_rate"": 0.035, ""min_child_samples"": 12, ""n_estimators"": 180, ""n_jobs"": 1, ""num_leaves"": 15, ""objective"": ""binary"", ""reg_lambda"": 1.0, ""subsample"": 1.0, ""verbosity"": -1}",7340a032adf73dcca6285d723e7b8782f8c2625f4216107ab44a30759e1137a7,0.0919248489478513,0.2866143073780816,-0.1946894584302302,0.8972332015810277,0.5227733021739333,1.0,0.1111111111111111,0.7843705067735471,0.4803475397760022,3.958192168842042,3.904255650726375,-0.0539365181156674,6.217248937900877e-15,False
18,4,2,1,BBB,B,2013B,2014B,14,logistic,source_train_only_activity_types,10,0,,1,clicks_oucollaborate,1606,1289,1124,482,160,0.5006226650062267,0.4375484871993794,0.7359721767875897,0.6895622401565175,-0.0464099366310722,0.7144814742206054,0.627596874146182,0.618212541272989,0.6951376184627317,0.0769250771897427,0.2117789416458697,0.2352237427260473,0.0234448010801775,0.0346929288407569,0.0164076651174666,0.0092541300522452,0.0239399233370965,-0.0075322582196298,0.2284096474609952,0.0204671639119276,0.0004471264291497,0.0240983922460988,-0.0036312283341712,0.0223338098612524,0.0227285636395408,-0.0003947537782884,0.0354119255807454,0.0055224022431097,0.0131312551414196,0.0350655293507781,80,80,0.4375484871993794,target_prevalence,-6.255228359641762e-05,0.0199626817197766,-0.020025234003373,-0.0137787461115014,0.0124929757837431,"{""C"": 1.0, ""class_weight"": ""balanced"", ""max_iter"": 5000, ""solver"": ""lbfgs""}",0ec0160f1649f42124ca093cb28e50d00a77309027bbdbb0b9ac6257ff1aa269,0.1890483011080956,0.2079603879191444,-0.0189120868110488,0.8333333333333333,0.6956521739130435,0.6666666666666666,0.4285714285714285,0.5127807306004146,0.2380322689100582,4.453484850839819,5.068839925520124,0.6153550746803056,3.552713678800501e-15,False
18,4,2,1,BBB,B,2013B,2014B,14,lightgbm,source_train_only_activity_types,10,0,,1,clicks_oucollaborate,1606,1289,1124,482,160,0.5006226650062267,0.4375484871993794,0.7448563213443294,0.6842296404988994,-0.0606266808454299,0.7492913773306479,0.6255368983607231,0.6122132496043332,0.6899880498066866,0.0777748002023533,0.2101971948961667,0.2403122701279007,0.0301150752317339,0.0053890256710456,0.006288987502414,-0.0023366836352947,0.015675064029107,-0.0093860765266929,0.2814802461725695,0.0070929674077781,-0.002560031366887,0.0268451635554673,-0.0197521961476891,0.0063506790473998,0.0260311090981953,-0.0196804300507954,0.0011500500380413,0.0130358847775149,0.0203276716584262,0.0333626554525084,80,80,0.4375484871993794,target_prevalence,0.0088446499006114,0.0164064075692834,-0.007561757668672,-0.0084739170976824,-0.0018243188580209,"{""class_weight"": ""balanced"", ""colsample_bytree"": 1.0, ""deterministic"": true, ""force_col_wise"": true, ""learning_rate"": 0.035, ""min_child_samples"": 12, ""n_estimators"": 180, ""n_jobs"": 1, ""num_leaves"": 15, ""objective"": ""binary"", ""reg_lambda"": 1.0, ""subsample"": 1.0, ""verbosity"": -1}",7340a032adf73dcca6285d723e7b8782f8c2625f4216107ab44a30759e1137a7,0.097484544691442,0.2663776631637841,-0.168893118472342,0.8405797101449275,0.6884057971014493,0.6666666666666666,0.6666666666666666,0.789792646807324,0.6109553254481533,3.0194088383211635,2.826243057319283,-0.1931657810018805,5.3290705182007506e-15,False
18,4,2,1,BBB,B,2013B,2014B,56,logistic,source_train_only_activity_types,10,0,,1,clicks_oucollaborate,1470,1247,1029,441,160,0.454421768707483,0.4170008019246191,0.7600622406639005,0.7366892392339435,-0.023373001429957,0.7202091119415015,0.6974539917812008,0.6101398038024752,0.92120788075308,0.3110680769506047,0.2015988621498454,0.2220529940223646,0.0204541318725192,0.01201244813278,0.1094811651232115,-0.0021763177714819,0.0211842597642047,0.0882969053590067,0.2435773819987029,0.071978075496763,-0.0022633392920557,0.0353604324571527,0.0366176430396103,0.0786454873290554,0.033339539001048,0.0453059483280074,0.1121435950855005,0.0318125559080254,0.0231862578689278,0.0475346070453776,80,80,0.4170008019246191,target_prevalence,0.0591840721580225,0.0200867926517088,0.0390972795063137,0.0636970924326602,0.049199625852693,"{""C"": 1.0, ""class_weight"": ""balanced"", ""max_iter"": 5000, ""solver"": ""lbfgs""}",0ec0160f1649f42124ca093cb28e50d00a77309027bbdbb0b9ac6257ff1aa269,0.3392281373462024,0.3757090375156773,-0.0364809001694748,0.8550724637681159,0.3188405797101449,0.6666666666666666,0.6666666666666666,0.5752988860252742,0.5415967479768137,5.742679585307992,7.576325654076138,1.8336460687681455,8.881784197001252e-15,False
18,4,2,1,BBB,B,2013B,2014B,56,lightgbm,source_train_only_activity_types,10,0,,1,clicks_oucollaborate,1470,1247,1029,441,160,0.454421768707483,0.4170008019246191,0.7805394190871368,0.7520553380594646,-0.0284840810276721,0.7741247739895228,0.7341282249195423,0.5696248943685231,0.6025454144987118,0.0329205201301886,0.1913337829973719,0.2059657577769237,0.0146319747795517,0.0445228215767633,0.0363185008626374,9.796677686535472e-05,0.0126400950714767,0.0236784057911607,0.2460972224431451,0.0471868641321739,-0.0008556491540137,0.0136982688092409,0.0334885953229329,0.0514132306693488,0.014607599304293,0.0368056313650557,0.0726471495034644,0.0217265787608834,0.0191762162842649,0.008220321334217,80,80,0.4170008019246191,target_prevalence,0.0042222978889036,0.0066320697985712,-0.0024097719096676,0.0106343169407465,0.0260881777008284,"{""class_weight"": ""balanced"", ""colsample_bytree"": 1.0, ""deterministic"": true, ""force_col_wise"": true, ""learning_rate"": 0.035, ""min_child_samples"": 12, ""n_estimators"": 180, ""n_jobs"": 1, ""num_leaves"": 15, ""objective"": ""binary"", ""reg_lambda"": 1.0, ""subsample"": 1.0, ""verbosity"": -1}",7340a032adf73dcca6285d723e7b8782f8c2625f4216107ab44a30759e1137a7,0.1502656928843982,0.2154836811816466,-0.0652179882972484,0.7971014492753623,0.6159420289855072,0.6666666666666666,0.4285714285714285,0.6142540872422421,0.411984353387244,3.3522235744372715,3.5838370914810334,0.2316135170437618,1.1102230246251564e-14,True
18,4,2,2,BBB,J,2013J,2014J,14,logistic,source_train_only_activity_types,10,0,,0,,1851,1791,1295,556,160,0.4219340896812534,0.3618090452261306,0.7118181215616093,0.6610372584599764,-0.0507808631016328,0.6146260211233046,0.5219524417503202,0.652695657620239,0.7035188327249953,0.0508231751047563,0.2199817028221622,0.2288006191477877,0.0088189163256255,0.0011002850135878,0.0476748342301502,0.0005874817320187,0.0117893909603657,0.0358854432697844,0.2316452962155741,0.0391006622330644,-0.0030031398999204,0.0140255939759319,0.0250750682571325,0.0404314454496473,0.0114316256166427,0.0289998198330045,0.0439156778712462,0.0342856465948826,0.004640144821413,0.0234110431304508,80,80,0.3618090452261306,target_prevalence,0.0615361662517359,0.0109546823762646,0.0505814838754712,0.0432334635726278,-0.0146960406056867,"{""C"": 1.0, ""class_weight"": ""balanced"", ""max_iter"": 5000, ""solver"": ""lbfgs""}",0ec0160f1649f42124ca093cb28e50d00a77309027bbdbb0b9ac6257ff1aa269,0.1953040291980926,0.3171243236255292,-0.1218202944274366,0.7681159420289855,0.463768115942029,0.6666666666666666,0.4285714285714285,0.5346579608986488,0.5369045926489838,3.6587795815684623,3.956266379802583,0.2974867982341203,3.552713678800501e-15,False
18,4,2,2,BBB,J,2013J,2014J,14,lightgbm,source_train_only_activity_types,10,0,,0,,1851,1791,1295,556,160,0.4219340896812534,0.3618090452261306,0.7094120766222576,0.6579953933227483,-0.0514166832995093,0.6386065334688917,0.5189286417992056,0.6334749455105945,0.6584933351241248,0.0250183896135303,0.2187894158449454,0.2280304730429282,0.0092410571979828,0.0191621926161595,0.0657805808352113,0.000597215281581,0.0087262849856496,0.0570542958495617,0.2665473160415434,0.0733484619352173,-0.0018094494229179,0.0115853803667963,0.0617630815684209,0.0755926783798215,0.0114627280622508,0.0641299503175707,0.0814684450711489,0.0652284787992857,0.0111416020285315,0.0120291587050612,80,80,0.3618090452261306,target_prevalence,0.0478758870130361,0.019309029979889,0.028566857033147,0.0428105764413544,0.0284874388164146,"{""class_weight"": ""balanced"", ""colsample_bytree"": 1.0, ""deterministic"": true, ""force_col_wise"": true, ""learning_rate"": 0.035, ""min_child_samples"": 12, ""n_estimators"": 180, ""n_jobs"": 1, ""num_leaves"": 15, ""objective"": ""binary"", ""reg_lambda"": 1.0, ""subsample"": 1.0, ""verbosity"": -1}",7340a032adf73dcca6285d723e7b8782f8c2625f4216107ab44a30759e1137a7,0.2241226138898512,0.2534920946933593,-0.029369480803508,0.7536231884057971,0.6014492753623188,0.6666666666666666,0.25,0.3362642922515138,0.5691369578025579,2.914435866261734,3.338508521943018,0.4240726556812841,4.884981308350689e-15,False
18,4,2,2,BBB,J,2013J,2014J,56,logistic,source_train_only_activity_types,10,0,,0,,1785,1750,1249,536,160,0.3994397759103641,0.3417142857142857,0.7511899924537063,0.6868162973801561,-0.0643736950735501,0.6736887057619327,0.5481201296701578,0.5942787495386866,0.73307383257784,0.1387950830391533,0.2036186946542338,0.2214389446887965,0.0178202500345627,0.0127851628257967,0.0963751630155684,0.000944591117874,0.0245983264317318,0.0717768365838366,0.2713035610835502,0.0885996015371367,-0.0029401665624963,0.0324824618074357,0.056117139729701,0.0969672017536654,0.0256284189756224,0.0713387827780429,0.1150315516796011,0.0621676513946722,0.010831604486726,0.0541333191281453,80,80,0.3417142857142857,target_prevalence,0.0449670188235494,0.0198892186275417,0.0250778001960076,0.0484273183899221,0.0466990363878289,"{""C"": 1.0, ""class_weight"": ""balanced"", ""max_iter"": 5000, ""solver"": ""lbfgs""}",0ec0160f1649f42124ca093cb28e50d00a77309027bbdbb0b9ac6257ff1aa269,0.3326483035330649,0.3080889257624086,0.0245593777706562,0.7391304347826086,0.4275362318840579,0.4285714285714285,0.6666666666666666,0.2800456564558254,0.6392669976052077,3.0905755837331994,5.042082032929021,1.9515064491958216,7.105427357601002e-15,False
18,4,2,2,BBB,J,2013J,2014J,56,lightgbm,source_train_only_activity_types,10,0,,0,,1785,1750,1249,536,160,0.3994397759103641,0.3417142857142857,0.7510738956289545,0.638756793478261,-0.1123171021506935,0.7094447806222844,0.5141944537791572,0.57459280427681,0.8116112595463645,0.2370184552695544,0.1923913911729932,0.2763955412477383,0.084004150074745,0.0245980147442965,0.1150190688243784,0.010917213285634,0.015892624103602,0.0991264447207763,0.2294724163460197,0.1275041560623575,0.0006561661692557,0.0071615208207193,0.1203426352416381,0.1453120494159225,0.0073697120430733,0.1379423373728492,0.1837565267640519,0.0712517853606631,0.0078191645736424,0.0065038770677963,80,80,0.3417142857142857,target_prevalence,0.0398520372095528,0.0134426442393577,0.0264093929701951,0.0627679188454857,0.0727170517505812,"{""class_weight"": ""balanced"", ""colsample_bytree"": 1.0, ""deterministic"": true, ""force_col_wise"": true, ""learning_rate"": 0.035, ""min_child_samples"": 12, ""n_estimators"": 180, ""n_jobs"": 1, ""num_leaves"": 15, ""objective"": ""binary"", ""reg_lambda"": 1.0, ""subsample"": 1.0, ""verbosity"": -1}",7340a032adf73dcca6285d723e7b8782f8c2625f4216107ab44a30759e1137a7,0.2659601701905395,0.152774629167324,0.1131855410232154,0.7309090909090908,0.709090909090909,0.4285714285714285,0.4285714285714285,0.5217229815363588,0.2127572529445386,2.939196886568652,3.804978439732016,0.8657815531633632,1.1102230246251564e-14,False
18,4,2,3,DDD,B,2013B,2014B,14,logistic,source_train_only_activity_types,11,0,,1,clicks_oucollaborate,1197,1050,837,360,160,0.5747702589807853,0.5447619047619048,0.7553282182438192,0.6963052637738831,-0.0590229544699361,0.8048252342901339,0.720869058509414,0.6048616360105344,0.6857147660304359,0.0808531300199014,0.2062103334055236,0.2337165543279319,0.0275062209224082,0.0286697609800763,0.0102111481294212,-0.0017354940724833,0.0160736158862344,-0.0058624677568131,0.2201875063580859,0.0081273429409523,0.0045229057033652,0.0251336341842846,-0.0170062912433323,0.0081186621438561,0.0255466986407482,-0.0174280364968921,0.0082243092914954,0.0080303765904092,0.0205196163195321,0.0297476520490371,76,80,0.5447619047619048,target_prevalence,0.0153912010749105,0.0155294265541465,-0.0001382254792359,-0.0030003466180245,-0.0057242422775771,"{""C"": 1.0, ""class_weight"": ""balanced"", ""max_iter"": 5000, ""solver"": ""lbfgs""}",0ec0160f1649f42124ca093cb28e50d00a77309027bbdbb0b9ac6257ff1aa269,0.0487925338115635,0.3416325904788619,-0.2928400566672984,0.94,0.3933333333333332,0.6666666666666666,0.4285714285714285,0.3192619868131277,0.582649903235319,6.041145945394783,5.753557689237191,-0.2875882561575924,1.0658141036401504e-14,False
18,4,2,3,DDD,B,2013B,2014B,14,lightgbm,source_train_only_activity_types,11,0,,1,clicks_oucollaborate,1197,1050,837,360,160,0.5747702589807853,0.5447619047619048,0.6970098828581353,0.664394183222635,-0.0326156996355002,0.7542386684070009,0.6911331796687533,0.6815791038068367,0.7133881148771959,0.0318090110703591,0.2330989689566295,0.2463454231343476,0.0132464541777181,0.0050519402608062,0.0043908883446714,-0.0024078528564256,0.0091398223810805,-0.004748934036409,0.2579203146152607,0.0061939531486953,-0.0022139374335814,0.0115517433548782,-0.0053577902061829,0.0058235862558586,0.011740328168381,-0.0059167419125224,0.0103310301431479,0.0020568761542427,0.0094452108636238,0.0136582758461327,76,80,0.5447619047619048,target_prevalence,0.0053005586333225,0.008226861353365,-0.0029263027200425,-0.0038376183782257,-0.0018226313163664,"{""class_weight"": ""balanced"", ""colsample_bytree"": 1.0, ""deterministic"": true, ""force_col_wise"": true, ""learning_rate"": 0.035, ""min_child_samples"": 12, ""n_estimators"": 180, ""n_jobs"": 1, ""num_leaves"": 15, ""objective"": ""binary"", ""reg_lambda"": 1.0, ""subsample"": 1.0, ""verbosity"": -1}",7340a032adf73dcca6285d723e7b8782f8c2625f4216107ab44a30759e1137a7,0.0895187440789352,0.3075650124528152,-0.2180462683738799,0.9133333333333332,0.3933333333333332,1.0,0.25,0.6104177438413528,0.6230302051475045,3.811983566082511,3.713009553714715,-0.0989740123677962,7.549516567451064e-15,False
18,4,2,3,DDD,B,2013B,2014B,56,logistic,source_train_only_activity_types,11,0,,1,clicks_oucollaborate,1085,971,759,326,159,0.5299539170506913,0.5077239958805355,0.7384865314141071,0.7287760869749718,-0.0097104444391353,0.7731064381241215,0.7278363238183836,0.6360376163557279,0.655663236515529,0.0196256201598011,0.2173193948868688,0.222835695904304,0.0055163010174352,0.0234991877290412,0.0197939959946699,-0.0005897544606053,0.0202329656253895,-0.0004389696307195,0.2739097311840686,0.013531764648848,0.0003620022797365,0.0297303219199437,-0.0161985572710957,0.0134267052708035,0.0298307336124094,-0.0164040283416058,0.020332608387596,0.0067309209100999,0.0232303383610029,0.0362303054788846,76,80,0.5077239958805355,target_prevalence,0.0129889911697689,0.0156373833786274,-0.0026483922088585,-0.001543680919789,0.0022094225781389,"{""C"": 1.0, ""class_weight"": ""balanced"", ""max_iter"": 5000, ""solver"": ""lbfgs""}",0ec0160f1649f42124ca093cb28e50d00a77309027bbdbb0b9ac6257ff1aa269,0.030828859442185,0.3520544075395742,-0.321225548097389,0.98,0.4599999999999999,1.0,0.1111111111111111,0.8100405640770105,0.193315053921721,4.755286202914247,4.771194707390475,0.0159085044762274,2.664535259100376e-15,False
18,4,2,3,DDD,B,2013B,2014B,56,lightgbm,source_train_only_activity_types,11,0,,1,clicks_oucollaborate,1085,971,759,326,159,0.5299539170506913,0.5077239958805355,0.7676527258302166,0.7425802235480832,-0.0250725022821334,0.8208115357439729,0.7570505922175893,0.5881749188447358,0.6773424595089365,0.0891675406642006,0.2022161736740755,0.223828496325234,0.0216123226511585,0.0116362537307794,0.011524395629516,-0.0016582148275837,0.0065796025323082,0.0049447930972078,0.2444651451552084,0.0151229077668193,-0.0021237477959446,0.0095283187619946,0.0055945890048246,0.0150519123306787,0.0096035407402643,0.0054483715904143,0.0197186789996544,0.0105271365339842,0.0046589493686724,0.0143976881553169,76,80,0.5077239958805355,target_prevalence,0.0146254082816266,0.0073668154755464,0.0072585928060802,0.006101692951644,-0.0023137997088724,"{""class_weight"": ""balanced"", ""colsample_bytree"": 1.0, ""deterministic"": true, ""force_col_wise"": true, ""learning_rate"": 0.035, ""min_child_samples"": 12, ""n_estimators"": 180, ""n_jobs"": 1, ""num_leaves"": 15, ""objective"": ""binary"", ""reg_lambda"": 1.0, ""subsample"": 1.0, ""verbosity"": -1}",7340a032adf73dcca6285d723e7b8782f8c2625f4216107ab44a30759e1137a7,0.1043655961003018,0.2360535163684723,-0.1316879202681705,0.8599999999999999,0.5733333333333333,0.6666666666666666,0.4285714285714285,0.890315252876172,0.829130438295911,3.806259183972261,4.128643384609304,0.3223842006370434,7.271960811294775e-15,False
18,4,2,4,DDD,J,2013J,2014J,14,logistic,source_train_only_activity_types,10,0,,0,,1675,1479,1172,503,160,0.5068656716417911,0.4645030425963489,0.7430265654648955,0.6773447723229382,-0.0656817931419573,0.7583942875570524,0.6218266183971135,0.6014835876216587,0.685973774350958,0.0844901867292993,0.206669487493204,0.2350317044636756,0.0283622169704716,0.0239563567362427,0.0105500083383504,-0.0007916023839482,0.0104346351893925,0.0001153731489578,0.19173031007043,0.0156795760635129,-2.2861657467371232e-05,0.0199836857619364,-0.0043041096984234,0.0164446104543515,0.0193949623328935,-0.002950351878542,0.0264556319116106,0.0049035202154153,0.0116910957471328,0.0282762757767399,80,80,0.4645030425963489,target_prevalence,0.0042207364239358,0.0137342899394821,-0.0095135535155463,-0.0046990901832942,0.0096289266645041,"{""C"": 1.0, ""class_weight"": ""balanced"", ""max_iter"": 5000, ""solver"": ""lbfgs""}",0ec0160f1649f42124ca093cb28e50d00a77309027bbdbb0b9ac6257ff1aa269,0.0561498543599341,0.2332989649009378,-0.1771491105410037,0.9202898550724636,0.6666666666666667,1.0,0.4285714285714285,0.6654258723197579,0.7682887929451407,3.9628046653372535,4.078365535917254,0.1155608705800008,7.105427357601002e-15,False
18,4,2,4,DDD,J,2013J,2014J,14,lightgbm,source_train_only_activity_types,10,0,,0,,1675,1479,1172,503,160,0.5068656716417911,0.4645030425963489,0.7334123972169513,0.6509031361651448,-0.0825092610518064,0.7358339814360638,0.6154004825156099,0.6099748155222895,0.6766500166533344,0.0666752011310448,0.2108423119320631,0.2387476096861564,0.0279052977540933,0.0275300442757748,0.0125317615155531,0.0003709513215379,0.0136936834924814,-0.0011619219769282,0.2881286447451298,0.0113462305627462,0.0049392819938307,0.0215696430366627,-0.0102234124739164,0.0117502612897677,0.0220271676002071,-0.0102769063104393,0.0170372919462208,0.0056551691792716,0.0280142033174454,0.0151250827558799,80,80,0.4645030425963489,target_prevalence,0.0051539998046629,0.0089934495149127,-0.0038394497102498,-0.002500685843589,0.0026775277333216,"{""class_weight"": ""balanced"", ""colsample_bytree"": 1.0, ""deterministic"": true, ""force_col_wise"": true, ""learning_rate"": 0.035, ""min_child_samples"": 12, ""n_estimators"": 180, ""n_jobs"": 1, ""num_leaves"": 15, ""objective"": ""binary"", ""reg_lambda"": 1.0, ""subsample"": 1.0, ""verbosity"": -1}",7340a032adf73dcca6285d723e7b8782f8c2625f4216107ab44a30759e1137a7,0.0966019835750846,0.2399393565618926,-0.1433373729868079,0.8550724637681159,0.4565217391304348,0.6666666666666666,0.25,0.5802635323997696,0.2807589638944942,2.7725412173461925,2.7301094844552467,-0.0424317328909458,5.3290705182007506e-15,False
18,4,2,4,DDD,J,2013J,2014J,56,logistic,source_train_only_activity_types,10,0,,0,,1574,1417,1101,473,160,0.4739517153748411,0.4410726887791108,0.7764092082616179,0.7352101010101011,-0.0411991072515167,0.7593129661493295,0.6628490704847623,0.5955810647339919,0.6397858170285994,0.0442047522946075,0.1924173655659743,0.2179258735306183,0.025508507964644,0.0232537292025243,0.0299914390687435,-0.0023425163437268,0.0144416167835058,0.0155498222852377,0.218247480146904,0.0303241010585767,-0.0017691562588981,0.0296141934055836,0.0007099076529931,0.0323600660490583,0.0282747288372843,0.004085337211774,0.0475993249598493,0.0130488771573041,0.0182487964398346,0.0409795903713325,80,80,0.4410726887791108,target_prevalence,0.0269749105643591,0.0150458259711698,0.0119290845931893,0.0137394534392135,0.0036207376920484,"{""C"": 1.0, ""class_weight"": ""balanced"", ""max_iter"": 5000, ""solver"": ""lbfgs""}",0ec0160f1649f42124ca093cb28e50d00a77309027bbdbb0b9ac6257ff1aa269,0.0654108654892797,0.304068836112757,-0.2386579706234772,0.9202898550724636,0.3840579710144927,0.6666666666666666,0.4285714285714285,0.8832543994321643,0.2856344796275376,4.2965504337193305,4.3581703486302175,0.0616199149108869,7.105427357601002e-15,False
18,4,2,4,DDD,J,2013J,2014J,56,lightgbm,source_train_only_activity_types,10,0,,0,,1574,1417,1101,473,160,0.4739517153748411,0.4410726887791108,0.7726979345955249,0.6424323232323232,-0.1302656113632017,0.7712024342550257,0.6223289403458057,0.5820073667446486,0.8593903445272127,0.2773829777825641,0.1960392736741603,0.3091036026599517,0.1130643289857913,0.0168172690763053,0.2533136129044904,-0.002175346688121,0.00574500346246,0.2475686094420303,0.2350888973494326,0.2652337253419157,0.0031402037020893,0.0158377264932259,0.2493959988486897,0.2882952957678226,0.016205173109484,0.2720901226583385,0.4609118408719164,0.0695556098119148,0.0189555220335719,0.0127199309528799,80,80,0.4410726887791108,target_prevalence,0.200440565579817,0.0060987478807472,0.1943418176990698,0.2209552135705501,0.0532267917429605,"{""class_weight"": ""balanced"", ""colsample_bytree"": 1.0, ""deterministic"": true, ""force_col_wise"": true, ""learning_rate"": 0.035, ""min_child_samples"": 12, ""n_estimators"": 180, ""n_jobs"": 1, ""num_leaves"": 15, ""objective"": ""binary"", ""reg_lambda"": 1.0, ""subsample"": 1.0, ""verbosity"": -1}",7340a032adf73dcca6285d723e7b8782f8c2625f4216107ab44a30759e1137a7,0.1078945733549891,0.188390400411113,-0.0804958270561239,0.9130434782608696,0.5217391304347826,0.6666666666666666,0.4285714285714285,0.3378067818018334,0.5652816542004185,3.437765114048015,4.017863926908944,0.5800988128609292,6.217248937900877e-15,False
18,4,2,5,EEE,J,2013J,2014J,14,logistic,source_train_only_activity_types,9,0,,2,clicks_ouwiki|clicks_page,933,1027,653,280,138,0.3483386923901393,0.3339824732229795,0.6646108993047769,0.682590830818543,0.017979931513766,0.5014896417371143,0.4674566480321611,0.7006343451961174,0.7185026907061428,0.0178683455100253,0.2408538661874643,0.2451251216103285,0.0042712554228642,0.0119982058757569,0.0059716441737709,-0.0013688439600494,0.0085737451658351,-0.0026021009920641,0.2159996782838064,0.0016390088946058,0.0008940504814841,0.0154692375739564,-0.0138302286793506,0.001836397574701,0.0114693010311488,-0.0096329034564478,0.0022334903446286,0.0010445274445831,0.0034225078687852,0.0275159672791276,80,49,0.3339824732229795,target_prevalence,0.0033356921488397,0.0099207166778598,-0.0065850245290201,-0.0045935627605421,0.0039829235369559,"{""C"": 1.0, ""class_weight"": ""balanced"", ""max_iter"": 5000, ""solver"": ""lbfgs""}",0ec0160f1649f42124ca093cb28e50d00a77309027bbdbb0b9ac6257ff1aa269,0.0772377645386633,0.2112096525682857,-0.1339718880296224,0.9051383399209486,0.6047430830039525,0.6666666666666666,0.4285714285714285,0.3767301903033285,0.3846507311792786,5.198496284035799,4.9329816154633646,-0.2655146685724343,3.552713678800501e-15,False
18,4,2,5,EEE,J,2013J,2014J,14,lightgbm,source_train_only_activity_types,9,0,,2,clicks_ouwiki|clicks_page,933,1027,653,280,138,0.3483386923901393,0.3339824732229795,0.7155752410854451,0.6815124546059025,-0.0340627864795426,0.6285303170361458,0.5004127331072619,0.6234601336707813,0.6347104461005231,0.0112503124297417,0.2079406624508706,0.2177150501559048,0.0097743877050342,0.0469836286162818,0.0046754067198598,-0.000306211759722,0.0095535049324131,-0.0048780982125532,0.322278279748133,0.0061487664680824,0.0038344026655683,0.0401403896105355,-0.0339916231424531,0.0069130471769077,0.0295629724485595,-0.0226499252716518,0.0084505737641633,0.0038469591720014,0.0082840628499802,0.0719967163710908,80,49,0.3339824732229795,target_prevalence,0.0013874041140173,0.01216856137766,-0.0107811572636426,-0.0078296277380979,0.0059030590510893,"{""class_weight"": ""balanced"", ""colsample_bytree"": 1.0, ""deterministic"": true, ""force_col_wise"": true, ""learning_rate"": 0.035, ""min_child_samples"": 12, ""n_estimators"": 180, ""n_jobs"": 1, ""num_leaves"": 15, ""objective"": ""binary"", ""reg_lambda"": 1.0, ""subsample"": 1.0, ""verbosity"": -1}",7340a032adf73dcca6285d723e7b8782f8c2625f4216107ab44a30759e1137a7,0.0536486113774446,0.2446532311767921,-0.1910046197993474,0.8893280632411068,0.5306941097826292,0.6666666666666666,0.25,0.7065478348763407,0.3022569945669295,3.293893326582804,3.3391605675504703,0.0452672409676666,7.549516567451064e-15,False
18,4,2,5,EEE,J,2013J,2014J,56,logistic,source_train_only_activity_types,9,0,,2,clicks_ouwiki|clicks_page,906,997,634,272,134,0.3278145695364238,0.3139418254764293,0.6700435930496715,0.7517188872073689,0.0816752941576973,0.5345170709925401,0.5885891339030392,0.7139591862915013,0.6344372458857838,-0.0795219404057175,0.246713214268371,0.2117742708112369,-0.0349389434571341,0.0080432246577025,0.0031510014121245,0.0008238643561618,0.0107248417547529,-0.0075738403426283,0.2612301762102099,-6.957858559872299e-05,0.0023248554588976,0.0183405360802496,-0.0184101146658484,0.0007443263338028,0.0162653289405107,-0.0155210026067079,0.0021176537719305,-0.0022568109431279,0.0127637664890913,0.0239173056714079,80,44,0.3139418254764293,target_prevalence,0.0011887299373137,0.0134090023204595,-0.0122202723831457,-0.009897056362887,0.0046464320405174,"{""C"": 1.0, ""class_weight"": ""balanced"", ""max_iter"": 5000, ""solver"": ""lbfgs""}",0ec0160f1649f42124ca093cb28e50d00a77309027bbdbb0b9ac6257ff1aa269,0.0622101308362386,0.3463964528033905,-0.2841863219671518,0.9209486166007904,0.391304347826087,0.6666666666666666,0.4285714285714285,0.6068792611127172,0.5566672133373309,4.9842488972033,4.900809121435607,-0.083439775767693,1.7763568394002505e-15,False
18,4,2,5,EEE,J,2013J,2014J,56,lightgbm,source_train_only_activity_types,9,0,,2,clicks_ouwiki|clicks_page,906,997,634,272,134,0.3278145695364238,0.3139418254764293,0.6793147909375575,0.7722801412476878,0.0929653503101303,0.5855014848568705,0.6641648449620093,0.6692260121070284,0.5414559617371737,-0.1277700503698546,0.2213885630719009,0.1769732738632138,-0.044415289208687,0.0020261558298028,0.0066866476087009,-8.060057656311681e-05,0.008421874653813,-0.001735227045112,0.296571764085359,0.0058308764866663,0.0029492076930497,0.0166501089839404,-0.010819232497274,0.007006375672707,0.0160953996741084,-0.0090890240014013,0.0089898325203121,0.0026719204530206,0.0151594211621008,0.01814079680578,80,44,0.3139418254764293,target_prevalence,0.0142166792277481,0.0066124581042641,0.007604221123484,0.0029344970391859,-0.0093394481685961,"{""class_weight"": ""balanced"", ""colsample_bytree"": 1.0, ""deterministic"": true, ""force_col_wise"": true, ""learning_rate"": 0.035, ""min_child_samples"": 12, ""n_estimators"": 180, ""n_jobs"": 1, ""num_leaves"": 15, ""objective"": ""binary"", ""reg_lambda"": 1.0, ""subsample"": 1.0, ""verbosity"": -1}",7340a032adf73dcca6285d723e7b8782f8c2625f4216107ab44a30759e1137a7,0.0576878211183588,0.2571679951137765,-0.1994801739954177,0.8968253968253967,0.6653478391304604,0.6666666666666666,0.4285714285714285,0.5312030004447866,0.6622795789161496,3.7597880280365854,3.898660350060996,0.1388723220244094,6.661338147750939e-15,False
18,4,2,6,FFF,B,2013B,2014B,14,logistic,source_train_only_activity_types,13,0,,1,clicks_oucollaborate,1520,1309,1064,456,160,0.4861842105263158,0.5011459129106188,0.7126357126357126,0.6960113733985732,-0.0166243392371393,0.7063903900326998,0.6631527085281916,0.726907926741909,0.7251247916072951,-0.0017831351346138,0.2272632869894178,0.236470391605236,0.0092071046158181,0.0275275275275274,0.0085989751160914,-0.0011663596982389,0.0125141409151645,-0.003915165799073,0.1819609958840213,0.0192151745525143,0.002700296351791,0.022182696577831,-0.0029675220253166,0.0192128340972923,0.0222043116082025,-0.0029914775109102,0.0202363931810635,0.0181939559239652,0.0127513383257141,0.0316140548299479,80,80,0.5011459129106188,target_prevalence,0.0080317433104148,0.0150694280475918,-0.0070376847371769,-0.005476425268125,0.0031225189381039,"{""C"": 1.0, ""class_weight"": ""balanced"", ""max_iter"": 5000, ""solver"": ""lbfgs""}",0ec0160f1649f42124ca093cb28e50d00a77309027bbdbb0b9ac6257ff1aa269,0.0631315068106476,0.242313192911686,-0.1791816861010384,0.9031339031339032,0.6068376068376069,0.6666666666666666,1.0,0.6211236562472169,0.304974067712516,5.860844345464898,5.678773956174412,-0.1820703892904855,1.4210854715202004e-14,False
18,4,2,6,FFF,B,2013B,2014B,14,lightgbm,source_train_only_activity_types,13,0,,1,clicks_oucollaborate,1520,1309,1064,456,160,0.4861842105263158,0.5011459129106188,0.7145414645414646,0.6978123949501362,-0.0167290695913283,0.7190053528413478,0.6838187363383705,0.6615234729790087,0.6904933595292491,0.0289698865502403,0.2246175515902682,0.2345514635781279,0.0099339119878596,0.0100870100870104,0.0075772604724527,-0.0008706810542418,0.0051365146681487,0.0024407458043039,0.2439961020842861,0.0058684041835863,-0.0035655242063425,0.0087780903074645,-0.0029096861238782,0.0058628633001279,0.0087801150182181,-0.0029172517180901,0.0082860763325803,0.0034507320345922,0.0078946415153105,0.0096615390996184,80,80,0.5011459129106188,target_prevalence,0.0093798798781609,0.0066255859061968,0.002754293971964,0.002597519888134,-0.0003135481676601,"{""class_weight"": ""balanced"", ""colsample_bytree"": 1.0, ""deterministic"": true, ""force_col_wise"": true, ""learning_rate"": 0.035, ""min_child_samples"": 12, ""n_estimators"": 180, ""n_jobs"": 1, ""num_leaves"": 15, ""objective"": ""binary"", ""reg_lambda"": 1.0, ""subsample"": 1.0, ""verbosity"": -1}",7340a032adf73dcca6285d723e7b8782f8c2625f4216107ab44a30759e1137a7,0.042812798946323,0.2350087205293417,-0.1921959215830187,0.9485714285714284,0.4914285714285714,1.0,0.25,0.7315737734959302,0.5617408789349543,3.837738704582519,4.061259523725903,0.2235208191433844,6.217248937900877e-15,False
18,4,2,6,FFF,B,2013B,2014B,56,logistic,source_train_only_activity_types,13,0,,1,clicks_oucollaborate,1407,1257,984,423,160,0.4442075337597725,0.4797136038186158,0.8177229515617926,0.7576135631729223,-0.0601093883888703,0.8034464655679651,0.711812701147029,0.5201767568414716,0.6588813816993939,0.1387046248579223,0.1744213669810612,0.2140616834960821,0.0396403165150208,0.0232910819375281,0.00948243848984,0.0027141781224511,0.0293890359898789,-0.0199065975000388,0.2469233090780291,0.0273449052240606,-0.0017994440172774,0.0354477109122895,-0.0081028056882288,0.0274854560536519,0.035192640887985,-0.007707184834333,0.0308090697886946,0.0238807406594266,0.0291609850191388,0.0417344368054401,80,80,0.4797136038186158,target_prevalence,0.006364610437504,0.0174488422193763,-0.0110842317818722,-0.0154954146409555,-0.0088223657181665,"{""C"": 1.0, ""class_weight"": ""balanced"", ""max_iter"": 5000, ""solver"": ""lbfgs""}",0ec0160f1649f42124ca093cb28e50d00a77309027bbdbb0b9ac6257ff1aa269,0.1057592091111452,0.3453397124533551,-0.2395805033422098,0.9373219373219376,0.4074074074074075,0.6666666666666666,0.4285714285714285,0.7553034139345339,0.2083615606526698,6.941535434237652,7.562268208478946,0.6207327742412936,1.4210854715202004e-14,False
18,4,2,6,FFF,B,2013B,2014B,56,lightgbm,source_train_only_activity_types,13,0,,1,clicks_oucollaborate,1407,1257,984,423,160,0.4442075337597725,0.4797136038186158,0.8018560434585786,0.7633265882615464,-0.0385294551970322,0.78915158658737,0.7507636660675072,0.5276791163158282,0.6053515631073116,0.0776724467914834,0.1783864951047963,0.2033129698645327,0.0249264747597364,0.0122227252150293,0.0211916382744616,-0.0009075561694397,0.0103140018148171,0.0108776364596445,0.2389244478480334,0.0278676262244254,-0.0001329854252483,0.0225615677755963,0.0053060584488291,0.0284568562497048,0.0221923959997988,0.006264460249906,0.042390413318076,0.0133448391307749,0.0134625693015275,0.0316605662496651,80,80,0.4797136038186158,target_prevalence,0.020027048062519,0.0124704772849535,0.0075565707775654,0.009217103618605,0.003321065682079,"{""class_weight"": ""balanced"", ""colsample_bytree"": 1.0, ""deterministic"": true, ""force_col_wise"": true, ""learning_rate"": 0.035, ""min_child_samples"": 12, ""n_estimators"": 180, ""n_jobs"": 1, ""num_leaves"": 15, ""objective"": ""binary"", ""reg_lambda"": 1.0, ""subsample"": 1.0, ""verbosity"": -1}",7340a032adf73dcca6285d723e7b8782f8c2625f4216107ab44a30759e1137a7,0.0846447520642837,0.2463760414316854,-0.1617312893674017,0.8233618233618234,0.6296296296296297,0.6666666666666666,0.25,0.8939383723706316,0.562160688147774,3.736687956882217,3.837390268650588,0.1007023117683711,7.549516567451064e-15,False
18,4,2,7,FFF,J,2013J,2014J,14,logistic,source_train_only_activity_types,13,0,,1,clicks_htmlactivity,1998,1886,1398,600,160,0.4519519519519519,0.4077412513255567,0.7299543512152447,0.7394795878333777,0.009525236618133,0.6964684831162182,0.6410771223183727,0.6225789174775567,0.6068649505152078,-0.0157139669623488,0.2128917871090261,0.2070495692877337,-0.0058422178212924,0.005742549826714,0.0049013098099453,-0.001503726090254,0.0256441016387635,-0.0207427918288181,0.3320656742823483,0.0095827926457777,-0.002771765528438,0.0345767265607263,-0.0249939339149485,0.0087650430078284,0.0320786489402428,-0.0233136059324144,0.0051509655849375,0.0140146197066178,0.0210382943991405,0.048115158722312,80,80,0.4077412513255567,target_prevalence,0.0232331595771726,0.0253187146445524,-0.0020855550673798,-0.011414173448099,-0.0186572367614383,"{""C"": 1.0, ""class_weight"": ""balanced"", ""max_iter"": 5000, ""solver"": ""lbfgs""}",0ec0160f1649f42124ca093cb28e50d00a77309027bbdbb0b9ac6257ff1aa269,0.0553848005163563,0.3888814730182972,-0.3334966725019408,0.9259259259259262,0.4985754985754986,1.0,0.25,0.51319702161921,0.6342740653302775,3.5226869306345647,3.725344141384287,0.2026572107497224,1.7763568394002505e-15,False
18,4,2,7,FFF,J,2013J,2014J,14,lightgbm,source_train_only_activity_types,13,0,,1,clicks_htmlactivity,1998,1886,1398,600,160,0.4519519519519519,0.4077412513255567,0.710472302291412,0.7199137807591158,0.0094414784677038,0.6847930881956303,0.6302280003733886,0.6471136300121618,0.6336831975461242,-0.0134304324660375,0.2237712011445986,0.2163559970237297,-0.0074152041208688,0.0046321739813143,0.0149304286507873,-0.0007910433515171,0.0035208019576969,0.0114096266930903,0.2278740965611999,0.019285722880193,-0.0006413283020631,0.0087591005235815,0.0105266223566115,0.0195834657357178,0.0077336820190985,0.0118497837166192,0.0208993522638702,0.0176720934965158,0.0032018036860674,0.0143163973610956,80,80,0.4077412513255567,target_prevalence,0.0438413391225104,0.006530191574967,0.0373111475475433,0.0243603871203168,-0.025901520854453,"{""class_weight"": ""balanced"", ""colsample_bytree"": 1.0, ""deterministic"": true, ""force_col_wise"": true, ""learning_rate"": 0.035, ""min_child_samples"": 12, ""n_estimators"": 180, ""n_jobs"": 1, ""num_leaves"": 15, ""objective"": ""binary"", ""reg_lambda"": 1.0, ""subsample"": 1.0, ""verbosity"": -1}",7340a032adf73dcca6285d723e7b8782f8c2625f4216107ab44a30759e1137a7,0.0517578536202543,0.1815731650955602,-0.1298153114753059,0.9142857142857144,0.7371428571428571,0.6666666666666666,1.0,0.5015647638707319,0.413853345550508,3.1023056420418995,3.088061299917632,-0.0142443421242672,5.773159728050814e-15,False
18,4,2,7,FFF,J,2013J,2014J,56,logistic,source_train_only_activity_types,14,0,,1,clicks_htmlactivity,1915,1793,1340,575,160,0.4281984334203655,0.3770217512548801,0.8045567993673858,0.7774615543536416,-0.0270952450137441,0.7488092627499194,0.6867123553737171,0.5456769668179734,0.5851197161820091,0.0394427493640356,0.1825499859645534,0.198483380097103,0.0159333941325495,0.0075370054612401,0.00815562604001,-0.0021274753116474,0.0088188578044384,-0.0006632317644283,0.1671841122920537,0.0095076012309258,0.0012283403514006,0.0164349610350617,-0.0069273598041358,0.0101868539453058,0.0143715984305299,-0.004184744485224,0.0122692795005024,0.0067459229613492,0.0080458246406727,0.0248240974294507,80,80,0.3770217512548801,target_prevalence,0.0246355661836429,0.0060820677563225,0.0185534984273204,0.008945133331446,-0.0192167301917488,"{""C"": 1.0, ""class_weight"": ""balanced"", ""max_iter"": 5000, ""solver"": ""lbfgs""}",0ec0160f1649f42124ca093cb28e50d00a77309027bbdbb0b9ac6257ff1aa269,0.045727445268647,0.2470554562996429,-0.2013280110309959,0.9735449735449736,0.6349206349206349,1.0,0.6666666666666666,0.3865820730912284,0.6233600962391019,5.328458715104276,5.465692959829103,0.1372342447248273,1.7763568394002505e-15,False
18,4,2,7,FFF,J,2013J,2014J,56,lightgbm,source_train_only_activity_types,14,0,,1,clicks_htmlactivity,1915,1793,1340,575,160,0.4281984334203655,0.3770217512548801,0.7785108854128054,0.7580003496262708,-0.0205105357865346,0.738554709661279,0.7022109458192624,0.5684852455100882,0.5583681410637282,-0.0101171044463599,0.1917292544211773,0.188729595053121,-0.0029996593680563,0.0057824894358367,0.0253064706704859,-0.0013349583579638,0.0109405035203601,0.0143659671501257,0.2589272360287198,0.0221225025262435,-0.0009545914174283,0.0235120088350014,-0.0013895063087579,0.0215296680945791,0.0251783694424943,-0.0036487013479151,0.0197121802224471,0.0245328248300399,0.0302870305339464,0.0167369871360564,80,80,0.3770217512548801,target_prevalence,0.0439069241446222,0.0104946536606418,0.0334122704839804,0.0238891188170531,-0.0190463033338546,"{""class_weight"": ""balanced"", ""colsample_bytree"": 1.0, ""deterministic"": true, ""force_col_wise"": true, ""learning_rate"": 0.035, ""min_child_samples"": 12, ""n_estimators"": 180, ""n_jobs"": 1, ""num_leaves"": 15, ""objective"": ""binary"", ""reg_lambda"": 1.0, ""subsample"": 1.0, ""verbosity"": -1}",7340a032adf73dcca6285d723e7b8782f8c2625f4216107ab44a30759e1137a7,0.0928533967619755,0.2328117159628397,-0.1399583192008642,0.8624338624338624,0.617219084443099,0.6666666666666666,0.4285714285714285,0.4476747679422137,0.5158345178128964,3.3439031391983463,3.48933233839587,0.1454291991975238,6.217248937900877e-15,False
18,4,2,8,GGG,J,2013J,2014J,14,logistic,source_train_only_activity_types,6,0,,1,clicks_quiz,926,719,648,278,134,0.3606911447084233,0.3824756606397774,0.5891011235955056,0.6368140868140868,0.0477129632185812,0.4406011180369323,0.5025729547389561,0.7519674157680895,0.766306879618242,0.0143394638501525,0.2654545972887618,0.2556718261786426,-0.0097827711101191,0.0190449438202248,0.0180664312636629,-0.002326356249712,0.0555206118323798,-0.0374541805687169,0.3262001486591715,0.0158387544130177,-0.0029167306295045,0.057867849484169,-0.0420290950711512,0.0160107505930139,0.0532079688162387,-0.0371972182232248,0.0165705014746582,0.0151070073513773,0.0380426767016728,0.0776930222666653,80,50,0.3824756606397774,target_prevalence,0.0216795518884609,0.0502888339967321,-0.0286092821082712,-0.0330317313384941,-0.0088448984604457,"{""C"": 1.0, ""class_weight"": ""balanced"", ""max_iter"": 5000, ""solver"": ""lbfgs""}",0ec0160f1649f42124ca093cb28e50d00a77309027bbdbb0b9ac6257ff1aa269,0.1188101899553058,0.3643593052328562,-0.2455491152775504,0.9052631578947368,0.6000000000000001,0.6666666666666666,0.6666666666666666,0.5821303799630176,0.4557958738799042,4.213710797115473,5.9928181731664525,1.7791073760509797,3.552713678800501e-15,False
18,4,2,8,GGG,J,2013J,2014J,14,lightgbm,source_train_only_activity_types,6,0,,1,clicks_quiz,926,719,648,278,134,0.3606911447084233,0.3824756606397774,0.5633146067415731,0.6515397215397215,0.0882251147981484,0.422048797252582,0.5318338801243231,0.7361326494157635,0.7053305032637284,-0.0308021461520351,0.2610503148479278,0.2471296535355168,-0.013920661312411,0.0078089887640449,0.0387365606167111,-0.002477254340735,0.0175025848668715,0.0212339757498395,0.339832415701581,0.0570221090960553,0.0119146042490513,0.0369731627418279,0.0200489463542274,0.0552003114478267,0.0337015316588181,0.0214987797890086,0.0492713841902778,0.0647728340018329,0.0230542115661825,0.0508921139174732,80,50,0.3824756606397774,target_prevalence,0.1029110565422519,0.0183154674013362,0.0845955891409157,0.0529147824453776,-0.0633616133910761,"{""class_weight"": ""balanced"", ""colsample_bytree"": 1.0, ""deterministic"": true, ""force_col_wise"": true, ""learning_rate"": 0.035, ""min_child_samples"": 12, ""n_estimators"": 180, ""n_jobs"": 1, ""num_leaves"": 15, ""objective"": ""binary"", ""reg_lambda"": 1.0, ""subsample"": 1.0, ""verbosity"": -1}",7340a032adf73dcca6285d723e7b8782f8c2625f4216107ab44a30759e1137a7,0.1216531447053741,0.2094428190938377,-0.0877896743884635,0.8736842105263158,0.6842105263157895,1.0,0.6666666666666666,0.6589813196493121,0.67586618252026,2.9842810008397644,3.430435362429605,0.4461543615898407,1.3322676295501878e-14,False
18,4,2,8,GGG,J,2013J,2014J,56,logistic,source_train_only_activity_types,6,0,,1,clicks_quiz,919,698,643,276,136,0.3558215451577802,0.3638968481375358,0.6806351754184821,0.6310562531034972,-0.0495789223149848,0.5077261721445456,0.4752261554202537,0.6613510481179499,0.708684064670437,0.0473330165524871,0.229031961771415,0.24645245548335,0.017420493711935,0.0200068791561569,0.0416281778576814,-0.0016844204729951,0.017628840296165,0.0239993375615164,0.2248631647195988,0.0165592066074779,-0.0021298009818293,0.025004044932064,-0.0084448383245861,0.0210793541105408,0.0231899145028524,-0.0021105603923115,0.0331648011187302,-4.638790377436974e-05,0.018339502618434,0.0316685872456941,80,49,0.3638968481375358,target_prevalence,0.037789876668554,0.0199600027218264,0.0178298739467276,0.020914605754122,0.0061694636147887,"{""C"": 1.0, ""class_weight"": ""balanced"", ""max_iter"": 5000, ""solver"": ""lbfgs""}",0ec0160f1649f42124ca093cb28e50d00a77309027bbdbb0b9ac6257ff1aa269,0.1036323673360251,0.2494156335457713,-0.1457832662097462,0.8105263157894737,0.6736842105263158,1.0,0.6666666666666666,0.0055406688943188,0.5815243946355535,4.056622042090513,5.71596265442331,1.6593406123327972,5.10702591327572e-15,False
18,4,2,8,GGG,J,2013J,2014J,56,lightgbm,source_train_only_activity_types,6,0,,1,clicks_quiz,919,698,643,276,136,0.3558215451577802,0.3638968481375358,0.6390162806695712,0.6597547350500106,0.0207384543804394,0.5188004114159421,0.5367939535484032,0.6933111340668978,0.7030204925952935,0.0097093585283957,0.2385822957890075,0.2387557887795872,0.0001734929905796,0.0012898417794084,0.041089694754626,0.0005075559085512,0.013352678967509,0.027737015787117,0.3005243698433235,0.0321240143970893,-0.0006297100668234,0.0189718716398515,0.0131521427572377,0.0320285845897151,0.0200110917155263,0.0120174928741888,0.0317734354205252,0.0324745933736533,0.0227896380231197,0.0151541052565834,80,49,0.3638968481375358,target_prevalence,0.0605910015504115,0.0101475202878936,0.0504434812625178,0.0390902485248174,-0.0227064654754007,"{""class_weight"": ""balanced"", ""colsample_bytree"": 1.0, ""deterministic"": true, ""force_col_wise"": true, ""learning_rate"": 0.035, ""min_child_samples"": 12, ""n_estimators"": 180, ""n_jobs"": 1, ""num_leaves"": 15, ""objective"": ""binary"", ""reg_lambda"": 1.0, ""subsample"": 1.0, ""verbosity"": -1}",7340a032adf73dcca6285d723e7b8782f8c2625f4216107ab44a30759e1137a7,0.137558479073215,0.1855931097515915,-0.0480346306783764,0.8210526315789474,0.6631578947368422,0.6666666666666666,0.6666666666666666,0.4026281882012875,0.3098621961016349,3.2816663532194155,3.72988057835048,0.4482142251310645,8.548717289613705e-15,False
19,4,3,0,AAA,J,2013J,2014J,14,logistic,source_train_only_activity_types,9,0,,0,,370,350,259,111,53,0.2486486486486486,0.2771428571428571,0.6346815834767642,0.6155005908479687,-0.0191809926287954,0.3522652206424399,0.3600282213083179,0.6847241887146006,0.8488569643473144,0.1641327756327137,0.2296626465082487,0.2715108641585522,0.0418482176503034,0.120051635111876,0.0113714547118419,-0.00277596036694,0.0216710906722786,-0.0102996359604367,0.3180206345938887,-0.010871402894573,0.0318525486958657,0.0495181942729981,-0.0603895971675712,-0.0062120812924233,0.0328076772678976,-0.039019758560321,-0.0004177967359039,-0.021325009053242,0.0120266497102726,0.0870097388357237,41,14,0.2771428571428571,target_prevalence,-0.000529298173317,0.0134940449397599,-0.014023343113077,-0.0121614895367568,0.0037237071526402,"{""C"": 1.0, ""class_weight"": ""balanced"", ""max_iter"": 5000, ""solver"": ""lbfgs""}",0ec0160f1649f42124ca093cb28e50d00a77309027bbdbb0b9ac6257ff1aa269,0.0986494812361275,0.4114390719686737,-0.3127895907325461,0.857707509881423,0.3043478260869565,0.6666666666666666,0.25,0.4904742605110289,0.0850567260224425,8.517977115798873,8.791183598119252,0.2732064823203792,3.552713678800501e-15,False
19,4,3,0,AAA,J,2013J,2014J,14,lightgbm,source_train_only_activity_types,9,0,,0,,370,350,259,111,53,0.2486486486486486,0.2771428571428571,0.5593803786574871,0.5883215842875188,0.0289412056300316,0.3700294927854388,0.3881617386034975,0.8086355218483859,0.8008864666540647,-0.0077490551943212,0.2369526630842669,0.2442486119717603,0.0072959488874933,0.0817555938037865,0.000927422927381,-0.0052801003462417,0.0091505537682861,-0.008223130840905,0.3425464207377263,-0.0103357746308727,-0.0108815292679434,0.0042382528911005,-0.0145740275219733,-0.0053190887748266,0.0078675269277035,-0.0131866157025302,0.0009196103025639,-0.0215911595643095,0.0123808548962994,-0.0039043491140983,41,14,0.2771428571428571,target_prevalence,-0.0012380165318547,0.0117351080401602,-0.012973124572015,-0.01059812770646,0.0047499937311099,"{""class_weight"": ""balanced"", ""colsample_bytree"": 1.0, ""deterministic"": true, ""force_col_wise"": true, ""learning_rate"": 0.035, ""min_child_samples"": 12, ""n_estimators"": 180, ""n_jobs"": 1, ""num_leaves"": 15, ""objective"": ""binary"", ""reg_lambda"": 1.0, ""subsample"": 1.0, ""verbosity"": -1}",7340a032adf73dcca6285d723e7b8782f8c2625f4216107ab44a30759e1137a7,0.1056462478569766,0.303331426987334,-0.1976851791303573,0.8571428571428571,0.5317460317460317,0.6666666666666666,0.25,0.8515870083416177,0.5985098432052957,4.201282214181172,4.341603191303923,0.1403209771227507,7.327471962526033e-15,False
19,4,3,0,AAA,J,2013J,2014J,56,logistic,source_train_only_activity_types,9,0,,0,,365,342,255,110,52,0.2383561643835616,0.260233918128655,0.6584249084249084,0.5832926233512457,-0.0751322850736627,0.3540726074618154,0.3306887064435654,0.6745377776915019,0.784470981552776,0.109933203861274,0.2219629882679687,0.2666346321386174,0.0446716438706486,0.0343406593406593,0.009698542431176,0.0030226246554577,0.0242434081768799,-0.0145448657457039,0.3827351286562848,-0.0048305103331518,0.0060944144319722,0.0503929805496604,-0.0552234908828123,-0.0048755802967453,0.0400889826231148,-0.0449645629198601,-0.0049244976962553,-0.0047365229700483,0.0289053751174739,0.0718805859818469,42,13,0.260233918128655,target_prevalence,0.0141706185281909,0.0276711241240886,-0.0135005055958977,-0.0140226856708008,-0.0010443601498062,"{""C"": 1.0, ""class_weight"": ""balanced"", ""max_iter"": 5000, ""solver"": ""lbfgs""}",0ec0160f1649f42124ca093cb28e50d00a77309027bbdbb0b9ac6257ff1aa269,0.0912954447144954,0.3486310050659913,-0.2573355603514959,0.8656126482213439,0.3675889328063241,0.6666666666666666,0.25,0.6067427012731147,0.4938487334653725,6.696294769337379,6.529756608764231,-0.1665381605731477,3.1086244689504387e-15,False
19,4,3,0,AAA,J,2013J,2014J,56,lightgbm,source_train_only_activity_types,9,0,,0,,365,342,255,110,52,0.2383561643835616,0.260233918128655,0.61996336996337,0.6083847759470622,-0.0115785940163077,0.3343829879449783,0.3380412626258401,0.6767787498874074,0.7204733068276445,0.0436945569402371,0.2051863922165992,0.230685000699352,0.0254986084827527,0.0128205128205128,0.0083985175968492,-0.004501778798101,0.0268312736597113,-0.0184327560628621,0.430495453056882,2.7367915424514333e-05,0.0015581799314692,0.030110678546064,-0.0300833106306395,0.0064513573822687,0.0381616058608344,-0.0317102484785656,0.0134237361938436,-0.0133690003629946,0.046899807458573,0.013321549633555,42,13,0.260233918128655,target_prevalence,-0.0014794784612138,0.0207961664342574,-0.0222756448954712,-0.0203542004791666,0.0038428888326091,"{""class_weight"": ""balanced"", ""colsample_bytree"": 1.0, ""deterministic"": true, ""force_col_wise"": true, ""learning_rate"": 0.035, ""min_child_samples"": 12, ""n_estimators"": 180, ""n_jobs"": 1, ""num_leaves"": 15, ""objective"": ""binary"", ""reg_lambda"": 1.0, ""subsample"": 1.0, ""verbosity"": -1}",7340a032adf73dcca6285d723e7b8782f8c2625f4216107ab44a30759e1137a7,0.061933256563276,0.4471523581083659,-0.3852191015450898,0.92,0.1829058376721351,0.6666666666666666,0.1111111111111111,0.5610984964484039,0.2748757275777311,4.417391900890282,4.312408902987661,-0.1049829979026206,7.993605777301127e-15,False
19,4,3,1,BBB,B,2013B,2014B,14,logistic,source_train_only_activity_types,10,0,,1,clicks_oucollaborate,1606,1289,1124,482,160,0.5006226650062267,0.4375484871993794,0.7144677261066441,0.6840767913915382,-0.0303909347151059,0.6880916703962776,0.6128493838928291,0.6399092028268766,0.6769415841966705,0.0370323813697939,0.2201454556308221,0.2333606356373133,0.0132151800064912,0.0137394328610044,0.0046272230585699,2.3082819096020835e-05,0.0083523070710596,-0.0037250840124896,0.1777429243532698,0.0092075196096652,-0.0002468901211277,0.0142558427242937,-0.0050483231146285,0.0098211380671222,0.0134759939531134,-0.0036548558859911,0.0141202785640879,0.0042947606552425,0.0080122087736635,0.0204994766749239,80,80,0.4375484871993794,target_prevalence,0.0113241650739129,0.0101083855614474,0.0012157795124654,-0.001254652250012,-0.004940863524955,"{""C"": 1.0, ""class_weight"": ""balanced"", ""max_iter"": 5000, ""solver"": ""lbfgs""}",0ec0160f1649f42124ca093cb28e50d00a77309027bbdbb0b9ac6257ff1aa269,0.0964896494079922,0.2488430945389063,-0.1523534451309141,0.8695652173913043,0.5144927536231884,1.0,1.0,0.5634001469946975,0.4100174575904084,4.11860342030264,4.236458997327263,0.1178555770246232,2.220446049250313e-15,False
19,4,3,1,BBB,B,2013B,2014B,14,lightgbm,source_train_only_activity_types,10,0,,1,clicks_oucollaborate,1606,1289,1124,482,160,0.5006226650062267,0.4375484871993794,0.754515245949622,0.6891660552702372,-0.0653491906793848,0.7339081817922897,0.633580588815533,0.6021769594863906,0.698255446439614,0.0960784869532234,0.2047852745713769,0.2449269270065287,0.0401416524351518,0.0044592896127819,0.0027743685363936,0.003802436505273,0.0215339894082245,-0.0187596208718309,0.3157032522544244,-5.369998118898156e-05,0.0014461552076279,0.0267293813419743,-0.0267830813231633,0.0001735798798735,0.0261377973150306,-0.025964217435157,0.0017659505834665,-0.0018733505458445,0.0219930346914742,0.0314657279924744,80,80,0.4375484871993794,target_prevalence,-0.0003506412766067,0.0149740576850416,-0.0153246989616483,-0.0170421599167396,-0.0034349219101826,"{""class_weight"": ""balanced"", ""colsample_bytree"": 1.0, ""deterministic"": true, ""force_col_wise"": true, ""learning_rate"": 0.035, ""min_child_samples"": 12, ""n_estimators"": 180, ""n_jobs"": 1, ""num_leaves"": 15, ""objective"": ""binary"", ""reg_lambda"": 1.0, ""subsample"": 1.0, ""verbosity"": -1}",7340a032adf73dcca6285d723e7b8782f8c2625f4216107ab44a30759e1137a7,0.0654522147878889,0.3195595981348648,-0.2541073833469759,0.9420289855072465,0.5797101449275361,1.0,0.25,0.8316973136176726,0.500133191648419,2.952936509667152,3.026920276207413,0.0739837665402611,5.551115123125783e-15,False
19,4,3,1,BBB,B,2013B,2014B,56,logistic,source_train_only_activity_types,10,0,,1,clicks_oucollaborate,1470,1247,1029,441,160,0.454421768707483,0.4170008019246191,0.7601452282157677,0.7449211723627129,-0.0152240558530547,0.7257908958236163,0.707941831038013,0.6208954197083746,0.7078294504237609,0.0869340307153863,0.201640357575035,0.2132939545319119,0.0116535969568769,0.0046473029045643,0.0520660204062418,-0.0011454592196543,0.008597336124836,0.0434686842814057,0.1839604972953836,0.0467624534537956,0.0009802880355642,0.016398099389163,0.0303643540646326,0.0521469871917352,0.0157932477782144,0.0363537394135208,0.0791997170828326,0.0143251898247586,0.0127543797811779,0.020041818997148,80,80,0.4170008019246191,target_prevalence,0.0462535313061641,0.0084118200955798,0.0378417112105842,0.0406551977459949,0.0056269730708214,"{""C"": 1.0, ""class_weight"": ""balanced"", ""max_iter"": 5000, ""solver"": ""lbfgs""}",0ec0160f1649f42124ca093cb28e50d00a77309027bbdbb0b9ac6257ff1aa269,0.2325385966681978,0.2882909050324683,-0.0557523083642704,0.8478260869565217,0.4347826086956521,0.4285714285714285,0.25,0.192541181066923,0.6065195663391701,5.030119674850934,6.524757316127681,1.4946376412767464,7.105427357601002e-15,False
19,4,3,1,BBB,B,2013B,2014B,56,lightgbm,source_train_only_activity_types,10,0,,1,clicks_oucollaborate,1470,1247,1029,441,160,0.454421768707483,0.4170008019246191,0.773941908713693,0.7585652311924663,-0.0153766775212266,0.7720481517625247,0.7427037925786574,0.5846357322413984,0.6070560043263572,0.0224202720849587,0.195398213751435,0.2034367507964495,0.0080385370450145,0.0420746887966805,0.0179570234830768,-0.0016392281143685,0.012214820625506,0.0057422028575708,0.2314155216531863,0.0187036887057075,-0.0009926466462977,0.0123216905604575,0.00638199814525,0.020189904597505,0.0119959386536483,0.0081939659438566,0.0276568829910768,0.0097504944203382,0.0103593107160561,0.0142840704048589,80,80,0.4170008019246191,target_prevalence,0.0119426595132357,0.0047933835419118,0.0071492759713238,0.0064457394144473,-0.001407073113753,"{""class_weight"": ""balanced"", ""colsample_bytree"": 1.0, ""deterministic"": true, ""force_col_wise"": true, ""learning_rate"": 0.035, ""min_child_samples"": 12, ""n_estimators"": 180, ""n_jobs"": 1, ""num_leaves"": 15, ""objective"": ""binary"", ""reg_lambda"": 1.0, ""subsample"": 1.0, ""verbosity"": -1}",7340a032adf73dcca6285d723e7b8782f8c2625f4216107ab44a30759e1137a7,0.0873084743983281,0.2278410382014967,-0.1405325638031686,0.9130434782608696,0.6231884057971014,0.6666666666666666,0.4285714285714285,0.7860760935421878,0.6600523909076177,3.9617656782964046,4.26522146590021,0.3034557876038057,1.021405182655144e-14,True
19,4,3,2,BBB,J,2013J,2014J,14,logistic,source_train_only_activity_types,10,0,,0,,1851,1791,1295,556,160,0.4219340896812534,0.3618090452261306,0.7089679856830384,0.657494491429312,-0.0514734942537263,0.6282028701082645,0.4923325029321343,0.6272613552394648,0.7132395682063748,0.08597821296691,0.2173606159075403,0.2320564662190509,0.0146958503115106,0.0080864320275734,0.0799899480810074,-0.0010798453500047,0.0127812365523481,0.0672087115286592,0.2671669111527662,0.0833307328075559,-0.0023924026716378,0.0139861064576559,0.0693446263499,0.08993422901265,0.0119109025685672,0.0780233264440828,0.1072233827132598,0.059438082901852,0.0064776414771348,0.021494571438177,80,80,0.3618090452261306,target_prevalence,0.1784887263895113,0.0164682867086325,0.1620204396808787,0.114614575604769,-0.0948117281522195,"{""C"": 1.0, ""class_weight"": ""balanced"", ""max_iter"": 5000, ""solver"": ""lbfgs""}",0ec0160f1649f42124ca093cb28e50d00a77309027bbdbb0b9ac6257ff1aa269,0.2963789987471856,0.2830660514718599,0.0133129472753256,0.7318840579710145,0.5434782608695652,0.4285714285714285,0.6666666666666666,0.3482877947817939,0.7968755870282902,3.416654613035911,4.354340482186281,0.93768586915037,7.105427357601002e-15,False
19,4,3,2,BBB,J,2013J,2014J,14,lightgbm,source_train_only_activity_types,10,0,,0,,1851,1791,1295,556,160,0.4219340896812534,0.3618090452261306,0.6963213362497515,0.6765368642191331,-0.0197844720306183,0.6306172307255812,0.5286769436455069,0.6397993008282965,0.6432734091449663,0.0034741083166698,0.2220598516100294,0.2233897917310414,0.0013299401210119,0.0011002850135878,0.0260665901436831,0.0017693718015225,0.0078285629373388,0.0182380272063442,0.2486688613576707,0.0260679953832426,-0.0008988567851788,0.0097249479667078,0.0163430474165348,0.0297433758497909,0.0104648078300854,0.0192785680197054,0.0393661901622081,0.0127698006042771,0.0124018954723832,0.0070480004610323,80,80,0.3618090452261306,target_prevalence,0.0720972876947846,0.0100100207478092,0.0620872669469753,0.0401626470766598,-0.043849239740631,"{""class_weight"": ""balanced"", ""colsample_bytree"": 1.0, ""deterministic"": true, ""force_col_wise"": true, ""learning_rate"": 0.035, ""min_child_samples"": 12, ""n_estimators"": 180, ""n_jobs"": 1, ""num_leaves"": 15, ""objective"": ""binary"", ""reg_lambda"": 1.0, ""subsample"": 1.0, ""verbosity"": -1}",7340a032adf73dcca6285d723e7b8782f8c2625f4216107ab44a30759e1137a7,0.1347528630568547,0.1638275149838721,-0.0290746519270174,0.8260869565217391,0.7391304347826086,1.0,0.4285714285714285,0.5004951115744324,0.3813569674874508,2.8301993321781085,2.813993001212081,-0.0162063309660269,4.440892098500626e-15,False
19,4,3,2,BBB,J,2013J,2014J,56,logistic,source_train_only_activity_types,10,0,,0,,1785,1750,1249,536,160,0.3994397759103641,0.3417142857142857,0.7592732338770536,0.6905962583612041,-0.0686769755158495,0.6669131533092616,0.5273788061697147,0.5965788099629837,0.8000332662313485,0.2034544562683647,0.2013969215224675,0.2303135665084793,0.0289166449860117,0.0062111801242237,0.1290660639394322,-0.0004788079448936,0.0063305450576058,0.1227355188818263,0.1811553442032315,0.1097268337138027,-0.0011965375002006,0.0078897912358081,0.1018370424779946,0.1235618026301318,0.0061429590365106,0.1174188435936212,0.1534293528538316,0.0660243145737737,0.0023718194871247,0.0134077629844914,80,80,0.3417142857142857,target_prevalence,0.0522091585897301,0.004817236148311,0.0473919224414191,0.0850637206616227,0.0753435964404072,"{""C"": 1.0, ""class_weight"": ""balanced"", ""max_iter"": 5000, ""solver"": ""lbfgs""}",0ec0160f1649f42124ca093cb28e50d00a77309027bbdbb0b9ac6257ff1aa269,0.3589908018785587,0.2401413151746645,0.1188494867038942,0.7753623188405797,0.6014492753623188,0.4285714285714285,0.4285714285714285,0.2037137081052161,0.4081464545893229,4.129394472308229,6.045795689708345,1.9164012174001157,7.105427357601002e-15,False
19,4,3,2,BBB,J,2013J,2014J,56,lightgbm,source_train_only_activity_types,10,0,,0,,1785,1750,1249,536,160,0.3994397759103641,0.3417142857142857,0.7563563011551635,0.6559379064474172,-0.1004183947077462,0.7306195938008704,0.5057630435554773,0.5690349146933513,0.7819845776650665,0.2129496629717151,0.1931788545968871,0.2706665082539165,0.0774876536570293,0.0072125152377082,0.1088779656552054,0.0003808995667611,0.0076215844797188,0.1012563811754865,0.2730993163768214,0.0981842376684199,-0.0037197725820048,0.0143939396201993,0.0837902980482205,0.1137078746601253,0.0141629320320379,0.0995449426280873,0.147220997118753,0.0491474782180867,0.0136642225095813,0.0151236567308173,80,80,0.3417142857142857,target_prevalence,0.116869355981975,0.0110220483091103,0.1058473076728647,0.1035518444241756,-0.0045909264973781,"{""class_weight"": ""balanced"", ""colsample_bytree"": 1.0, ""deterministic"": true, ""force_col_wise"": true, ""learning_rate"": 0.035, ""min_child_samples"": 12, ""n_estimators"": 180, ""n_jobs"": 1, ""num_leaves"": 15, ""objective"": ""binary"", ""reg_lambda"": 1.0, ""subsample"": 1.0, ""verbosity"": -1}",7340a032adf73dcca6285d723e7b8782f8c2625f4216107ab44a30759e1137a7,0.1616404594771142,0.2127600976004349,-0.0511196381233207,0.7971014492753623,0.6521739130434783,0.6666666666666666,1.0,0.4166373921840057,0.5361695637577516,2.9836347559200957,3.601463248495508,0.6178284925754127,9.992007221626407e-15,False
19,4,3,3,DDD,B,2013B,2014B,14,logistic,source_train_only_activity_types,11,0,,1,clicks_oucollaborate,1197,1050,837,360,160,0.5747702589807853,0.5447619047619048,0.7322155915506299,0.6868544635281038,-0.0453611280225261,0.782184324184458,0.7199963339597824,0.6294940503378278,0.7388592406699424,0.1093651903321145,0.215289019145229,0.2482631147403014,0.0329740955950724,0.0113352909601844,0.0305744533397515,-0.001684515491179,0.0146698433651832,0.0159046099745682,0.208190091681765,0.0349140868583834,-0.002389913040063,0.0178011852324459,0.0171129016259374,0.0338173431363038,0.0185229108417875,0.0152944322945163,0.0471649475837399,0.0226632261330269,0.0097393566174596,0.0258630138474321,76,80,0.5447619047619048,target_prevalence,0.0102897595522453,0.013578399155148,-0.0032886396029027,0.0063079851858327,0.0191932495774709,"{""C"": 1.0, ""class_weight"": ""balanced"", ""max_iter"": 5000, ""solver"": ""lbfgs""}",0ec0160f1649f42124ca093cb28e50d00a77309027bbdbb0b9ac6257ff1aa269,0.0611155466083766,0.2763873852461528,-0.2152718386377761,0.8733333333333332,0.5399999999999999,1.0,0.4285714285714285,0.1403658267528698,0.5594465502447765,6.174133138120124,5.612546857450274,-0.5615862806698493,1.0658141036401504e-14,False
19,4,3,3,DDD,B,2013B,2014B,14,lightgbm,source_train_only_activity_types,11,0,,1,clicks_oucollaborate,1197,1050,837,360,160,0.5747702589807853,0.5447619047619048,0.7045562186227148,0.654606899376774,-0.0499493192459408,0.7675414331478358,0.6950596543418482,0.6593554140319067,0.7204550615984967,0.06109964756659,0.2269244288268387,0.2507760772069294,0.0238516483800906,0.0230179028132991,0.0008810961874108,-0.0023465763515403,0.0079058830833451,-0.0070247868959342,0.2603715892078077,0.0042064427112186,-0.0019690333052726,0.0091228892876991,-0.0049164465764805,0.0035501933362182,0.0091013234510443,-0.005551130114826,0.011536887857499,-0.0031240024350617,0.0093637842716093,0.0088819943037889,76,80,0.5447619047619048,target_prevalence,0.0069395668015838,0.0075620175801313,-0.0006224507785475,-0.0038236188372408,-0.0064023361173867,"{""class_weight"": ""balanced"", ""colsample_bytree"": 1.0, ""deterministic"": true, ""force_col_wise"": true, ""learning_rate"": 0.035, ""min_child_samples"": 12, ""n_estimators"": 180, ""n_jobs"": 1, ""num_leaves"": 15, ""objective"": ""binary"", ""reg_lambda"": 1.0, ""subsample"": 1.0, ""verbosity"": -1}",7340a032adf73dcca6285d723e7b8782f8c2625f4216107ab44a30759e1137a7,0.0751663161646404,0.2087980094333676,-0.1336316932687272,0.8466666666666665,0.6666666666666665,1.0,0.4285714285714285,0.6851886385848746,0.7799349479109733,3.8147383542026985,3.692755716495536,-0.1219826377071631,8.437694987151191e-15,False
19,4,3,3,DDD,B,2013B,2014B,56,logistic,source_train_only_activity_types,11,0,,1,clicks_oucollaborate,1085,971,759,326,159,0.5299539170506913,0.5077239958805355,0.7476293022025765,0.7225041798569087,-0.0251251223456677,0.7976510906847045,0.7241668506879573,0.6184779700965849,0.6671789721655036,0.0487010020689187,0.2132706470104045,0.2261568702527779,0.0128862232423734,0.0175677207299105,0.0074213698240562,0.0040072372416253,0.0173386893566898,-0.0099173195326335,0.2216778379101099,0.0094372889850342,-0.004963467693297,0.015112670740453,-0.0056753817554188,0.0093087745103843,0.015220626275489,-0.0059118517651047,0.0177564593107045,0.0011181186593638,0.0081243491057865,0.0221009923751195,76,80,0.5077239958805355,target_prevalence,0.0112120120313932,0.0137659927417687,-0.0025539807103754,-0.0062356501215045,-0.0073633388222581,"{""C"": 1.0, ""class_weight"": ""balanced"", ""max_iter"": 5000, ""solver"": ""lbfgs""}",0ec0160f1649f42124ca093cb28e50d00a77309027bbdbb0b9ac6257ff1aa269,0.0336757894437634,0.2603187749036641,-0.2266429854599006,0.9333333333333332,0.5599999999999998,1.0,0.4285714285714285,0.9079199471960776,0.3310073523814411,5.009508121831332,5.218942571542186,0.2094344497108542,5.3290705182007506e-15,False
19,4,3,3,DDD,B,2013B,2014B,56,lightgbm,source_train_only_activity_types,11,0,,1,clicks_oucollaborate,1085,971,759,326,159,0.5299539170506913,0.5077239958805355,0.7857493671842533,0.7280016464817062,-0.057747720702547,0.8268440063910062,0.7437493917761462,0.5697908911656797,0.8254075128707218,0.255616621705042,0.1949562173242877,0.2610566183223785,0.0661004009980908,0.0051380860629415,0.054185952669015,-0.0011633431057461,0.0118812107115376,0.0423047419574773,0.2633434293310689,0.0463380728553823,-0.0022260556206576,0.0180375370291082,0.028300535826274,0.0463486498808094,0.0180719408224368,0.0282767090583725,0.0456533867427307,0.0470227589680338,0.0158104648076363,0.0202646092505802,76,80,0.5077239958805355,target_prevalence,0.0212057492149776,0.0098090705359532,0.0113966786790244,0.0268507103182508,0.0309080632784529,"{""class_weight"": ""balanced"", ""colsample_bytree"": 1.0, ""deterministic"": true, ""force_col_wise"": true, ""learning_rate"": 0.035, ""min_child_samples"": 12, ""n_estimators"": 180, ""n_jobs"": 1, ""num_leaves"": 15, ""objective"": ""binary"", ""reg_lambda"": 1.0, ""subsample"": 1.0, ""verbosity"": -1}",7340a032adf73dcca6285d723e7b8782f8c2625f4216107ab44a30759e1137a7,0.1622706924584828,0.2986925203570065,-0.1364218278985236,0.8733333333333332,0.4133333333333333,0.6666666666666666,0.25,0.740754481291424,0.632971472377451,4.128131735094486,4.408327075894643,0.2801953408001569,1.4654943925052066e-14,False
19,4,3,4,DDD,J,2013J,2014J,14,logistic,source_train_only_activity_types,10,0,,0,,1675,1479,1172,503,160,0.5068656716417911,0.4645030425963489,0.7373497786211258,0.7156297325511298,-0.021720046069996,0.7399120297725588,0.673924426565411,0.5974369721766665,0.6294812676782711,0.0320442955016045,0.2065634949709361,0.214280073613949,0.0077165786430128,0.0194339025932954,0.0137195585490378,-0.0006492512457769,0.0093714876508148,0.004348070898223,0.2175437686111138,0.0067231983985035,0.0066325462661631,0.0176500202383851,-0.0109268218398815,0.007014110404039,0.0172583746325491,-0.01024426422851,0.0108209017907606,0.0026254950062464,0.0121334121333234,0.0231666283434468,80,80,0.4645030425963489,target_prevalence,0.0153326673895468,0.00765691481415,0.0076757525753967,0.0060119117368098,-0.0033276816771736,"{""C"": 1.0, ""class_weight"": ""balanced"", ""max_iter"": 5000, ""solver"": ""lbfgs""}",0ec0160f1649f42124ca093cb28e50d00a77309027bbdbb0b9ac6257ff1aa269,0.0956172087868173,0.3178527539337938,-0.2222355451469765,0.9202898550724636,0.4130434782608695,0.6666666666666666,0.6666666666666666,0.4801011775842297,0.6673408560817964,3.2880421194816365,3.013009708300042,-0.2750324111815945,3.552713678800501e-15,False
19,4,3,4,DDD,J,2013J,2014J,14,lightgbm,source_train_only_activity_types,10,0,,0,,1675,1479,1172,503,160,0.5068656716417911,0.4645030425963489,0.7232289690069577,0.659730492699925,-0.0634984763070326,0.7014289610559447,0.6204080414328782,0.6315430656862803,0.6814169528031984,0.049873887116918,0.2168343881781909,0.2401773518309733,0.0233429636527824,0.0033048703352308,0.0146739860480855,0.0011160653485153,0.0116446608615429,0.0030293251865426,0.2712789027983706,0.0122570837577069,0.0010325912903761,0.0208126013399546,-0.0085555175822476,0.0123827565313843,0.0212264920005842,-0.0088437354691999,0.0140272745412192,0.0104868929741947,0.0266425469311088,0.0149826557488004,80,80,0.4645030425963489,target_prevalence,0.0055083966584353,0.0091208550330155,-0.0036124583745802,-0.0002915665940187,0.0066417835611228,"{""class_weight"": ""balanced"", ""colsample_bytree"": 1.0, ""deterministic"": true, ""force_col_wise"": true, ""learning_rate"": 0.035, ""min_child_samples"": 12, ""n_estimators"": 180, ""n_jobs"": 1, ""num_leaves"": 15, ""objective"": ""binary"", ""reg_lambda"": 1.0, ""subsample"": 1.0, ""verbosity"": -1}",7340a032adf73dcca6285d723e7b8782f8c2625f4216107ab44a30759e1137a7,0.0661312226365268,0.2153266717223869,-0.1491954490858602,0.8115942028985507,0.5072463768115942,1.0,0.4285714285714285,0.4709739484878661,0.6081537893892134,2.7794730996019545,2.8411744806134016,0.061701381011447,4.884981308350689e-15,False
19,4,3,4,DDD,J,2013J,2014J,56,logistic,source_train_only_activity_types,10,0,,0,,1574,1417,1101,473,160,0.4739517153748411,0.4410726887791108,0.7641100114744694,0.7421252525252524,-0.021984758949217,0.7603194363270196,0.6856646947480414,0.5796317000706227,0.635302477793091,0.0556707777224683,0.1975878360124637,0.21521695373587,0.0176291177234063,0.0046435742971887,0.0192874181782916,-0.0013900464134943,0.0114411324925777,0.0078462856857138,0.2137908855956609,0.0265717470233011,-0.0035818614097467,0.0196649119088264,0.0069068351144746,0.0288170029016612,0.0195640212615119,0.0092529816401492,0.045622810374417,0.0075206836721852,0.018808851745685,0.0205209720719679,80,80,0.4410726887791108,target_prevalence,0.0623441159639497,0.0126828003363022,0.0496613156276475,0.0287538006566807,-0.0418150299419337,"{""C"": 1.0, ""class_weight"": ""balanced"", ""max_iter"": 5000, ""solver"": ""lbfgs""}",0ec0160f1649f42124ca093cb28e50d00a77309027bbdbb0b9ac6257ff1aa269,0.0651171359051953,0.3689722217189445,-0.3038550858137491,0.8550724637681159,0.2681159420289855,0.6666666666666666,0.4285714285714285,0.4433803409697344,0.5815674573452059,4.9182577825331295,4.83284888869431,-0.0854088938388191,2.664535259100376e-15,False
19,4,3,4,DDD,J,2013J,2014J,56,lightgbm,source_train_only_activity_types,10,0,,0,,1574,1417,1101,473,160,0.4739517153748411,0.4410726887791108,0.7897841365461847,0.6843757575757576,-0.1054083789704271,0.7885289217555285,0.6427536156778227,0.5652251002993737,0.8278227221850804,0.2625976218857067,0.1879203929673328,0.294754474068276,0.1068340811009431,0.0061137406769936,0.3086301520471248,-0.0008423442933794,0.0045616662070078,0.3040684858401169,0.231435290134824,0.2977269978513644,-0.0007796323315541,0.009289877472168,0.2884371203791964,0.3164513622650377,0.0094974475190509,0.3069539147459866,0.4566037905110947,0.1388502051916342,0.0110511155346418,0.0075286394096942,80,80,0.4410726887791108,target_prevalence,0.3172208263724255,0.008144782604929,0.3090760437674965,0.3065722648038067,-0.0050075579273795,"{""class_weight"": ""balanced"", ""colsample_bytree"": 1.0, ""deterministic"": true, ""force_col_wise"": true, ""learning_rate"": 0.035, ""min_child_samples"": 12, ""n_estimators"": 180, ""n_jobs"": 1, ""num_leaves"": 15, ""objective"": ""binary"", ""reg_lambda"": 1.0, ""subsample"": 1.0, ""verbosity"": -1}",7340a032adf73dcca6285d723e7b8782f8c2625f4216107ab44a30759e1137a7,0.1554674536535664,0.209883696892558,-0.0544162432389916,0.8695652173913043,0.5869565217391304,0.6666666666666666,0.4285714285714285,0.2636794268533358,0.7142658598932348,3.572352879659955,4.028303480272659,0.4559506006127041,5.773159728050814e-15,False
19,4,3,5,EEE,J,2013J,2014J,14,logistic,source_train_only_activity_types,9,0,,2,clicks_ouwiki|clicks_page,933,1027,653,280,138,0.3483386923901393,0.3339824732229795,0.6373626373626374,0.6623787359555351,0.0250160985928976,0.4975373201907696,0.4552091093655769,0.7299515435262155,0.7383568182023695,0.008405274676154,0.2509974390558331,0.2529568019792434,0.0019593629234102,0.0534312626149359,0.0028974719888889,0.0009892011365758,0.0333708507318993,-0.0304733787430103,0.2537468342860696,0.0043176396041418,0.001018896400327,0.0522946715023098,-0.0479770318981679,0.0049991442747392,0.0443123015708493,-0.03931315729611,0.0063701478056185,0.0022651314026651,0.0282539268700226,0.076335416134597,80,49,0.3339824732229795,target_prevalence,0.0044501837152447,0.0279238704969976,-0.0234736867817529,-0.0269735327623816,-0.0069996919612574,"{""C"": 1.0, ""class_weight"": ""balanced"", ""max_iter"": 5000, ""solver"": ""lbfgs""}",0ec0160f1649f42124ca093cb28e50d00a77309027bbdbb0b9ac6257ff1aa269,0.0752171480175587,0.2980045986309124,-0.2227874506133536,0.9051383399209486,0.4861660079051383,0.6666666666666666,0.6666666666666666,0.8478907506345977,0.2077034933097455,5.024264033475016,5.436557233841163,0.4122932003661468,3.552713678800501e-15,False
19,4,3,5,EEE,J,2013J,2014J,14,lightgbm,source_train_only_activity_types,9,0,,2,clicks_ouwiki|clicks_page,933,1027,653,280,138,0.3483386923901393,0.3339824732229795,0.7253868580399193,0.6961408623599815,-0.0292459956799377,0.6096329138473392,0.5417132019579687,0.61733917229175,0.6409145422785367,0.0235753699867867,0.2095791161430052,0.2213152319077312,0.011736115764726,0.011773940345369,0.0091755365103944,-0.0002978600190414,0.0145161541128843,-0.0053406176024898,0.3308370240921657,0.0083423417230218,-0.0043012352610313,0.0216206755897356,-0.0132783338667137,0.0097903342876019,0.0189587243071749,-0.009168390019573,0.0127033046667863,0.0039813787792574,0.0136035965070675,0.0296377546724038,80,49,0.3339824732229795,target_prevalence,0.0046030342151267,0.018114438638227,-0.0135114044231002,-0.009426011012795,0.0081707868206103,"{""class_weight"": ""balanced"", ""colsample_bytree"": 1.0, ""deterministic"": true, ""force_col_wise"": true, ""learning_rate"": 0.035, ""min_child_samples"": 12, ""n_estimators"": 180, ""n_jobs"": 1, ""num_leaves"": 15, ""objective"": ""binary"", ""reg_lambda"": 1.0, ""subsample"": 1.0, ""verbosity"": -1}",7340a032adf73dcca6285d723e7b8782f8c2625f4216107ab44a30759e1137a7,0.0467343477520063,0.2561605738437327,-0.2094262260917263,0.857707509881423,0.549407114624506,1.0,0.4285714285714285,0.9575475882718372,0.6757157426355006,3.747100148288848,3.716482323409996,-0.0306178248788513,6.661338147750939e-15,False
19,4,3,5,EEE,J,2013J,2014J,56,logistic,source_train_only_activity_types,9,0,,2,clicks_ouwiki|clicks_page,906,997,634,272,134,0.3278145695364238,0.3139418254764293,0.689384171425063,0.7466976813706256,0.0573135099455626,0.538230083982206,0.5816230088138178,0.6580564830610837,0.5935564935320403,-0.0644999895290433,0.2269303010852803,0.1976845505716977,-0.0292457505135826,0.0286117762632773,0.0036304080250073,-0.0022125761256234,0.0074183007597078,-0.0037878927347005,0.2239813796012346,-0.0024804604452456,0.0087066309680787,0.0193765170447731,-0.0218569774900188,-0.0015970333379177,0.0155229083821817,-0.0171199417200995,-0.0001063989196233,-0.0048545219708679,0.0090205929568927,0.0297324411326534,80,44,0.3139418254764293,target_prevalence,0.0063842157997774,0.0070399569412564,-0.0006557411414789,-0.0022218169380897,-0.0031321515932215,"{""C"": 1.0, ""class_weight"": ""balanced"", ""max_iter"": 5000, ""solver"": ""lbfgs""}",0ec0160f1649f42124ca093cb28e50d00a77309027bbdbb0b9ac6257ff1aa269,0.0659343579864643,0.2394731649147775,-0.1735388069283131,0.9604743083003952,0.5889328063241107,1.0,0.6666666666666666,0.5575628886790183,0.6180862907068398,4.339689526192734,4.631190809927146,0.2915012837344122,2.1094237467877974e-15,False
19,4,3,5,EEE,J,2013J,2014J,56,lightgbm,source_train_only_activity_types,9,0,,2,clicks_ouwiki|clicks_page,906,997,634,272,134,0.3278145695364238,0.3139418254764293,0.7073125805857431,0.7831913383031593,0.0758787577174162,0.620229512289331,0.6721513825781082,0.65101640169308,0.5376556567176216,-0.1133607449754583,0.2127982489161268,0.1739651039920274,-0.0388331449240993,0.0181740038067171,0.0101132173788416,0.0013752490692747,0.0066745922675069,0.0034386251113346,0.2805371196819997,0.0006647779173593,-0.0040677492334536,0.0145047391958106,-0.0138399612784512,0.0001865449255225,0.010720331687709,-0.0105337867621865,-0.000620392683345,0.0019499485180637,0.0043347815527451,0.0246746968388761,80,44,0.3139418254764293,target_prevalence,0.008050927664218,0.0089223912642512,-0.0008714636000331,0.0012835807556507,0.0043100887113678,"{""class_weight"": ""balanced"", ""colsample_bytree"": 1.0, ""deterministic"": true, ""force_col_wise"": true, ""learning_rate"": 0.035, ""min_child_samples"": 12, ""n_estimators"": 180, ""n_jobs"": 1, ""num_leaves"": 15, ""objective"": ""binary"", ""reg_lambda"": 1.0, ""subsample"": 1.0, ""verbosity"": -1}",7340a032adf73dcca6285d723e7b8782f8c2625f4216107ab44a30759e1137a7,0.0602717694865384,0.2446739657405083,-0.1844021962539699,0.928,0.6693280212272604,1.0,0.25,0.7373236065567303,0.7920384398701313,3.731993750001119,3.912331107772937,0.1803373577718185,7.105427357601002e-15,False
19,4,3,6,FFF,B,2013B,2014B,14,logistic,source_train_only_activity_types,13,0,,1,clicks_oucollaborate,1520,1309,1064,456,160,0.4861842105263158,0.5011459129106188,0.7127319627319628,0.7104335524595675,-0.0022984102723953,0.7061142943770586,0.6797017592046706,0.6812947236972329,0.6861490386770932,0.0048543149798603,0.2231285383592252,0.2260094636505457,0.0028809252913205,0.0095865095865097,0.0193843120499015,-0.0023333962723698,0.0092651601518944,0.0101191518980071,0.1796460414368204,0.01009930289616,0.0004953583150457,0.0163472035061888,-0.0062479006100287,0.0101035162942639,0.016367613559555,-0.0062640972652911,0.0082608568568592,0.0119377489354609,0.0074416168873797,0.0252527901249979,80,80,0.5011459129106188,target_prevalence,0.0143053734213881,0.0088042367996925,0.0055011366216956,0.0078101442598513,0.0046180152763115,"{""C"": 1.0, ""class_weight"": ""balanced"", ""max_iter"": 5000, ""solver"": ""lbfgs""}",0ec0160f1649f42124ca093cb28e50d00a77309027bbdbb0b9ac6257ff1aa269,0.0483041668273552,0.2956790541115942,-0.2473748872842389,0.9430199430199432,0.3903133903133903,0.6666666666666666,0.4285714285714285,0.7138490043581381,0.6869409600110558,5.660967035026653,5.45244725835847,-0.208519776668183,4.263256414560601e-14,True
19,4,3,6,FFF,B,2013B,2014B,14,lightgbm,source_train_only_activity_types,13,0,,1,clicks_oucollaborate,1520,1309,1064,456,160,0.4861842105263158,0.5011459129106188,0.686859936859937,0.7047958764426848,0.0179359395827478,0.6951255076609968,0.682925494486468,0.6984220855544799,0.6830105215004102,-0.0154115640540697,0.238527436316489,0.2318513604225566,-0.0066760758939323,0.0323400323400322,0.0196112608341778,-0.0013097449374079,0.0080506667494429,0.0115605940847348,0.2236278586271586,0.0139598359254517,-0.0021169976477534,0.0070059872850267,0.0069538486404249,0.013945659273891,0.0070038717232167,0.0069417875506743,0.0201455815564478,0.0077740902944556,0.0079290774214836,0.0060828971485699,80,80,0.5011459129106188,target_prevalence,0.0144214620573742,0.0050568429280623,0.0093646191293119,0.0104626066070233,0.0021959749554228,"{""class_weight"": ""balanced"", ""colsample_bytree"": 1.0, ""deterministic"": true, ""force_col_wise"": true, ""learning_rate"": 0.035, ""min_child_samples"": 12, ""n_estimators"": 180, ""n_jobs"": 1, ""num_leaves"": 15, ""objective"": ""binary"", ""reg_lambda"": 1.0, ""subsample"": 1.0, ""verbosity"": -1}",7340a032adf73dcca6285d723e7b8782f8c2625f4216107ab44a30759e1137a7,0.0468032884529243,0.1977041003027488,-0.1509008118498244,0.954285714285714,0.6571428571428571,1.0,0.6666666666666666,0.5906181702090442,0.4669861343042008,3.9037270235699872,3.808589554104844,-0.095137469465143,6.217248937900877e-15,True
19,4,3,6,FFF,B,2013B,2014B,56,logistic,source_train_only_activity_types,13,0,,1,clicks_oucollaborate,1407,1257,984,423,160,0.4442075337597725,0.4797136038186158,0.8020597555454958,0.7544591010290038,-0.0476006545164919,0.7740372602725152,0.715829290275483,0.5357538584142716,0.6316885375517081,0.0959346791374364,0.1811949556317866,0.2057736490255336,0.024578693393747,0.0004074241738343,0.0148204091436021,-0.0006990716484274,0.0118994757264624,0.0029209334171396,0.1999342025989288,0.024868620345907,0.003183372039103,0.0214780824793787,0.0033905378665282,0.0251497086623833,0.0213570986738762,0.0037926099885071,0.0317966206167064,0.0179406200751076,0.0184961875084625,0.0244599774502949,80,80,0.4797136038186158,target_prevalence,0.0204411270618159,0.0107810048645259,0.0096601221972899,0.0062905278072147,-0.0067391887801503,"{""C"": 1.0, ""class_weight"": ""balanced"", ""max_iter"": 5000, ""solver"": ""lbfgs""}",0ec0160f1649f42124ca093cb28e50d00a77309027bbdbb0b9ac6257ff1aa269,0.0589098050554252,0.2884968120317093,-0.229587006976284,0.9202279202279204,0.50997150997151,0.6666666666666666,0.4285714285714285,0.4708658190619556,0.6266164296546143,4.84306394520144,4.659981453812401,-0.1830824913890385,1.4210854715202004e-14,False
19,4,3,6,FFF,B,2013B,2014B,56,lightgbm,source_train_only_activity_types,13,0,,1,clicks_oucollaborate,1407,1257,984,423,160,0.4442075337597725,0.4797136038186158,0.7880941602535083,0.7587318250744239,-0.0293623351790843,0.7744528837554234,0.7479310469770423,0.5460199678734502,0.6108411354019408,0.0648211675284906,0.1867560460205802,0.2059031330594566,0.0191470870388763,0.0332050701674966,0.0264257411638011,0.0011426891284569,0.0084041903049975,0.0180215508588036,0.2406733349907162,0.0256835135137569,-0.0017672283051137,0.0100948919644921,0.0155886215492647,0.0259493657223209,0.0100943400418424,0.0158550256804785,0.0322359885365996,0.0191310384909141,0.0100812886944793,0.0101084952345048,80,80,0.4797136038186158,target_prevalence,0.0308453888060185,0.0069109945254661,0.0239343942805523,0.0209779725696779,-0.0059128434217486,"{""class_weight"": ""balanced"", ""colsample_bytree"": 1.0, ""deterministic"": true, ""force_col_wise"": true, ""learning_rate"": 0.035, ""min_child_samples"": 12, ""n_estimators"": 180, ""n_jobs"": 1, ""num_leaves"": 15, ""objective"": ""binary"", ""reg_lambda"": 1.0, ""subsample"": 1.0, ""verbosity"": -1}",7340a032adf73dcca6285d723e7b8782f8c2625f4216107ab44a30759e1137a7,0.0955641661237053,0.2195191352145351,-0.1239549690908297,0.8860398860398863,0.5669515669515671,0.6666666666666666,0.25,0.6678006339767059,0.535947003483589,3.910887438800586,4.068452845574269,0.1575654067736831,7.549516567451064e-15,True
19,4,3,7,FFF,J,2013J,2014J,14,logistic,source_train_only_activity_types,13,0,,1,clicks_htmlactivity,1998,1886,1398,600,160,0.4519519519519519,0.4077412513255567,0.7030922284906739,0.7228446062914667,0.0197523778007928,0.677818740384238,0.6247564455688214,0.6574861426925395,0.6294587668543753,-0.0280273758381641,0.2250808714105223,0.214672904001326,-0.0104079674091963,0.0024450700434056,0.0177476656930745,-0.0015692055555722,0.0091950491028024,0.008552616590272,0.2076449753177245,0.0143800945753632,-0.0022938973820959,0.0151845252068102,-0.000804430631447,0.0152172314779286,0.014253183371392,0.0009640481065365,0.0189169916967374,0.009843197453989,0.0101370806619862,0.0202319697516343,80,80,0.4077412513255567,target_prevalence,0.0201480418909865,0.0086101978660371,0.0115378440249493,0.0100452303076107,-0.0029852274346772,"{""C"": 1.0, ""class_weight"": ""balanced"", ""max_iter"": 5000, ""solver"": ""lbfgs""}",0ec0160f1649f42124ca093cb28e50d00a77309027bbdbb0b9ac6257ff1aa269,0.0732352735238933,0.3173263274171041,-0.2440910538932108,0.8860398860398863,0.4871794871794872,1.0,0.25,0.3219333813165329,0.7798282428406852,3.867274546297799,4.159321783087274,0.2920472367894757,2.664535259100376e-15,False
19,4,3,7,FFF,J,2013J,2014J,14,lightgbm,source_train_only_activity_types,13,0,,1,clicks_htmlactivity,1998,1886,1398,600,160,0.4519519519519519,0.4077412513255567,0.6943998923271908,0.7162530137734248,0.0218531214462339,0.6752976067078467,0.6392327138334402,0.6566444418744436,0.6333310653420242,-0.0233133765324193,0.2269896520372343,0.2168320895499591,-0.0101575624872752,0.0169136037864938,0.0306159464747516,-0.0004986177484817,0.009475500670456,0.0211404458042956,0.2643237800343792,0.0297342003904627,-0.0017383250529263,0.0128923099096469,0.0168418904808157,0.0329585509691045,0.0124039446031036,0.0205546063660009,0.0472086980666654,0.0122597027142599,0.0102455944839553,0.0155390253353385,80,80,0.4077412513255567,target_prevalence,0.0040185613874133,0.0089071586273838,-0.0048885972399705,0.0081259242821625,0.0260290430442662,"{""class_weight"": ""balanced"", ""colsample_bytree"": 1.0, ""deterministic"": true, ""force_col_wise"": true, ""learning_rate"": 0.035, ""min_child_samples"": 12, ""n_estimators"": 180, ""n_jobs"": 1, ""num_leaves"": 15, ""objective"": ""binary"", ""reg_lambda"": 1.0, ""subsample"": 1.0, ""verbosity"": -1}",7340a032adf73dcca6285d723e7b8782f8c2625f4216107ab44a30759e1137a7,0.0580760255029094,0.2139099687926067,-0.1558339432896973,0.9142857142857144,0.6276753890160056,0.6666666666666666,0.4285714285714285,0.4480043603117022,0.6454249179737812,2.7842253346640757,2.7695960387656,-0.0146292958984752,4.884981308350689e-15,False
19,4,3,7,FFF,J,2013J,2014J,56,logistic,source_train_only_activity_types,14,0,,1,clicks_htmlactivity,1915,1793,1340,575,160,0.4281984334203655,0.3770217512548801,0.7754837274816517,0.7665463281295524,-0.0089373993520993,0.7061236061056194,0.6607207300788884,0.5836025391845723,0.6041191072400284,0.020516568055456,0.1961400798256505,0.2058136646675261,0.0096735848418755,0.0143944448563027,0.0101159293719907,-0.0009651414392788,0.0045604935865534,0.0055554357854372,0.1334198118121035,0.0082527759074481,0.0001066973862609,0.0091569855965603,-0.0009042096891121,0.0100257371863522,0.0097208549910118,0.0003048821953404,0.0154612103135139,0.0010443415013823,0.0114495430211671,0.0068644281719534,80,80,0.3770217512548801,target_prevalence,0.007245752757392,0.0025063725850632,0.0047393801723287,0.005147407978883,0.0008160556131084,"{""C"": 1.0, ""class_weight"": ""balanced"", ""max_iter"": 5000, ""solver"": ""lbfgs""}",0ec0160f1649f42124ca093cb28e50d00a77309027bbdbb0b9ac6257ff1aa269,0.0613248319020646,0.2352023803621037,-0.173877548460039,0.9312169312169312,0.5873015873015872,1.0,1.0,0.5313751388320056,0.795118918293625,5.988278241336543,5.922973007114679,-0.0653052342218636,3.552713678800501e-15,True
19,4,3,7,FFF,J,2013J,2014J,56,lightgbm,source_train_only_activity_types,14,0,,1,clicks_htmlactivity,1915,1793,1340,575,160,0.4281984334203655,0.3770217512548801,0.7808708330244398,0.7597630487410805,-0.0211077842833593,0.7515163654716368,0.6914493462012269,0.5685595932383698,0.5806892671716983,0.0121296739333285,0.1919684084534917,0.196645750156445,0.0046773417029533,0.0225986606370621,0.0369963634766826,0.0009554672317096,0.0130974431097874,0.0238989203668952,0.2477333925280475,0.0350093652465865,0.0071065603016871,0.0245183897823374,0.0104909754642491,0.040404037322115,0.023072232779271,0.017331804542844,0.0569428052271366,0.0130759252660364,0.0186386630102329,0.0303981165544419,80,80,0.3770217512548801,target_prevalence,0.0560459219685606,0.013094741208453,0.0429511807601075,0.0334250505635013,-0.0190522603932123,"{""class_weight"": ""balanced"", ""colsample_bytree"": 1.0, ""deterministic"": true, ""force_col_wise"": true, ""learning_rate"": 0.035, ""min_child_samples"": 12, ""n_estimators"": 180, ""n_jobs"": 1, ""num_leaves"": 15, ""objective"": ""binary"", ""reg_lambda"": 1.0, ""subsample"": 1.0, ""verbosity"": -1}",7340a032adf73dcca6285d723e7b8782f8c2625f4216107ab44a30759e1137a7,0.0771638910998506,0.2568964003052089,-0.1797325092053582,0.8835978835978835,0.6825396825396826,1.0,0.4285714285714285,0.641859531036017,0.7499542800505953,3.6686713334438408,3.788259194292839,0.1195878608489984,7.993605777301127e-15,True
19,4,3,8,GGG,J,2013J,2014J,14,logistic,source_train_only_activity_types,6,0,,1,clicks_quiz,926,719,648,278,134,0.3606911447084233,0.3824756606397774,0.549943820224719,0.6365847665847666,0.0866409463600476,0.3972713236010745,0.51144918350961,0.7858398860377293,0.779268623693188,-0.0065712623445413,0.2787898328963142,0.2563402098830352,-0.022449623013279,0.0288764044943821,0.013226136840242,-0.0022702809221303,0.0130890839280036,0.0001370529122384,0.2137076116294551,0.0305836923248849,-0.0032451394859164,0.022227136155413,0.0083565561694719,0.0309482197277868,0.0209547502045793,0.0099934695232074,0.0321345515123787,0.0290328331373911,0.0168138491811562,0.0276404231296698,80,50,0.3824756606397774,target_prevalence,0.0117335607608979,0.0173997457578869,-0.005666184996989,-0.0027645660423752,0.0058032379092274,"{""C"": 1.0, ""class_weight"": ""balanced"", ""max_iter"": 5000, ""solver"": ""lbfgs""}",0ec0160f1649f42124ca093cb28e50d00a77309027bbdbb0b9ac6257ff1aa269,0.0737378694903728,0.2629742138946385,-0.1892363444042657,0.8631578947368421,0.4842105263157895,0.6666666666666666,0.4285714285714285,0.4248903722592421,0.5771520423463264,4.869533382691385,5.877223727089204,1.007690344397819,3.552713678800501e-15,False
19,4,3,8,GGG,J,2013J,2014J,14,lightgbm,source_train_only_activity_types,6,0,,1,clicks_quiz,926,719,648,278,134,0.3606911447084233,0.3824756606397774,0.5695505617977528,0.6141482391482392,0.0445976773504864,0.4412861129986106,0.4947005326829083,0.7824947237841577,0.8062284560817612,0.0237337322976034,0.2683135310518215,0.2799195389632748,0.0116060079114533,0.0256179775280898,0.055103080849414,0.0007321894710098,0.0129625666672398,0.0421405141821742,0.348090483872343,0.0756431829993855,0.0004488969049412,0.021412623410645,0.0542305595887404,0.0715162210799296,0.0204547130047641,0.0510615080751655,0.0580852799219373,0.0932010860768336,0.0173372531039684,0.0254879937173215,80,50,0.3824756606397774,target_prevalence,0.0288798771224966,0.0163864497462785,0.0124934273762181,0.0273169707791961,0.0296470868059561,"{""class_weight"": ""balanced"", ""colsample_bytree"": 1.0, ""deterministic"": true, ""force_col_wise"": true, ""learning_rate"": 0.035, ""min_child_samples"": 12, ""n_estimators"": 180, ""n_jobs"": 1, ""num_leaves"": 15, ""objective"": ""binary"", ""reg_lambda"": 1.0, ""subsample"": 1.0, ""verbosity"": -1}",7340a032adf73dcca6285d723e7b8782f8c2625f4216107ab44a30759e1137a7,0.1708700735525947,0.226173423593653,-0.0553033500410582,0.9052631578947368,0.5789473684210527,0.6666666666666666,0.4285714285714285,0.5322209633557964,0.4158773575004471,3.2162582856057,3.76902797494248,0.5527696893367802,8.673617379884035e-15,False
19,4,3,8,GGG,J,2013J,2014J,56,logistic,source_train_only_activity_types,6,0,,1,clicks_quiz,919,698,643,276,136,0.3558215451577802,0.3638968481375358,0.6523733088741114,0.6295931758530183,-0.022780133021093,0.5110364169006991,0.4557355681148475,0.6790853990993894,0.722144644680057,0.0430592455806676,0.2394835447005762,0.2482670144185932,0.008783469718017,0.0343957807842237,0.0286431715972774,-0.0017084556701718,0.0249373033077332,0.0037058682895442,0.2970502777828893,0.021053223800716,-0.0033215394306274,0.0230308508791771,-0.0019776270784611,0.0239108038850607,0.0220594885658363,0.0018513153192243,0.0315510706368876,0.0105553769645444,0.0194623724859568,0.0265993292723975,80,49,0.3638968481375358,target_prevalence,0.0357402506768358,0.0222490208647548,0.0134912298120809,0.0085985490508125,-0.0097853615225367,"{""C"": 1.0, ""class_weight"": ""balanced"", ""max_iter"": 5000, ""solver"": ""lbfgs""}",0ec0160f1649f42124ca093cb28e50d00a77309027bbdbb0b9ac6257ff1aa269,0.1037885252945469,0.3182186976752864,-0.2144301723807394,0.8315789473684211,0.5578947368421052,0.6666666666666666,0.4285714285714285,0.1396325228914657,0.8058454770595619,3.701609637373036,5.119763514543858,1.4181538771708224,2.664535259100376e-15,True
19,4,3,8,GGG,J,2013J,2014J,56,lightgbm,source_train_only_activity_types,6,0,,1,clicks_quiz,919,698,643,276,136,0.3558215451577802,0.3638968481375358,0.6414813116257738,0.6658952259345959,0.0244139143088221,0.4677394534962046,0.5296675568305231,0.6918574453344651,0.6733470149983564,-0.0185104303361087,0.2422116085836707,0.2360190004061566,-0.0061926081775141,0.0001146526026141,0.0235772948587154,-0.00159713725143,0.0077616460512691,0.0158156488074462,0.3068699575122943,0.0291315165960048,-0.0049368006318235,0.0069861633916547,0.0221453532043501,0.0290232336009358,0.0069183046317724,0.0221049289691634,0.0287337190667512,0.0295293141252585,0.0067368717369292,0.0072354550463802,80,49,0.3638968481375358,target_prevalence,0.0300613658671765,0.0108370676466341,0.0192242982205423,0.0175199735139942,-0.003408649413096,"{""class_weight"": ""balanced"", ""colsample_bytree"": 1.0, ""deterministic"": true, ""force_col_wise"": true, ""learning_rate"": 0.035, ""min_child_samples"": 12, ""n_estimators"": 180, ""n_jobs"": 1, ""num_leaves"": 15, ""objective"": ""binary"", ""reg_lambda"": 1.0, ""subsample"": 1.0, ""verbosity"": -1}",7340a032adf73dcca6285d723e7b8782f8c2625f4216107ab44a30759e1137a7,0.1068784161149516,0.1870102559667567,-0.0801318398518051,0.8835978835978835,0.6279705236374593,0.6666666666666666,0.25,0.6502353077770162,0.4583467129580228,3.0455282084952278,3.213993026004342,0.1684648175091148,7.105427357601002e-15,False
