pair,split_index,refit_index,split_seed,source_school,target_school,direction,representation,model,n_source_total,n_train_pool,n_id_eval,n_target,n_explanation,source_prevalence,id_prevalence,target_prevalence,id_auroc,target_auroc,delta_auroc,id_average_precision,target_average_precision,id_log_loss,target_log_loss,delta_log_loss,id_brier,target_brier,delta_brier,null_abs_delta_auroc,shift_energy_u2,same_model_sample_null_energy_u2,refit_sample_null_energy_u2,calibrated_excess_u2,paired_refit_l2,class_macro_shift_u2,class_macro_sample_null_u2,class_macro_refit_null_u2,class_macro_excess_u2,class_weighted_shift_u2,class_weighted_refit_null_u2,class_weighted_excess_u2,class0_shift_u2,class1_shift_u2,class0_refit_null_u2,class1_refit_null_u2,class0_n,class1_n,class_weighting_prevalence,class_weighting_scheme,reverse_shift_energy_u2,reverse_refit_sample_null_energy_u2,reverse_calibrated_excess_u2,symmetrized_calibrated_excess_u2,symmetry_gap_u2,shift_js,null_js,paired_excess_js,shift_rank_tau,null_rank_tau,shift_top5_jaccard,null_top5_jaccard,shift_sign_consistency,null_sign_consistency,source_mean_attribution_l1,target_mean_attribution_l1,delta_mean_attribution_l1,input_domain_auc,explanation_domain_auc,max_additivity_error,silent_explanation_shift
0,0,0,2026073004,GP,MS,GP_to_MS,early,lightgbm,423,296,127,226,24,0.0756501182033096,0.0787401574803149,0.3008849557522124,0.6525641025641026,0.6468726731198808,-0.0056914294442217,0.1445044468897852,0.4399471742900236,0.3536202261240075,0.8264423436460345,0.4728221175220269,0.0967282119061096,0.2346660957444731,0.1379378838383634,0.0021367521367521,0.0023021932255902,0.0043169769207473,0.0199916426562148,-0.0176894494306245,0.2436573731748766,-0.0095064388770993,0.0208535893233135,0.0328415035043238,-0.0423479423814232,-0.0020378844277325,0.0252294481858052,-0.0272673326135378,0.0092479311846438,-0.0282608089388425,0.0137267868155994,0.0519562201930482,58,5,0.3008849557522124,target_prevalence,0.013999029342654,0.0167991998317295,-0.0028001704890754,-0.0102448099598499,-0.0148892789415491,0.1150726436609612,0.3842692465682913,-0.26919660290733,0.7832512315270934,0.4414306684983725,0.6666666666666666,0.4285714285714285,0.7454798639397787,0.1869697941856874,4.618582676752998,5.489544782161926,0.8709621054089283,0.7060000000000001,0.444,9.769962616701378e-15,False
0,0,0,2026073004,GP,MS,GP_to_MS,early,logistic,423,296,127,226,24,0.0756501182033096,0.0787401574803149,0.3008849557522124,0.7957264957264957,0.6458488458674608,-0.1498776498590348,0.5143970296060888,0.4744573921394208,0.3144662126596394,1.297599292551158,0.9831330798915188,0.0706819150280728,0.2516504866462317,0.1809685716181588,0.099145299145299,0.0291930589076482,0.0078009597354664,0.0132941798954014,0.0158988790122467,0.2837355553041457,0.0529078698995564,0.0135024443783635,0.0163225257157945,0.0365853441837618,0.0348476828922188,0.0137853402254141,0.0210623426668046,0.0075567336366865,0.0982590061624263,0.0099513710399504,0.0226936803916386,58,5,0.3008849557522124,target_prevalence,0.0271992115493776,0.0249386165916731,0.0022605949577044,0.0090797369849756,0.0136382840545423,0.1718587336171653,0.427288111430843,-0.2554293778136777,0.7536945812807881,0.1231527093596058,0.4285714285714285,0.0,0.3848443947322985,0.5004658970015623,12.403026160909231,13.660108131638196,1.257081970728963,0.7420000000000001,0.868,3.552713678800501e-15,False
0,0,0,2026073004,GP,MS,GP_to_MS,late,lightgbm,423,296,127,226,24,0.0756501182033096,0.0787401574803149,0.3008849557522124,0.9623931623931624,0.9348473566641848,-0.0275458057289776,0.8249458874458874,0.8938023833072456,0.1235018378582508,0.335435093998941,0.2119332561406902,0.0294029008210346,0.0916286181293311,0.0622257173082965,0.0059829059829059,0.0924405336999689,0.0308688792536662,0.0265732113301127,0.0658673223698562,0.1914023871013067,0.0268290025813587,0.0084532555405397,0.035939978619341,-0.0091109760379822,0.0199686683661966,0.0291369844714388,-0.0091683161052421,0.0096019411077294,0.044056064054988,0.0188569044257199,0.0530230528129622,58,5,0.3008849557522124,target_prevalence,0.0896193680100393,0.0620276573191915,0.0275917106908477,0.046729516530352,0.0382756116790085,0.231966807651272,0.2744214128195953,-0.0424546051683233,0.880952380952381,0.6482398216974784,1.0,0.6666666666666666,0.1585849310644711,0.181770657011986,2.919544359065016,4.861552318818819,1.9420079597538036,0.7140000000000001,0.6220000000000001,1.2878587085651816e-14,False
0,0,0,2026073004,GP,MS,GP_to_MS,late,logistic,423,296,127,226,24,0.0756501182033096,0.0787401574803149,0.3008849557522124,0.9153846153846154,0.8661578555472823,-0.049226759837333,0.5617881032011467,0.7622710331208383,0.2424316710595436,0.5496386935079035,0.3072070224483598,0.0596328368774865,0.1484815632054391,0.0888487263279526,0.0213675213675214,0.0517210679925304,-0.0042230833044364,0.0012117148385887,0.0505093531539416,0.1750045312304226,-0.0009856872912446,0.0357875620087109,0.0103307293244747,-0.0113164166157194,0.0026841241109544,0.007928838783077,-0.0052447146721225,0.0082296168964999,-0.0102009914789892,0.0042993152982981,0.0163621433506513,58,5,0.3008849557522124,target_prevalence,0.0346483240807758,-0.0007026601968614,0.0353509842776373,0.0429301687157894,0.0151583688763042,0.1241873740704617,0.2846255841060729,-0.1604382100356111,0.8408602150537635,0.3978494623655914,0.6666666666666666,0.4285714285714285,0.6424537671986998,0.8307542786326858,12.625447064581415,15.279386391929611,2.653939327348194,0.466,0.558,3.552713678800501e-15,False
0,0,0,2027073004,MS,GP,MS_to_GP,early,lightgbm,226,158,68,423,30,0.3008849557522124,0.2941176470588235,0.0756501182033096,0.721875,0.5855978260869564,-0.1362771739130436,0.5905657420763216,0.101404964847076,0.5601774304968531,0.6239482367064461,0.0637708062095929,0.1872312158103177,0.2148819463840737,0.0276507305737559,0.0031249999999999,0.0220855973273211,-0.0078545736013709,0.0034843849801312,0.0186012123471899,0.29956327346619,0.0139484641210289,-0.016285692667301,-0.0091807952880462,0.0231292594090752,0.0408829738020781,0.002867832861526,0.038015140940552,0.0456846691212623,-0.0177877408792043,0.0050157777127033,-0.0233773682887958,24,10,0.0756501182033096,target_prevalence,0.0353881812726641,0.0148054326728488,0.0205827485998152,0.0195919804735026,-0.0019815362526253,0.0949141347952141,0.3929377594772841,-0.29802362468207,0.8989898989898991,0.4394784288649281,1.0,0.25,0.6966779001520422,0.8816551357833637,4.476859968810525,4.6115627103141,0.1347027415035748,0.6055555555555555,0.8444444444444444,5.773159728050814e-15,False
0,0,0,2027073004,MS,GP,MS_to_GP,early,logistic,226,158,68,423,30,0.3008849557522124,0.2941176470588235,0.0756501182033096,0.675,0.7209079283887468,0.0459079283887468,0.4613337190417752,0.2273007573682397,0.7432274441576677,0.6852152769880745,-0.0580121671695932,0.2436074269987974,0.1987001759281281,-0.0449072510706692,0.0010416666666666,0.0209068992524641,0.0006128330251494,0.0175182041756878,0.0033886950767762,0.2351507081588452,0.0600639999633305,-0.0095529660027869,0.0050017753667234,0.0550622245966071,0.0175754510560632,0.0080237761644179,0.0095516748916453,0.0100008908051855,0.1101271091214755,0.0085625172537005,0.0014410334797462,24,10,0.0756501182033096,target_prevalence,0.0191413025478035,0.0058112773798517,0.0133300251679517,0.008359360122364,-0.0099413300911755,0.1269487878142344,0.3836447796258492,-0.2566959918116148,0.7832512315270934,0.2216748768472906,0.6666666666666666,0.1111111111111111,0.4944751800484583,0.6312640464047885,8.164714633178091,8.500954764920149,0.3362401317420573,0.6722222222222223,0.7,5.3290705182007506e-15,False
0,0,0,2027073004,MS,GP,MS_to_GP,late,lightgbm,226,158,68,423,30,0.3008849557522124,0.2941176470588235,0.0756501182033096,0.884375,0.953684462915601,0.069309462915601,0.8399924149924152,0.6357782566841357,0.4443595646931673,0.1810801332346491,-0.2632794314585182,0.1388224234274719,0.0571526104708593,-0.0816698129566125,0.0489583333333332,0.1377524075893151,0.0348068272057668,0.0983340361859269,0.0394183714033881,0.2713790730832103,0.0837017660557197,-0.0286027926587578,0.0364213829749779,0.0472803830807417,0.0980622402870328,0.0760716814119548,0.021990558875078,0.1006223248296624,0.0667812072817769,0.0831402582920844,-0.0102974923421285,24,10,0.0756501182033096,target_prevalence,0.1360690116368345,0.0591335901700086,0.0769354214668259,0.058176896435107,-0.0375170500634377,0.0937848616010234,0.316865543015229,-0.2230806814142056,0.8918918918918919,0.6103603603603605,0.6666666666666666,0.6666666666666666,0.38117427871394,0.4342958207108768,5.245070341888904,4.574911537885604,-0.6701588040033002,0.7222222222222222,0.7833333333333333,1.0658141036401504e-14,False
0,0,0,2027073004,MS,GP,MS_to_GP,late,logistic,226,158,68,423,30,0.3008849557522124,0.2941176470588235,0.0756501182033096,0.9020833333333332,0.9421355498721228,0.0400522165387894,0.7982862019516432,0.5444974266848107,0.376590681880635,0.2293515003028885,-0.1472391815777464,0.1296135972246132,0.0680829735279378,-0.0615306236966753,0.0114583333333333,0.0158971560135287,0.0085571383124817,0.0214652022939947,-0.005568046280466,0.2042811804592376,0.0514502223126176,0.00102634561686,-0.0007898342463584,0.052240056558976,0.0628476490807765,-0.0016419657439957,0.0644896148247722,0.0648795023207825,0.0380209423044528,-0.0017938777658586,0.0002142092731418,24,10,0.0756501182033096,target_prevalence,0.0180680275764687,0.012231456580271,0.0058365709961976,0.0001342623578657,-0.0114046172766637,0.1059017826776429,0.2977928876069315,-0.1918911049292885,0.8881720430107527,0.4322580645161291,0.6666666666666666,0.4285714285714285,0.4462496365625889,0.3009780045417367,9.90243788350555,9.789716354756065,-0.1127215287494856,0.7277777777777779,0.5722222222222222,5.3290705182007506e-15,False
1,0,1,2026073004,GP,MS,GP_to_MS,early,lightgbm,423,296,127,226,24,0.0756501182033096,0.0787401574803149,0.3008849557522124,0.6811965811965812,0.6860573343261355,0.0048607531295542,0.2966376335528878,0.5010753448539432,0.2978345665693377,0.8202344194680886,0.5223998528987508,0.071411959151492,0.2179014453223276,0.1464894861708356,0.0452991452991452,0.0232488154830513,-0.0020424776543689,0.0154660805501314,0.0077827349329198,0.2423556416656217,-0.0435511293814806,-0.0283993608701079,0.0001532826018584,-0.0437044119833391,-0.0237308980898836,0.0092809431924241,-0.0330118412823078,0.0062196736396405,-0.0933219324026017,0.0230738525292788,-0.0227672873255618,58,5,0.3008849557522124,target_prevalence,0.0119963769471469,0.009681933318727,0.0023144436284199,0.0050485892806698,0.0054682913044999,0.1354975035115324,0.294001879879304,-0.1585043763677715,0.8759305210918112,0.5068020013061437,1.0,0.4285714285714285,0.3277479279071603,0.2262108875950221,4.340576370276394,5.5209976251193496,1.1804212548429556,,,7.105427357601002e-15,True
1,0,1,2026073004,GP,MS,GP_to_MS,early,logistic,423,296,127,226,24,0.0756501182033096,0.0787401574803149,0.3008849557522124,0.6547008547008546,0.5704579300074459,-0.0842429246934086,0.2184578710284921,0.3920497549736352,0.5077104647205078,1.2150879964683483,0.7073775317478405,0.1193623383828518,0.2843174380371336,0.1649550996542818,0.0102564102564103,0.0115825879490026,0.000312612063855,0.0070357732889111,0.0045468146600914,0.2231749415615124,0.0369880184486953,-0.0033439343129205,0.0087588328464258,0.0282291856022694,0.0345813043678757,0.0072768753333098,0.0273044290345658,0.0309444919790817,0.0430315449183088,0.0050374728690457,0.0124801928238059,58,5,0.3008849557522124,target_prevalence,0.0213501251760201,0.0071648825340819,0.0141852426419381,0.0093660286510148,-0.0096384279818466,0.1069909383659059,0.3650317784939867,-0.2580408401280808,0.817733990147783,0.2463054187192117,0.4285714285714285,0.1111111111111111,0.2961406096445667,0.4137861120234066,13.143024942791063,13.672591135313226,0.5295661925221626,,,3.552713678800501e-15,False
1,0,1,2026073004,GP,MS,GP_to_MS,late,lightgbm,423,296,127,226,24,0.0756501182033096,0.0787401574803149,0.3008849557522124,0.9803418803418804,0.910042814594192,-0.0702990657476883,0.8429346092503988,0.8618493346292535,0.1206194288795647,0.4574441407175621,0.3368247118379973,0.0387114894902209,0.1099938267583706,0.0712823372681496,0.0042735042735043,0.0007475874435403,-0.0261130551495151,0.0362815327043961,-0.0355339452608558,0.2944340235972245,0.0867056055785944,-0.0093797830905852,0.0622108227006785,0.0244947828779159,0.0511367235512132,0.0591671977566708,-0.0080304742054576,-0.0026118092901626,0.1760230204473515,0.054567942285726,0.069853703115631,58,5,0.3008849557522124,target_prevalence,-0.0073074884298094,0.002498056056387,-0.0098055444861965,-0.0226697448735261,-0.0257284007746593,0.1165500773170249,0.4054509450448245,-0.2889008677277995,0.9073170731707316,0.3349640714347565,0.6666666666666666,0.4285714285714285,0.8999376767438159,0.6997546812013364,3.330596525020802,4.231409151522214,0.9008126265014118,,,1.0658141036401504e-14,False
1,0,1,2026073004,GP,MS,GP_to_MS,late,logistic,423,296,127,226,24,0.0756501182033096,0.0787401574803149,0.3008849557522124,0.911965811965812,0.8622486969471332,-0.0497171150186787,0.6399159699580456,0.7589694485378382,0.246138693781493,0.5643187452248418,0.3181800514433487,0.0668386741159218,0.1536738881094201,0.0868352139934982,0.011965811965812,0.0244467263035076,0.0036489760698722,0.0074189887320825,0.0170277375714251,0.1420975533270495,0.0104378399583284,0.0028570573715543,0.0146524978336872,-0.0042146578753587,0.0173887952661853,0.0125910851486076,0.0047977101175777,0.0278924610647246,-0.0070167811480677,0.0094760615355983,0.0198289341317761,58,5,0.3008849557522124,target_prevalence,0.034992525482064,-0.000938457420796,0.03593098290286,0.0264793602371426,-0.0189032453314348,0.1254741022260629,0.2769231854938666,-0.1514490832678036,0.8279569892473119,0.5268817204301075,0.6666666666666666,0.4285714285714285,0.6123016963796721,0.7114382760103518,11.704645195031684,13.305379871164028,1.600734676132344,,,3.552713678800501e-15,False
1,0,1,2027073004,MS,GP,MS_to_GP,early,lightgbm,226,158,68,423,30,0.3008849557522124,0.2941176470588235,0.0756501182033096,0.765625,0.683903452685422,-0.081721547314578,0.6284084863755186,0.2086077007806106,0.5604423695522623,0.4750747299367329,-0.0853676396155294,0.1806906364566946,0.1421189565708078,-0.0385716798858868,0.0395833333333333,0.0283948874693948,0.0185460368006037,0.0245337128436874,0.0038611746257073,0.3045574610591771,0.0168397356673262,-0.0091976686165712,0.0151136156074503,0.0017261200598758,0.0133717194918399,0.0241840823515111,-0.0108123628596712,0.0127534659118089,0.0209260054228434,0.0258011014925136,0.0044261297223869,24,10,0.0756501182033096,target_prevalence,0.0035719697599101,0.068395941302795,-0.0648239715428848,-0.0304813984585887,0.0686851461685922,0.1022034173039235,0.4524457505785516,-0.350242333274628,0.885,0.3329256766499687,0.6666666666666666,0.25,0.7365911974068609,0.570277957255544,4.8208092859157405,5.010250285776795,0.1894409998610546,,,7.105427357601002e-15,False
1,0,1,2027073004,MS,GP,MS_to_GP,early,logistic,226,158,68,423,30,0.3008849557522124,0.2941176470588235,0.0756501182033096,0.7239583333333333,0.7427269820971867,0.0187686487638534,0.5747303418170144,0.2679684187708445,0.6945379958688569,0.6159674750110337,-0.0785705208578232,0.2109982635070342,0.1792842802422699,-0.0317139832647643,0.0333333333333332,0.0106932297715072,-0.0018794544704762,0.0037550502230079,0.0069381795484992,0.2002460007844627,0.0116036768243513,-0.0158873627573426,-0.0165304464456422,0.0281341232699935,0.0129015816504349,-0.0089580490588868,0.0218596307093217,0.0131329630121879,0.0100743906365146,-0.0076080952072089,-0.0254527976840756,24,10,0.0756501182033096,target_prevalence,0.0206025966440033,0.0095200074120824,0.0110825892319209,0.00901038439021,-0.0041444096834216,0.1067268574111384,0.2952096673834047,-0.1884828099722663,0.8374384236453202,0.4384236453201969,0.4285714285714285,0.4285714285714285,0.5543114029971703,0.7389903998862588,8.22963227127164,7.96639498338082,-0.2632372878908207,,,3.1086244689504387e-15,True
1,0,1,2027073004,MS,GP,MS_to_GP,late,lightgbm,226,158,68,423,30,0.3008849557522124,0.2941176470588235,0.0756501182033096,0.9322916666666666,0.950887148337596,0.0185954816709292,0.9100716921537356,0.6331003307904616,0.261434750488477,0.1756907155293318,-0.0857440349591451,0.0734656750852077,0.0467992899290288,-0.0266663851561788,0.0177083333333333,0.1457534485283034,0.055435442031716,0.0089966315241721,0.1367568170041312,0.3045191342795948,0.0159242493010001,-0.0058165914737549,-0.0006225860972982,0.0165468353982984,0.0134395950320076,0.0166573422325066,-0.003217747200499,0.0129966483099588,0.0188518502920415,0.0197378865587114,-0.020983058753308,24,10,0.0756501182033096,target_prevalence,0.1489980710647399,0.1151085156167598,0.03388955544798,0.0853231862260556,0.1028672615561511,0.0640497513560902,0.3852978552956463,-0.321248103939556,0.9652173913043478,0.4669350580788843,0.6666666666666666,0.6666666666666666,0.2976207361972953,0.4311612948599022,4.860983227917947,4.468077611489861,-0.3929056164280862,,,1.2045919817182948e-14,False
1,0,1,2027073004,MS,GP,MS_to_GP,late,logistic,226,158,68,423,30,0.3008849557522124,0.2941176470588235,0.0756501182033096,0.8656250000000001,0.8708439897698209,0.0052189897698208,0.7277610411163042,0.3924297043055512,0.4570111775241909,0.2540058220595633,-0.2030053554646275,0.1437391710383038,0.0780320923783714,-0.0657070786599324,0.0104166666666667,0.0172604699215542,0.0033622889544885,0.0160906484381734,0.0011698214833807,0.2272199673427798,0.0203369497474811,-0.005753638022428,0.0022101234767934,0.0181268262706877,0.0156790252499702,0.003427037269278,0.0122519879806921,0.0148486431668484,0.0258252563281138,0.0036439801180774,0.0007762668355094,24,10,0.0756501182033096,target_prevalence,0.0225915690143016,0.0121331467388055,0.0104584222754961,0.0058141218794384,-0.0092886007921153,0.0767705687203431,0.3001506755242429,-0.2233801068038997,0.9053763440860216,0.3978494623655914,0.6666666666666666,0.4285714285714285,0.7235007182270787,0.680428931458072,12.433312451868282,10.987173974096676,-1.4461384777716066,,,5.3290705182007506e-15,True
2,0,2,2026073004,GP,MS,GP_to_MS,early,lightgbm,423,296,127,226,24,0.0756501182033096,0.0787401574803149,0.3008849557522124,0.6435897435897436,0.6284437825763217,-0.0151459610134219,0.260127631608633,0.4421255102519033,0.3255077532050501,0.925885371500082,0.6003776182950318,0.0822054787647874,0.247345716015982,0.1651402372511946,0.0179487179487178,0.0388905361309497,0.0151187986185354,0.0213815878038154,0.0175089483271342,0.2824743833381473,-0.006753628074715,-0.019399254393478,0.0154592266015657,-0.0222128546762807,0.0013487253627516,0.0183855347960123,-0.0170368094332606,0.0135922816682569,-0.0270995378176869,0.022807511623176,0.0081109415799554,58,5,0.3008849557522124,target_prevalence,0.0135245896006568,0.0130473768863548,0.000477212714302,0.0089930805207181,0.0170317356128322,0.1886310220875867,0.4543243886287604,-0.2656933665411737,0.7481481481481481,0.3155340368249703,0.6666666666666666,0.25,0.3377287330019482,0.4378910746476212,3.88005842222621,4.584915347881025,0.704856925654815,,,1.199040866595169e-14,True
2,0,2,2026073004,GP,MS,GP_to_MS,early,logistic,423,296,127,226,24,0.0756501182033096,0.0787401574803149,0.3008849557522124,0.6717948717948717,0.5573343261355176,-0.1144605456593541,0.2829548070584656,0.412978615560391,0.4350062326300424,1.2479566743595367,0.8129504417294944,0.0947167400379904,0.2726489137831537,0.1779321737451632,0.0324786324786324,0.0151847149233114,-0.0062324793452278,0.0113411308200913,0.0038435841032201,0.2667249399062917,0.0115145711817096,0.0100695900169956,0.0122836525130729,-0.0007690813313633,0.0150247740346621,0.0108234105303441,0.004201363504318,0.0203290805680126,0.0027000617954066,0.0086168226453317,0.0159504823808142,58,5,0.3008849557522124,target_prevalence,0.0057262859152856,0.00810448529723,-0.0023781993819443,0.0007326923606378,0.0062217834851644,0.0999030688391744,0.404376683907862,-0.3044736150686875,0.8817733990147781,0.0985221674876847,0.6666666666666666,0.1111111111111111,0.2877830422643607,0.4070034213216237,9.539006159488258,10.075361288424004,0.536355128935746,,,3.1086244689504387e-15,False
2,0,2,2026073004,GP,MS,GP_to_MS,late,lightgbm,423,296,127,226,24,0.0756501182033096,0.0787401574803149,0.3008849557522124,0.9735042735042736,0.917488830975428,-0.0560154425288453,0.8589247311827957,0.8079239375880244,0.0984617264208902,0.4377174766228846,0.3392557502019944,0.02597389578503,0.1193081810978621,0.0933342853128321,0.0252136752136751,0.047161158895182,-0.009935024514054,0.0562654869154387,-0.0091043280202567,0.2619881204097726,0.0190143716933599,0.0333642413797045,0.0821093652148333,-0.0630949935214734,0.0190108577311292,0.0817574087854582,-0.062746551054329,0.0190055477437584,0.0190231956429614,0.0812255635144024,0.0829931669152643,58,5,0.3008849557522124,target_prevalence,0.047510334584913,0.0221625810431623,0.0253477535417506,0.0081217127607469,-0.0344520815620074,0.1714472252859403,0.3445531078800163,-0.1731058825940759,0.9756838905775076,0.4846521291224056,0.6666666666666666,0.4285714285714285,0.4882928471454981,0.4422973470774895,2.817753614177484,4.645580754661684,1.8278271404842004,,,1.3322676295501878e-14,False
2,0,2,2026073004,GP,MS,GP_to_MS,late,logistic,423,296,127,226,24,0.0756501182033096,0.0787401574803149,0.3008849557522124,0.9427350427350428,0.8908227848101266,-0.0519122579249161,0.6499206349206349,0.7953406371403048,0.2243651334928149,0.4990491171804372,0.2746839836876223,0.0560560210680428,0.1371639991903086,0.0811079781222658,0.0162393162393162,0.070630958073718,0.0098349759493865,0.0118472116214657,0.0587837464522523,0.167252052051771,0.0367127453184267,0.0122041920695789,0.0074540040078903,0.0292587413105364,0.0297971078546411,0.006887859595506,0.0229092482591351,0.0193468112426984,0.054078679394155,0.0060323524834586,0.008875655532322,58,5,0.3008849557522124,target_prevalence,0.0587866486254982,0.0129680701790915,0.0458185784464066,0.0523011624493295,0.0129651680058456,0.1082004649755097,0.321093421553065,-0.2128929565775552,0.789247311827957,0.3075268817204301,0.6666666666666666,0.4285714285714285,0.4405108985956997,0.4563097503124514,13.202202257801616,13.940213893965703,0.7380116361640869,,,7.105427357601002e-15,False
2,0,2,2027073004,MS,GP,MS_to_GP,early,lightgbm,226,158,68,423,30,0.3008849557522124,0.2941176470588235,0.0756501182033096,0.7375,0.75471547314578,0.0172154731457799,0.4636360494017915,0.2809017156458765,0.6163790599127875,0.4855047481782286,-0.1308743117345589,0.2074899235459333,0.1614434941533953,-0.046046429392538,0.109375,0.0192656382673919,-0.0029656865488752,0.0114026106867505,0.0078630275806413,0.2590016397924964,0.0232941534334544,-0.0099639856160683,0.0053821066616869,0.0179120467717674,0.0496410297155512,0.0235439186085857,0.0260971111069655,0.0543379658772621,-0.0077496590103532,0.0267816789556651,-0.0160174656322912,24,10,0.0756501182033096,target_prevalence,0.0099055892570509,0.0175554657048158,-0.0076498764477649,0.0001065755664382,0.0155129040284063,0.1088347717931688,0.3298113826010848,-0.2209766108079159,0.8858560794044663,0.4931541265728507,0.6666666666666666,0.25,0.5731547732874636,0.7420383823766417,4.992185648293987,4.981990328219707,-0.0101953200742794,,,5.773159728050814e-15,True
2,0,2,2027073004,MS,GP,MS_to_GP,early,logistic,226,158,68,423,30,0.3008849557522124,0.2941176470588235,0.0756501182033096,0.7124999999999999,0.7707001278772377,0.0582001278772378,0.5709362459039603,0.3532253670778456,0.7198773108112101,0.7300683604656464,0.0101910496544362,0.2185431395516836,0.2047125714721262,-0.0138305680795574,0.1145833333333332,0.0022306570742131,0.0032609370953884,0.0069432803355541,-0.004712623261341,0.2537870234975222,0.0063262146345778,-0.0058447731575343,0.0162264938228308,-0.0099002791882529,0.0159449035373899,0.0056246921234291,0.0103202114139608,0.0176596558766099,-0.0050072266074542,0.003734677335792,0.0287183103098696,24,10,0.0756501182033096,target_prevalence,0.0057665361879258,0.0081216584305314,-0.0023551222426055,-0.0035338727519733,-0.0023575010187355,0.1045191459271453,0.4315849854040576,-0.3270658394769122,0.817733990147783,0.0295566502463054,0.6666666666666666,0.25,0.7677203603900064,0.6026713030946913,9.595162436376222,8.73151817615863,-0.8636442602175922,,,3.552713678800501e-15,False
2,0,2,2027073004,MS,GP,MS_to_GP,late,lightgbm,226,158,68,423,30,0.3008849557522124,0.2941176470588235,0.0756501182033096,0.8968749999999999,0.9715473145780052,0.0746723145780052,0.8082720428781842,0.7088354262180961,0.3773233766586936,0.1794973994514029,-0.1978259772072907,0.1067061430491587,0.0538098969969781,-0.0528962460521806,0.0458333333333333,0.1462985874448221,0.0445462353400971,0.1092404164866067,0.0370581709582154,0.2805434842675754,0.0843926564977998,0.024913558290019,0.0805872723888604,0.0038053841089394,0.0570918028472948,0.0664094891092716,-0.0093176862619768,0.0522247982967869,0.1165605146988127,0.0638819734271165,0.0972925713506043,24,10,0.0756501182033096,target_prevalence,0.1057842462127019,0.0045064138976084,0.1012778323150935,0.0691680016366544,-0.064219661356878,0.0959527119233801,0.3628576257185795,-0.2669049137951993,0.8954248366013072,0.4253078521754134,0.6666666666666666,0.4285714285714285,0.2079581914827321,0.2006130696782131,5.069263824407281,4.670943420864737,-0.3983204035425443,,,1.1546319456101628e-14,False
2,0,2,2027073004,MS,GP,MS_to_GP,late,logistic,226,158,68,423,30,0.3008849557522124,0.2941176470588235,0.0756501182033096,0.9239583333333334,0.8959398976982097,-0.0280184356351237,0.8386030474943014,0.5048674454029792,0.3322119066706722,0.2650392082808433,-0.0671726983898289,0.1057261919162476,0.0833603767818783,-0.0223658151343692,0.053125,0.0161580092043944,0.0001145773641988,0.0059250632489293,0.010232945955465,0.1978539086837349,0.0263354863495942,-0.0037797675821222,0.0031959362407642,0.02313955010883,0.0166016039074218,0.0012556099430141,0.0153459939644076,0.0148663156726056,0.0378046570265829,0.000909702190769,0.0054821702907594,24,10,0.0756501182033096,target_prevalence,0.0120426229595693,0.0023933681429654,0.0096492548166038,0.0099411003860344,0.0005836911388611,0.0936411529891039,0.4097473876523557,-0.3161062346632518,0.8580645161290323,0.2559139784946236,0.6666666666666666,0.4285714285714285,0.6787638870376393,0.6952618604486931,10.36820450188512,9.22254022519663,-1.1456642766884908,,,3.552713678800501e-15,True
3,0,3,2026073004,GP,MS,GP_to_MS,early,lightgbm,423,296,127,226,24,0.0756501182033096,0.0787401574803149,0.3008849557522124,0.7188034188034188,0.6051749813849592,-0.1136284374184596,0.2159042547792083,0.4224656638996329,0.3176854453802239,1.047854001591683,0.7301685562114592,0.0783066385234935,0.2602881434274889,0.1819815049039954,0.0376068376068375,0.0062468491898801,-0.0144363763381417,0.0288074311800745,-0.0225605819901943,0.2947058853536866,0.0019116044554747,0.0048645900492943,0.0090002430323568,-0.007088638576882,0.0074582390458852,0.0141519562717644,-0.0066937172258791,0.0158398202047277,-0.0120166112937781,0.0219367673890914,-0.0039362813243778,58,5,0.3008849557522124,target_prevalence,0.0114180519752504,0.0162645713006115,-0.0048465193253611,-0.0137035506577777,-0.0177140626648332,0.0858456145422259,0.4368992398900334,-0.3510536253478074,0.9111111111111112,0.3526513161746775,0.6666666666666666,0.25,0.7140217576232487,0.4256033618943389,3.868383602041809,4.228883193719262,0.3604995916774531,,,7.993605777301127e-15,False
3,0,3,2026073004,GP,MS,GP_to_MS,early,logistic,423,296,127,226,24,0.0756501182033096,0.0787401574803149,0.3008849557522124,0.647008547008547,0.5180565897244974,-0.1289519572840496,0.2229956479729873,0.3397637823945516,0.6202558483310214,1.4221036324229883,0.8018477840919671,0.1503505649305467,0.2986671972112021,0.1483166322806554,0.087179487179487,0.0319337335219057,0.0009634922909481,7.852773652616829e-06,0.031925880748253,0.1907285264236811,0.0066904037017726,-0.0086361250952871,-0.0032189916606407,0.0099093953624133,0.0139192005706264,0.0033146834498348,0.0106045171207915,0.0248427158391165,-0.0114619084355711,0.0131877925056646,-0.019625775826946,58,5,0.3008849557522124,target_prevalence,0.0159039495802784,0.0079604318433855,0.0079435177368928,0.0199346992425729,0.0239823630113601,0.110478492670064,0.259859059726981,-0.1493805670569169,0.8275862068965516,0.5517241379310344,0.6666666666666666,0.4285714285714285,0.323289620356128,0.6162225333758568,14.060551845695036,15.251959330298725,1.1914074846036868,,,5.3290705182007506e-15,False
3,0,3,2026073004,GP,MS,GP_to_MS,late,lightgbm,423,296,127,226,24,0.0756501182033096,0.0787401574803149,0.3008849557522124,0.9777777777777776,0.907017870439315,-0.0707599073384627,0.8322149122807017,0.7971835904226372,0.1192016611065882,0.4085530003298244,0.2893513392232362,0.0368314507726115,0.1099063178930686,0.0730748671204571,0.0102564102564103,0.0886688338885194,-0.0075557668224848,0.1081930364553146,-0.0195242025667952,0.4237085558346178,0.0543601467347309,-0.0027111848735346,0.154802902684574,-0.100442755949843,0.0476198267598734,0.1881550913926477,-0.1405352646327742,0.037434454353422,0.0712858391160399,0.2385539543292923,0.0710518510398557,58,5,0.3008849557522124,target_prevalence,0.1300837918000189,0.2148255147351693,-0.0847417229351503,-0.0521329627509727,0.0652175203683551,0.143562784325688,0.4661624922098335,-0.3225997078841455,0.8989010989010988,0.3332699821371451,1.0,0.6666666666666666,0.5712800954929531,0.7589033206903693,2.988818207842769,4.846552792944292,1.8577345851015237,,,1.8651746813702633e-14,False
3,0,3,2026073004,GP,MS,GP_to_MS,late,logistic,423,296,127,226,24,0.0756501182033096,0.0787401574803149,0.3008849557522124,0.9025641025641024,0.8726731198808638,-0.0298909826832386,0.5607434164888526,0.7691864965928346,0.2512744444780915,0.5292111563416461,0.2779367118635545,0.0584960610407279,0.1437031900327607,0.0852071289920328,0.0008547008547009,0.0180369298637128,-0.0114054973593117,-0.0103233134260125,0.0283602432897253,0.109957614997525,0.0061895146545776,0.0248165274745047,0.0321165801804664,-0.0259270655258887,0.0079214245472444,0.0221065722899931,-0.0141851477427487,0.0105385328294964,0.0018404964796587,0.0069803381443891,0.0572528222165436,58,5,0.3008849557522124,target_prevalence,0.0187273508160435,-0.0086882958978303,0.0274156467138739,0.0278879450017996,0.0009445965758514,0.0905734896175399,0.2485988175751248,-0.1580253279575849,0.8752688172043012,0.4236559139784946,1.0,0.6666666666666666,0.8241750089255153,0.7162193874761481,11.892769800609472,14.377137320752311,2.48436752014284,,,7.105427357601002e-15,False
3,0,3,2027073004,MS,GP,MS_to_GP,early,lightgbm,226,158,68,423,30,0.3008849557522124,0.2941176470588235,0.0756501182033096,0.7197916666666666,0.6849424552429667,-0.0348492114236999,0.5114345922384985,0.18595023537534,0.6028145426936273,0.6134765144135121,0.0106619717198848,0.1913858075379203,0.2016096014005214,0.0102237938626011,0.0406249999999999,0.0230173124912591,-0.0064164152147434,0.0074263970068104,0.0155909154844486,0.3003483187157593,0.0473405298405203,0.0063220363839168,0.0181057968604124,0.0292347329801079,0.0618483792716809,0.0296335662275854,0.0322148130440955,0.0644347368304394,0.0302463228506013,0.031688656031204,0.0045229376896208,24,10,0.0756501182033096,target_prevalence,0.0290689628899247,0.0171919290183971,0.0118770338715276,0.0137339746779881,0.003713881612921,0.1373200355557364,0.3949677735204079,-0.2576477379646715,0.8939393939393939,0.3296088216486961,1.0,0.4285714285714285,0.412355390415102,0.5963740205050315,5.195002778510605,5.190364683725181,-0.0046380947854238,,,7.105427357601002e-15,True
3,0,3,2027073004,MS,GP,MS_to_GP,early,logistic,226,158,68,423,30,0.3008849557522124,0.2941176470588235,0.0756501182033096,0.7614583333333332,0.6875799232736572,-0.0738784100596759,0.611133790204197,0.2904651454026398,0.6845220465889397,0.7552565110871868,0.0707344644982471,0.1785849836063431,0.2315010255416991,0.052916041935356,0.0322916666666666,0.0145717128159556,-0.0062594854118495,0.0102664449068191,0.0043052679091364,0.2599355449698231,-0.0083576948187851,-0.0126481435605085,0.0009035667771893,-0.0092612615959744,0.0046208126532349,0.0034082695972223,0.0012125430560126,0.0069345298627316,-0.0236499195003019,0.0038547904342199,-0.0020476568798413,24,10,0.0756501182033096,target_prevalence,0.0036920068383819,0.0108413000923503,-0.0071492932539684,-0.0014220126724159,0.0114545611631048,0.0939234517118312,0.3687014685967012,-0.2747780168848699,0.8768472906403939,0.251231527093596,0.6666666666666666,0.25,0.5718360614568291,0.6780516863027406,8.569751913960806,8.142425196971375,-0.4273267169894303,,,3.552713678800501e-15,False
3,0,3,2027073004,MS,GP,MS_to_GP,late,lightgbm,226,158,68,423,30,0.3008849557522124,0.2941176470588235,0.0756501182033096,0.9520833333333332,0.952125959079284,4.262574595059743e-05,0.9305786689292328,0.7305988152023586,0.228549240719739,0.1516620272821923,-0.0768872134375466,0.0652320914337892,0.0423338652129076,-0.0228982262208816,0.0322916666666666,0.1542009825117031,0.040380946371936,0.056316726169607,0.097884256342096,0.2996005891144156,-0.0009692315355449,0.0085887401728261,0.1055166464025712,-0.1064858779381162,0.0283395097709315,0.0355404506599746,-0.007200940889043,0.0335644664383814,-0.0355029295094713,0.023065585680793,0.1879677071243494,24,10,0.0756501182033096,target_prevalence,0.1270513427951914,0.0404232513248633,0.086628091470328,0.092256173906212,0.011256164871768,0.1188866600818646,0.3252206844936362,-0.2063340244117716,0.8947368421052632,0.4462242562929061,0.6666666666666666,0.6666666666666666,0.1842090755239316,0.3140552801017491,5.43343395706567,4.886323612013306,-0.5471103450523644,,,1.0658141036401504e-14,True
3,0,3,2027073004,MS,GP,MS_to_GP,late,logistic,226,158,68,423,30,0.3008849557522124,0.2941176470588235,0.0756501182033096,0.8729166666666667,0.8475863171355499,-0.0253303495311167,0.8126542366702303,0.439323173045393,0.4507965538368406,0.3139654467341886,-0.1368311071026519,0.1293264872590072,0.0911301572443083,-0.0381963300146988,0.0072916666666666,0.0405319561664476,-0.0037939559453184,0.0019989899633178,0.0385329662031297,0.2387829797264227,0.0497907207471496,0.0112619649121801,0.012976404043127,0.0368143167040225,0.0674951019247001,0.0136434480765253,0.0538516538481747,0.0706513147251548,0.0289301267691443,0.0137623640044849,0.0121904440817692,24,10,0.0756501182033096,target_prevalence,0.0361592835944567,0.003496654888571,0.0326626287058856,0.0355977974545077,0.0058703374972441,0.0955733481611294,0.4062335987299164,-0.310660250568787,0.853763440860215,0.1354838709677419,0.6666666666666666,0.4285714285714285,0.6522501157033641,0.7230405366118321,10.936802047174934,10.591848416224552,-0.344953630950382,,,3.552713678800501e-15,False
4,1,0,2026083004,GP,MS,GP_to_MS,early,lightgbm,423,296,127,226,24,0.0756501182033096,0.0787401574803149,0.3008849557522124,0.7982905982905982,0.6632539091586002,-0.135036689131998,0.4730251292911139,0.4761075431536044,0.2251855458005096,0.9314946849033734,0.7063091391028637,0.0571512834834713,0.2400614347246695,0.1829101512411982,0.0264957264957264,0.0333486021332426,-0.0009694835231786,0.0240450417874262,0.0093035603458163,0.2445797766842888,0.0742445015412315,0.0367980088472712,0.0434075693062334,0.030836932234998,0.0575792958763743,0.0409471698097423,0.0166321260666319,0.0323963184272567,0.1160926846552063,0.0372292327928224,0.0495859058196445,58,5,0.3008849557522124,target_prevalence,0.0200567528259303,0.0037974469541361,0.0162593058717941,0.0127814331088052,-0.0069557455259777,0.0991586581772233,0.3334496011854903,-0.2342909430082669,0.8719211822660098,0.4759559721798095,0.6666666666666666,0.6666666666666666,0.4056475005846776,0.5986564269490604,4.143613308941272,5.256489528003435,1.112876219062163,0.7100000000000001,0.7200000000000001,1.0935696792557792e-14,False
4,1,0,2026083004,GP,MS,GP_to_MS,early,logistic,423,296,127,226,24,0.0756501182033096,0.0787401574803149,0.3008849557522124,0.6726495726495727,0.5577066269545793,-0.1149429456949934,0.2535995931779064,0.3779888378855335,0.6427091487135158,1.5083298247419257,0.8656206760284099,0.1586259708371943,0.2734329441197568,0.1148069732825625,0.1435897435897435,-0.0058040874818857,0.0062012390032564,0.0104392500171921,-0.0162433374990778,0.2675397212623542,-0.0077029473057562,0.0184315819513546,0.0198990167720547,-0.0276019640778109,0.0022410017164812,0.0169720885344163,-0.0147310868179351,0.0172674135723067,-0.0326733081838192,0.0125491747530961,0.0272488587910132,58,5,0.3008849557522124,target_prevalence,0.0033419411660141,0.0117756493756031,-0.0084337082095889,-0.0123385228543334,-0.0078096292894889,0.0852766969777794,0.4253694614128434,-0.340092764435064,0.8669950738916254,0.1034482758620689,1.0,0.0,0.7317574234513686,0.4302820265370355,13.952013513272965,14.599349734148982,0.6473362208760172,0.6900000000000001,0.602,3.552713678800501e-15,False
4,1,0,2026083004,GP,MS,GP_to_MS,late,lightgbm,423,296,127,226,24,0.0756501182033096,0.0787401574803149,0.3008849557522124,0.9786324786324788,0.902457185405808,-0.0761752932266707,0.8609782608695652,0.8470251990822039,0.169725838799737,0.4173817082025172,0.2476558694027802,0.0545431059333406,0.1000016588702204,0.0454585529368798,0.0008547008547009,0.0196045445736475,-0.0009888355731928,0.0751635654681547,-0.0555590208945071,0.2895385998889613,0.0179658597711181,-0.0015732953175558,0.0347258184199751,-0.016759958648857,0.0202546118237212,0.0439702143651469,-0.0237156025414256,0.0237131704809883,0.0122185490612478,0.0579395237934066,0.0115121130465436,58,5,0.3008849557522124,target_prevalence,0.0261061836439995,0.0378859136051571,-0.0117797299611576,-0.0336693754278323,-0.0437792909333495,0.1476230332248551,0.4325888527116162,-0.2849658194867611,0.9414634146341464,0.3898084932156354,0.6666666666666666,0.25,0.7424259585016089,0.8079115869863521,3.2926846686843487,4.019678346718384,0.7269936780340349,0.7020000000000001,0.654,1.5099033134902132e-14,False
4,1,0,2026083004,GP,MS,GP_to_MS,late,logistic,423,296,127,226,24,0.0756501182033096,0.0787401574803149,0.3008849557522124,0.9538461538461538,0.8878443782576322,-0.0660017755885216,0.6801748251748251,0.7971385103401917,0.2305732676472348,0.4609961774108806,0.2304229097636457,0.0574128791733627,0.1322401459059166,0.0748272667325538,0.0162393162393164,0.0437675165533868,-0.0078713486156932,-0.0070226957943622,0.050790212347749,0.132589524104783,0.0223197058017262,0.0125327045871956,0.0254764688461846,-0.0031567630444584,0.0238670557449931,0.0167753387549318,0.0070917169900612,0.0262052734370408,0.0184341381664115,0.0036269643948165,0.0473259732975527,58,5,0.3008849557522124,target_prevalence,0.0412550623776141,-0.0007674395553523,0.0420225019329664,0.0464063571403577,0.0087677104147826,0.0861701642901659,0.2598093484557009,-0.1736391841655349,0.8709677419354839,0.4064516129032258,1.0,0.4285714285714285,0.6372256341053764,0.5753401533274946,10.766625196682938,12.328558483794431,1.5619332871114953,0.6300000000000001,0.418,4.440892098500626e-15,False
4,1,0,2027083004,MS,GP,MS_to_GP,early,lightgbm,226,158,68,423,30,0.3008849557522124,0.2941176470588235,0.0756501182033096,0.6947916666666667,0.7014066496163682,0.0066149829497015,0.4515606294462006,0.2530479254374052,0.6878626479602696,0.4577321417103515,-0.2301305062499181,0.2183772537660246,0.1480993433661959,-0.0702779103998287,0.0302083333333333,0.0019495488847119,0.0033991247287053,0.0092775667335148,-0.0073280178488028,0.2374337566656222,0.0035625588197065,-0.0065029774877437,0.0043082070257589,-0.0007456482060524,0.0150742095755489,-0.000699461170032,0.0157736707455809,0.0171264258662841,-0.010001308226871,-0.0015921931046576,0.0102086071561756,24,10,0.0756501182033096,target_prevalence,0.0009043844574724,0.0156294898647132,-0.0147251054072407,-0.0110265616280218,0.0073970875584378,0.0790805591753963,0.3158667766670313,-0.2367862174916349,0.8814814814814813,0.4727737255368643,1.0,0.4285714285714285,0.6180256973370164,0.8139454196356509,4.881186818942341,4.98935736376384,0.1081705448214993,0.6944444444444444,0.6444444444444445,6.217248937900877e-15,False
4,1,0,2027083004,MS,GP,MS_to_GP,early,logistic,226,158,68,423,30,0.3008849557522124,0.2941176470588235,0.0756501182033096,0.7364583333333333,0.6246003836317136,-0.1118579497016197,0.5542408607518636,0.2518018516407259,0.8228030447793191,0.7154071745818816,-0.1073958701974374,0.2104493362852279,0.2112803207869855,0.0008309845017576,0.09375,0.0318088891892663,-0.0007392188135799,0.0054859793697001,0.0263229098195661,0.2028292853782355,-0.0028464861522526,-0.0045738747693604,0.0103375854961193,-0.0131840716483719,0.0062802035058084,0.0128799633865132,-0.0065997598807047,0.0079072456732622,-0.0136002179777675,0.0133332006705946,0.007341970321644,24,10,0.0756501182033096,target_prevalence,0.027130236340099,0.0089690551079396,0.0181611812321594,0.0222420455258628,0.0081617285874067,0.0903237646718841,0.3447853316097097,-0.2544615669378256,0.8866995073891624,0.3940886699507389,0.6666666666666666,0.4285714285714285,0.5722706101816015,0.6251488442687344,9.688445314799884,9.68262101880081,-0.0058242959990746,0.8444444444444444,0.8722222222222221,3.552713678800501e-15,False
4,1,0,2027083004,MS,GP,MS_to_GP,late,lightgbm,226,158,68,423,30,0.3008849557522124,0.2941176470588235,0.0756501182033096,0.94375,0.9690297314578004,0.0252797314578004,0.9087851173529806,0.7887179426981861,0.271978900778896,0.1643590254944943,-0.1076198752844017,0.0790705234967451,0.0541485397192738,-0.0249219837774713,0.0229166666666665,0.0664770234024137,0.0072388884561012,0.0179019801012085,0.0485750433012051,0.1911438385707926,0.0182049416455777,-0.0239508153267261,-0.01532722440097,0.0335321660465478,0.035728402586409,-0.0082535887029653,0.0439819912893744,0.0388523621970307,-0.0024424789058751,-0.006992550584101,-0.023661898217839,24,10,0.0756501182033096,target_prevalence,0.0699922134065617,0.0020810070909609,0.0679112063156007,0.0582431248084029,-0.0193361630143956,0.0841665089428779,0.3623142589271867,-0.2781477499843088,0.9377777777777778,0.5141476695337212,1.0,0.25,0.8231893950887113,0.6993707065132189,5.014367323809784,4.885013136332243,-0.1293541874775412,0.8055555555555556,0.6722222222222222,1.0658141036401504e-14,False
4,1,0,2027083004,MS,GP,MS_to_GP,late,logistic,226,158,68,423,30,0.3008849557522124,0.2941176470588235,0.0756501182033096,0.8895833333333333,0.8925031969309463,0.0029198635976129,0.7978856400100223,0.4449995319995064,0.480458669908041,0.2200117300989659,-0.260446939809075,0.1395522786020247,0.070471584245612,-0.0690806943564127,0.0333333333333334,0.0118802184892711,-0.003681843983897,-0.0009984225048679,0.0128786409941391,0.165060501990353,-0.0004290513897158,-0.0068714143816178,-0.0036561014114716,0.0032270500217558,0.0026976646242367,0.0004086413492777,0.002289023274959,0.0032550736072254,-0.0041131763866572,0.0011332751562079,-0.0084454779791513,24,10,0.0756501182033096,target_prevalence,0.0054915530690954,0.0030449610971616,0.0024465919719338,0.0076626164830364,0.0104320490222052,0.0850884732675604,0.2946497462870466,-0.2095612730194861,0.8279569892473119,0.3462365591397849,1.0,0.4285714285714285,0.6705510924922097,0.6919855246868233,11.33782766229039,10.475661212468928,-0.8621664498214638,0.8444444444444444,0.8,3.552713678800501e-15,True
5,1,1,2026083004,GP,MS,GP_to_MS,early,lightgbm,423,296,127,226,24,0.0756501182033096,0.0787401574803149,0.3008849557522124,0.7000000000000001,0.6169955323901714,-0.0830044676098287,0.4172065856848466,0.4004293192962251,0.2807526504422472,1.017924931052318,0.7371722806100707,0.0686666283562361,0.2594342501531833,0.1907676217969471,0.1085470085470085,0.0179132760509994,-0.0104445648130322,0.0036061145349409,0.0143071615160584,0.2406192536098984,0.0336781530634465,0.0346355148556638,0.0358676040246674,-0.0021894509612209,0.0288291787244799,0.0336754562782132,-0.0048462775537332,0.0215018397233749,0.045854466403518,0.030362877461349,0.0413723305879859,58,5,0.3008849557522124,target_prevalence,0.0158225955205166,0.0104424131063354,0.0053801824141811,0.0098436719651197,0.0089269791018772,0.1866573937488774,0.3666306393238929,-0.1799732455750154,0.8400000000000001,0.5664705542999467,0.6666666666666666,0.25,0.3248634055589388,0.4285702865517975,4.330173362008261,4.191024074581666,-0.1391492874265951,,,1.2212453270876722e-14,True
5,1,1,2026083004,GP,MS,GP_to_MS,early,logistic,423,296,127,226,24,0.0756501182033096,0.0787401574803149,0.3008849557522124,0.8008547008547009,0.6049888309754281,-0.1958658698792728,0.5549123917467228,0.4248058920848284,0.3847950767019934,1.291140982767395,0.9063459060654016,0.0940441908175493,0.2706948490047177,0.1766506581871683,0.0786324786324786,0.0180826950237879,0.003547497874488,0.0086404594379352,0.0094422355858527,0.268370885045297,0.0089609059330679,0.0326432964125774,0.0323497483496235,-0.0233888424165555,0.0112405323882291,0.0239620253686514,-0.0127214929804223,0.014685301253806,0.0032365106123298,0.0112872439751824,0.0534122527240645,58,5,0.3008849557522124,target_prevalence,0.0040065095409183,0.0065864275343154,-0.0025799179933971,0.0034311587962277,0.0120221535792498,0.1059300018102507,0.3860501148982087,-0.280120113087958,0.8374384236453202,0.147783251231527,1.0,0.1111111111111111,0.4182812073016581,0.5068465415180606,13.132789886250832,14.845329885650228,1.7125399993993948,,,5.3290705182007506e-15,False
5,1,1,2026083004,GP,MS,GP_to_MS,late,lightgbm,423,296,127,226,24,0.0756501182033096,0.0787401574803149,0.3008849557522124,0.982051282051282,0.927215189873418,-0.0548360921778641,0.885619658119658,0.8851474504813412,0.1387628241339954,0.3599845029202281,0.2212216787862327,0.0445799962346966,0.0971083698259697,0.052528373591273,0.0025641025641025,0.077746452400955,0.0073051800730943,0.0451797570257095,0.0325666953752454,0.3249880126910571,-0.0072788859615122,0.0238868576790597,0.1039758623840071,-0.1112547483455193,-0.0034386239382351,0.0840212022175837,-0.0874598261558189,0.002364438674717,-0.0169222105977416,0.0538674935216552,0.154084231246359,58,5,0.3008849557522124,target_prevalence,0.0938408022804658,0.0628164295693656,0.0310243727111002,0.0317955340431728,0.0015423226641452,0.1515850683111809,0.4680315456767347,-0.3164464773655538,0.9219512195121952,0.2670209761869314,0.6666666666666666,0.25,0.7694141190721726,0.620718233697054,3.5967061242362406,5.5683080352414605,1.97160191100522,,,2.042810365310288e-14,False
5,1,1,2026083004,GP,MS,GP_to_MS,late,logistic,423,296,127,226,24,0.0756501182033096,0.0787401574803149,0.3008849557522124,0.9401709401709402,0.9005026061057335,-0.0396683340652066,0.6874754901960783,0.823720791593724,0.192578681283021,0.4411179828176015,0.2485393015345805,0.0584514532493381,0.1260315432844407,0.0675800900351026,0.0059829059829059,0.0299128093522796,-0.0018782029999017,-0.0047546782861023,0.034667487638382,0.2313585700424378,-0.0048235651356733,-0.0079990196113777,0.0396295118503238,-0.0444530769859971,0.0023345708804299,0.0258309241986911,-0.0234963533182612,0.0131513097492081,-0.0227984400205548,0.0049797250806684,0.0742792986199792,58,5,0.3008849557522124,target_prevalence,0.029666703197117,0.0269813393505323,0.0026853638465847,0.0186764257424834,0.0319821237917973,0.1201054441076942,0.401937795925344,-0.2818323518176497,0.849462365591398,0.1655913978494624,0.6666666666666666,0.25,0.664394882074536,0.7510365068066396,10.2905439747177,12.642721234011086,2.352177259293386,,,4.440892098500626e-15,False
5,1,1,2027083004,MS,GP,MS_to_GP,early,lightgbm,226,158,68,423,30,0.3008849557522124,0.2941176470588235,0.0756501182033096,0.703125,0.701326726342711,-0.001798273657289,0.4273623990054615,0.2015348742165779,0.7051326308054402,0.5098560914269697,-0.1952765393784704,0.2409926224232901,0.168234517635544,-0.072758104787746,0.0145833333333333,0.0055505942389697,0.0080942620898482,0.0192995904199353,-0.0137489961809655,0.263666073754262,0.0249534469710959,0.018017541659045,0.0192551889983237,0.0056982579727721,-0.0069952839591128,0.0086971599938085,-0.0156924439529213,-0.0126908794452781,0.06259777338747,0.0068149486949534,0.031695429301694,24,10,0.0756501182033096,target_prevalence,-0.0034327007501739,0.0138704386165856,-0.0173031393667595,-0.0155260677738625,0.0035541431857939,0.0958193790903957,0.3602224959353181,-0.2644031168449224,0.8814814814814813,0.5018730349499527,1.0,0.4285714285714285,0.7624504164401117,0.8692498607777941,4.998685766368935,5.302656157107669,0.3039703907387343,,,5.953570969552402e-15,False
5,1,1,2027083004,MS,GP,MS_to_GP,early,logistic,226,158,68,423,30,0.3008849557522124,0.2941176470588235,0.0756501182033096,0.553125,0.7436860613810742,0.1905610613810742,0.3800065707960219,0.2426287513768341,1.073247792980824,0.5502872580108056,-0.5229605349700184,0.3123144968730256,0.1517947819243324,-0.1605197149486932,0.1322916666666665,0.0143534787729382,0.0008917576641531,0.0107983170360314,0.0035551617369067,0.2856868117230211,0.0411933973578631,-0.0133639316703863,-0.0003769248955652,0.0415703222534283,0.0267144230930451,0.0080189093469652,0.0186955137460798,0.024133213196253,0.0582535815194732,0.0095156597411767,-0.0102695095323072,24,10,0.0756501182033096,target_prevalence,0.0051545837503492,0.0046432840644085,0.0005112996859407,0.0020332307114237,0.003043862050966,0.0852619660267882,0.4467352775422455,-0.3614733115154572,0.8423645320197043,0.1576354679802955,1.0,0.4285714285714285,0.7034033470574446,0.4199516355065646,11.813434585939367,12.116556301927949,0.3031217159885777,,,4.440892098500626e-15,False
5,1,1,2027083004,MS,GP,MS_to_GP,late,lightgbm,226,158,68,423,30,0.3008849557522124,0.2941176470588235,0.0756501182033096,0.9354166666666668,0.9589993606138107,0.023582693947144,0.8908410649452849,0.7350743300145542,0.3127716494569306,0.129620440951759,-0.1831512085051715,0.0926648300272797,0.0350830332517838,-0.0575817967754958,0.003125,-0.0072405764547791,-0.0205786559186471,0.0085684572893808,-0.0158090337441599,0.2183976278310413,-0.0290402454616417,-0.0353793235210599,-0.0002485351678595,-0.0287917102937822,0.0017891366939683,0.0289605072243042,-0.0271713705303358,0.0072851825378654,-0.0653656734611489,0.0341676902691467,-0.0346647606048658,24,10,0.0756501182033096,target_prevalence,0.0032349442896847,0.0045565197750547,-0.0013215754853699,-0.0085653046147649,-0.0144874582587899,0.060960038789243,0.3697514399431688,-0.3087914011539258,0.916083916083916,0.3867273513664199,0.6666666666666666,0.25,0.9204960678554998,0.8491497350783215,4.7423277430684445,4.8332519828891485,0.0909242398207039,,,1.0658141036401504e-14,False
5,1,1,2027083004,MS,GP,MS_to_GP,late,logistic,226,158,68,423,30,0.3008849557522124,0.2941176470588235,0.0756501182033096,0.8927083333333333,0.9279891304347828,0.0352807971014493,0.7743229797842213,0.48134448395321,0.5112073471879164,0.2671874577859515,-0.2440198894019649,0.1424690175161322,0.0720678396315142,-0.070401177884618,0.0208333333333333,0.0095823161182442,0.0059624566570594,0.0176574795268028,-0.0080751634085586,0.1729781260067064,0.015415566086016,-0.0023691009556912,0.0076590164907576,0.0077565495952583,0.0238490297077623,0.0073909453445644,0.0164580843631979,0.0253524884035611,0.0054786437684709,0.0073431555023461,0.0079748774791691,24,10,0.0756501182033096,target_prevalence,0.007683848121663,0.0086015262926625,-0.0009176781709994,-0.004496420789779,-0.0071574852375591,0.0947310005296959,0.3435329875228798,-0.2488019869931839,0.853763440860215,0.3161290322580645,0.6666666666666666,0.25,0.6283742161386506,0.7301559811167045,12.275597692108194,12.657936907425936,0.3823392153177423,,,3.552713678800501e-15,False
6,1,2,2026083004,GP,MS,GP_to_MS,early,lightgbm,423,296,127,226,24,0.0756501182033096,0.0787401574803149,0.3008849557522124,0.7410256410256411,0.6040580789277736,-0.1369675620978674,0.4940989601796053,0.444432344937275,0.2933008301951402,1.0092033791740938,0.7159025489789534,0.0761613057701076,0.245103728664214,0.1689424228941063,0.0008547008547008,0.002433784524792,-0.0011144050157889,0.0116964953684893,-0.0092627108436972,0.2784061552032431,-0.0326325141317514,-0.0177636186341274,0.0101596309237881,-0.0427921450555395,-0.0167122013123828,0.0129460504266871,-0.02965825173907,0.0073451602813296,-0.0726101885448324,0.0171566398977345,0.0031626219498417,58,5,0.3008849557522124,target_prevalence,0.042653448975331,0.0142783586673191,0.0283750903080118,0.0095561897321573,-0.0376378011517091,0.0932984893677029,0.3991924119069858,-0.3058939225392828,0.8962962962962963,0.4691358024691358,0.6666666666666666,0.1111111111111111,0.6597870854016624,0.381382753144343,4.206829306205013,4.3992108077724605,0.1923815015674472,,,7.549516567451064e-15,False
6,1,2,2026083004,GP,MS,GP_to_MS,early,logistic,423,296,127,226,24,0.0756501182033096,0.0787401574803149,0.3008849557522124,0.7350427350427351,0.5660833953834699,-0.1689593396592652,0.3736153746109837,0.3950721503984951,0.5233355206682947,1.126865331727524,0.6035298110592292,0.149830530078894,0.2900874437312835,0.1402569136523894,0.0102564102564102,0.0111568323360416,0.0011874871849087,0.0106688674494863,0.0004879648865553,0.2041513718912622,-0.0071932699500482,-0.0152480721799762,-0.0126037683040138,0.0054104983539655,0.004462274720105,-0.0052021959124799,0.009664470632585,0.0220750977772256,-0.036461637677322,0.00598240236806,-0.0311899389760877,58,5,0.3008849557522124,target_prevalence,0.0203275390181745,0.0073921670009949,0.0129353720171795,0.0067116684518674,-0.0124474071306242,0.0896444455174262,0.3500554385233128,-0.2604109930058865,0.7783251231527092,0.2709359605911329,0.6666666666666666,0.25,0.5963224930496701,0.4250079468687694,10.1396892676368,10.08180616623418,-0.0578831014026217,,,3.552713678800501e-15,False
6,1,2,2026083004,GP,MS,GP_to_MS,late,lightgbm,423,296,127,226,24,0.0756501182033096,0.0787401574803149,0.3008849557522124,0.970940170940171,0.9299609084139986,-0.0409792625261724,0.6735864859777904,0.8688769106670287,0.1632762084592067,0.3754553754547278,0.2121791669955211,0.0445717864630894,0.0979782210824041,0.0534064346193146,0.0025641025641026,0.1114779625031737,0.0297230311256907,0.073338176653972,0.0381397858492017,0.3446422543246415,0.1820763479874862,-0.0142425570914695,0.0868959169794095,0.0951804310080766,0.1117069384839471,0.089610867665195,0.022096070818752,0.0053709419008214,0.358781754074151,0.0937134598126043,0.0800783741462148,58,5,0.3008849557522124,target_prevalence,0.1582258330131708,0.1068675606371265,0.0513582723760442,0.044749029112623,-0.0132184865268425,0.1229751198034444,0.4706530720288389,-0.3476779522253945,0.9611111111111112,0.3878315086900384,0.6666666666666666,0.4285714285714285,0.8896288925424447,0.6944867664083411,3.0718033230731017,4.785001007041932,1.71319768396883,,,2.042810365310288e-14,False
6,1,2,2026083004,GP,MS,GP_to_MS,late,logistic,423,296,127,226,24,0.0756501182033096,0.0787401574803149,0.3008849557522124,0.9401709401709402,0.8928704393149666,-0.0473005008559735,0.7646087263734322,0.8101322649864929,0.2617270807371676,0.4695101762746665,0.2077830955374988,0.0909745578081958,0.1356570830370869,0.044682525228891,0.0128205128205127,0.023215143084391,-0.0005630160027416,0.0188878238263029,0.004327319258088,0.1900644925463078,0.0100276243198166,-0.0093880803881651,0.0109994936086458,-0.0009718692888292,0.0085670083331506,0.0075897314679434,0.0009772768652072,0.0063598552866331,0.013695393353,0.0024372020108819,0.0195617852064098,58,5,0.3008849557522124,target_prevalence,0.0340338597335095,0.0005520526841266,0.0334818070493829,0.0189045631537354,-0.0291544877912948,0.0903115644176558,0.331106983904943,-0.2407954194872871,0.8623655913978495,0.3419354838709678,0.6666666666666666,0.4285714285714285,0.7642762181258235,0.6631523707260905,13.796256348145926,15.717695840347073,1.921439492201145,,,4.440892098500626e-15,False
6,1,2,2027083004,MS,GP,MS_to_GP,early,lightgbm,226,158,68,423,30,0.3008849557522124,0.2941176470588235,0.0756501182033096,0.715625,0.6508951406649617,-0.0647298593350382,0.5075865959095869,0.1773585509087143,0.6808382093998172,0.6277078414667916,-0.0531303679330256,0.2308175619664767,0.2110378802716085,-0.0197796816948682,0.0812499999999999,0.0139303626872767,-0.0074062376867327,-0.0027964172289022,0.016726779916179,0.2269020956028962,0.0109389056925603,-0.0125378111028014,-0.001187235486738,0.0121261411792983,0.0341170108602688,0.0113214894204639,0.0227955214398049,0.038249040750891,-0.0163712293657704,0.0135514570919428,-0.015925928065419,24,10,0.0756501182033096,target_prevalence,0.0229939046639389,0.0037515295510522,0.0192423751128866,0.0179845775145328,-0.0025155951967076,0.0872964793163658,0.3399751315983355,-0.2526786522819697,0.94,0.4974999999999999,1.0,0.6666666666666666,0.4479555724041618,0.7120178872219775,5.386778290071444,5.334757262674923,-0.0520210273965204,,,8.881784197001252e-15,True
6,1,2,2027083004,MS,GP,MS_to_GP,early,logistic,226,158,68,423,30,0.3008849557522124,0.2941176470588235,0.0756501182033096,0.7229166666666667,0.6526534526854221,-0.0702632139812445,0.6040144844194602,0.2181439603409697,0.7433969417470961,0.6569776679199416,-0.0864192738271545,0.2087119839286997,0.1753674094604358,-0.0333445744682638,0.0041666666666667,0.0048950391106797,0.0008463940071963,0.0092005275274857,-0.004305488416806,0.2109733098254443,-0.0007373113853971,-0.0162361374253175,-0.0092504141520921,0.008513102766695,0.0165698613503411,0.0006591034893759,0.0159107578609652,0.0196552626179936,-0.0211298853887879,0.0024257027346515,-0.0209265310388359,24,10,0.0756501182033096,target_prevalence,0.005720082348451,-0.0024770547700945,0.0081971371185456,0.0019458243508698,-0.0125026255353516,0.1010395717950394,0.2489229384815053,-0.1478833666864659,0.8275862068965516,0.4285714285714285,1.0,0.6666666666666666,0.649992722431373,0.5944460000107399,10.771566756747038,11.381799517475145,0.6102327607281062,,,6.217248937900877e-15,False
6,1,2,2027083004,MS,GP,MS_to_GP,late,lightgbm,226,158,68,423,30,0.3008849557522124,0.2941176470588235,0.0756501182033096,0.95625,0.9548433503836318,-0.0014066496163682,0.9207695807243864,0.7410512962317732,0.2612943102709283,0.1459273523894987,-0.1153669578814295,0.0813386806871745,0.0391247340471015,-0.0422139466400729,0.003125,0.0391300851079895,0.0120445043584451,0.0241751469731718,0.0149549381348177,0.1889591348908035,-0.0175880277819859,-0.001806213260785,0.015475720048428,-0.0330637478304139,-0.0008141865708785,0.028529452330158,-0.0293436389010365,0.0021761360962826,-0.0373521916602545,0.0308565800906893,9.486000616676372e-05,24,10,0.0756501182033096,target_prevalence,0.0455549273145672,0.0417397560379287,0.0038151712766385,0.0093850547057281,0.0111397668581791,0.0721563531371947,0.4002159087237413,-0.3280595555865466,0.9207459207459208,0.3764594815701622,0.4285714285714285,0.4285714285714285,0.908564961358676,0.9444285551806584,5.02826358478986,4.72493171109968,-0.3033318736901798,,,1.0658141036401504e-14,True
6,1,2,2027083004,MS,GP,MS_to_GP,late,logistic,226,158,68,423,30,0.3008849557522124,0.2941176470588235,0.0756501182033096,0.90625,0.9188778772378516,0.0126278772378517,0.7902333201918974,0.4836019028561542,0.4269846674820787,0.2354179458076392,-0.1915667216744395,0.1217894125023329,0.0708633064485389,-0.050926106053794,0.0104166666666666,0.0291630170996075,-0.0108328483719724,-0.0060222338378589,0.0351852509374664,0.1672841326592296,0.0195768579637368,-0.007452448464805,-0.0023165278873836,0.0218933858511205,0.0243944174625019,0.0001480864605524,0.0242463310019495,0.0252532581530896,0.013900457774384,0.0005874606061455,-0.0052205163809129,24,10,0.0756501182033096,target_prevalence,0.0202823712347794,-0.0039341203279776,0.0242164915627571,0.0297008712501118,0.0109687593747093,0.0677081657806551,0.3248877099667949,-0.2571795441861397,0.8881720430107527,0.367741935483871,1.0,0.4285714285714285,0.6853219056985814,0.75899563610516,10.56993104335562,10.099302749563607,-0.4706282937920125,,,7.105427357601002e-15,False
7,1,3,2026083004,GP,MS,GP_to_MS,early,lightgbm,423,296,127,226,24,0.0756501182033096,0.0787401574803149,0.3008849557522124,0.8021367521367523,0.593494043186895,-0.2086427089498572,0.406474662911409,0.4051640994775219,0.2510859631242127,1.0203420585705176,0.7692560954463049,0.0666134036742358,0.2680497353983765,0.2014363317241407,0.1243589743589744,0.02208941029425,-0.005572801079495,0.012922211289532,0.0091671990047179,0.3377265164076053,-0.0293787570219093,-0.033647971169382,0.0173866396225195,-0.0467653966444289,-0.0123495770828503,0.0194929744070383,-0.0318425514898886,0.0133834059361722,-0.072140919979991,0.0226758803036444,0.0120973989413946,58,5,0.3008849557522124,target_prevalence,0.0081972273074819,0.0198629673116365,-0.0116657400041546,-0.0012492704997183,0.0208329390088725,0.1245193430031814,0.4062147227238146,-0.2816953797206332,0.9305210918114144,0.4455459193541129,0.6666666666666666,0.4285714285714285,0.0890962759588663,0.4832415245023679,4.225829961289964,5.006066981620148,0.7802370203301834,,,7.105427357601002e-15,False
7,1,3,2026083004,GP,MS,GP_to_MS,early,logistic,423,296,127,226,24,0.0756501182033096,0.0787401574803149,0.3008849557522124,0.7487179487179487,0.6000558451228593,-0.1486621035950894,0.4147505480429793,0.4021429837468023,0.4232841119814811,1.241600423826639,0.8183163118451577,0.1086162746833627,0.2696607172531956,0.1610444425698328,0.0435897435897436,0.0060617215558612,0.0006483998937688,0.0090568085107183,-0.0029950869548571,0.162047070329048,-0.0046672788700836,-0.028561808946504,-0.0148932651576283,0.0102259862875447,0.0028378590736644,-0.0035072828661956,0.0063451419398601,0.0141789564108839,-0.0235135141510512,0.0136982014853026,-0.0434847318005593,58,5,0.3008849557522124,target_prevalence,0.0156324368100366,0.0023864341063485,0.013246002703688,0.0051254578744154,-0.0162410896585452,0.1043154942730771,0.3212061761332478,-0.2168906818601706,0.817733990147783,0.3940886699507389,0.6666666666666666,0.4285714285714285,0.5259723639440129,0.5013357946889194,12.001268602541591,11.992624881837727,-0.0086437207038638,,,3.552713678800501e-15,False
7,1,3,2026083004,GP,MS,GP_to_MS,late,lightgbm,423,296,127,226,24,0.0756501182033096,0.0787401574803149,0.3008849557522124,0.9752136752136752,0.91888495904691,-0.0563287161667653,0.7655429292929293,0.8683496342921034,0.1838377844933546,0.3432982361759696,0.159460451682615,0.0545215070390361,0.0851514280667916,0.0306299210277554,0.0145299145299147,0.0515817697012254,0.0235527957435636,0.0631576475934505,-0.0115758778922251,0.3298668524618064,0.0473491464265858,-0.0088244337011519,0.1293090690138095,-0.0819599225872237,0.0424541592334113,0.1082262599077085,-0.0657721006742972,0.0350572896970587,0.0596410031561128,0.0763677928140449,0.182250345213574,58,5,0.3008849557522124,target_prevalence,0.0267083374123695,0.0707617560225805,-0.0440534186102109,-0.027814648251218,0.0324775407179858,0.0734442561318677,0.4567057105058881,-0.3832614543740203,0.9234234234234237,0.4903358445282584,1.0,0.25,0.8636648343293197,0.7415005487935316,4.02547856004355,5.260699111785052,1.2352205517415022,,,1.6875389974302383e-14,False
7,1,3,2026083004,GP,MS,GP_to_MS,late,logistic,423,296,127,226,24,0.0756501182033096,0.0787401574803149,0.3008849557522124,0.935042735042735,0.906180193596426,-0.0288625414463091,0.612251984126984,0.8368764906153097,0.217367126498601,0.4331248421490393,0.2157577156504383,0.0617750703438866,0.1124191636997819,0.0506440933558952,0.029059829059829,0.0995824015803584,0.0121884322853555,0.018581221693911,0.0810011798864474,0.1927457171446067,0.0287322711845027,0.0098883688935471,0.0754138338734979,-0.0466815626889951,0.0225219927268959,0.0487341016273264,-0.0262121089004305,0.0131375719465122,0.0443269704224933,0.0084180617886673,0.1424096059583284,58,5,0.3008849557522124,target_prevalence,0.075951588850489,0.0296865626844085,0.0462650261660804,0.0636331030262639,0.0347361537203669,0.1013023071728115,0.3918520281467322,-0.2905497209739206,0.8666666666666668,0.3118279569892473,1.0,0.25,0.1392107251766087,0.2206696064288041,11.1895598288355,13.871371869111613,2.681812040276112,,,7.105427357601002e-15,True
7,1,3,2027083004,MS,GP,MS_to_GP,early,lightgbm,226,158,68,423,30,0.3008849557522124,0.2941176470588235,0.0756501182033096,0.7229166666666667,0.6693574168797954,-0.0535592497868712,0.5102696393185189,0.185827812254938,0.585983104469281,0.5472443140631773,-0.0387387904061037,0.1990792924443296,0.1821624664546497,-0.0169168259896799,0.0739583333333333,0.0373704090361236,0.0124158355952728,0.0193236095414001,0.0180467994947234,0.2836336460002737,0.0186174923929286,-0.0094407923725444,0.0341688236668103,-0.0155513312738817,0.0329188811320636,0.0361817897084494,-0.0032629085763858,0.0354684323278982,0.0017665524579589,0.0365406471643405,0.0317970001692801,24,10,0.0756501182033096,target_prevalence,0.0016264381255983,0.0276540588498634,-0.026027620724265,-0.0039904106147708,0.0440744202189885,0.1126948689805933,0.3630447044737112,-0.2503498354931179,0.8320987654320987,0.4370370370370369,0.6666666666666666,0.1111111111111111,0.5287054153491416,0.783835634143776,4.8836178213417805,4.852691495441087,-0.0309263259006931,,,7.105427357601002e-15,True
7,1,3,2027083004,MS,GP,MS_to_GP,early,logistic,226,158,68,423,30,0.3008849557522124,0.2941176470588235,0.0756501182033096,0.6385416666666667,0.6463395140664961,0.0077978473998294,0.5305226662915087,0.2373845584007854,0.991268130370014,0.5893707991773893,-0.4018973311926246,0.2453765593069442,0.162496567961741,-0.0828799913452031,0.0135416666666666,0.0186766402825444,-0.0036409834133804,0.0116144229056638,0.0070622173768805,0.1951118171151817,0.0105795346444356,0.0212387646913848,0.0271177665496555,-0.0165382319052198,0.0288129919607599,0.0193330180505222,0.0094799739102377,0.032063524741386,-0.0109044554525146,0.017945207733128,0.0362903253661829,24,10,0.0756501182033096,target_prevalence,0.0161852729443723,0.0045684978666445,0.0116167750777278,0.0093394962273042,-0.0045545577008472,0.0689016689607817,0.3476796797781372,-0.2787780108173554,0.8768472906403939,0.2955665024630541,0.6666666666666666,0.25,0.5218755601715571,0.3159549027694913,11.81611939857406,11.89424724794453,0.0781278493704693,,,3.552713678800501e-15,True
7,1,3,2027083004,MS,GP,MS_to_GP,late,lightgbm,226,158,68,423,30,0.3008849557522124,0.2941176470588235,0.0756501182033096,0.934375,0.9611572890025576,0.0267822890025576,0.8945295739906809,0.7690957961470983,0.3104193288894825,0.1442769855007118,-0.1661423433887706,0.0940846328901862,0.040821489776723,-0.0532631431134631,0.0083333333333334,0.0282493394529019,-0.0024147975963725,0.0153414917293567,0.0129078477235451,0.1979910046945165,0.0373858421722256,-0.0322365392327285,-0.023252785191556,0.0606386273637816,0.0198893706614572,0.0079208397055507,0.0119685309559065,0.0167702225369749,0.0580014618074763,0.0134782547289903,-0.0599838251121024,24,10,0.0756501182033096,target_prevalence,0.0359357405946187,0.0216398297149919,0.0142959108796268,0.013601879301586,-0.0013880631560816,0.0541330761935206,0.3634856774408197,-0.3093526012472991,0.9496567505720824,0.3042093756931094,1.0,0.4285714285714285,0.921182850840174,0.8683253409670654,4.8326294447561775,4.516218746459519,-0.316410698296659,,,1.3322676295501878e-14,False
7,1,3,2027083004,MS,GP,MS_to_GP,late,logistic,226,158,68,423,30,0.3008849557522124,0.2941176470588235,0.0756501182033096,0.875,0.9052909207161124,0.0302909207161125,0.7748165934761708,0.4262454743671287,0.5040549562541151,0.2453196898758267,-0.2587352663782883,0.1477408855569741,0.0711071607618168,-0.0766337247951572,0.0437499999999999,0.0252902213751256,0.0063122358517873,0.0345173552891725,-0.0092271339140469,0.1189769337451866,0.0307464845122359,0.0243437020768421,0.0193697770204366,0.0113767074917993,0.0220053123801869,-0.0001063405923284,0.0221116529725154,0.0204469975711308,0.041045971453341,-0.0035784061277517,0.0423179601686249,24,10,0.0756501182033096,target_prevalence,0.0348983163465848,0.0008475203211738,0.034050796025411,0.012411831055682,-0.0432779299394579,0.0741710288295059,0.2454398036757758,-0.1712687748462699,0.8838709677419356,0.5483870967741936,0.6666666666666666,0.4285714285714285,0.4502828987794297,0.495459196564822,11.587484795258955,11.352626034790076,-0.2348587604688816,,,3.552713678800501e-15,False
8,2,0,2026093004,GP,MS,GP_to_MS,early,lightgbm,423,296,127,226,24,0.0756501182033096,0.0787401574803149,0.3008849557522124,0.7846153846153846,0.6646500372300819,-0.1199653473853027,0.3171339187128661,0.4399435057130008,0.2915038864411717,0.8128801786298613,0.5213762921886895,0.0843193380018645,0.2312022540441987,0.1468829160423341,0.0,0.0035491352976189,0.0223363413017633,0.009949381067657,-0.0064002457700381,0.2858316632003684,0.1271813663786353,-0.0078571123840306,0.0077054937637234,0.1194758726149118,0.08383211493311,0.012534136531909,0.0712979784012009,0.0183265794154274,0.2360361533418431,0.0198307522705007,-0.0044197647430538,58,5,0.3008849557522124,target_prevalence,0.0060760208429956,0.0423497994124313,-0.0362737785694357,-0.0213370121697369,0.0298735327993975,0.097159123687654,0.4356256836525622,-0.3384665599649082,0.9057071960297768,0.3861397967735646,0.4285714285714285,0.25,0.7040163603360291,0.5082100529713934,4.7949459938507095,5.087790634632415,0.2928446407817056,0.6199999999999999,0.7060000000000001,1.0880185641326534e-14,False
8,2,0,2026093004,GP,MS,GP_to_MS,early,logistic,423,296,127,226,24,0.0756501182033096,0.0787401574803149,0.3008849557522124,0.7632478632478632,0.568410275502606,-0.1948375877452571,0.423943464696076,0.4067425442728408,0.3433811904478222,1.0109410737638036,0.6675598833159814,0.0907940558775204,0.2904152818780777,0.1996212260005573,0.1418803418803418,0.0078668523619533,0.0096072918244691,0.0130766715476668,-0.0052098191857135,0.2527879890047277,0.0082085699781745,0.016529585217061,0.0062558455142927,0.0019527244638818,0.0089380311784998,0.0105491020201274,-0.0016110708416276,0.0100403281034356,0.0063768118529135,0.0170366896289443,-0.0045249986003587,58,5,0.3008849557522124,target_prevalence,-0.0050983090889605,0.0194595817511585,-0.0245578908401191,-0.0148838550129163,0.0193480716544056,0.111624954341149,0.4227942661346128,-0.3111693117934638,0.8423645320197043,0.1083743842364531,0.6666666666666666,0.1111111111111111,0.5341332015155482,0.507891624985516,9.4859360723458,11.057639082694063,1.5717030103482657,0.844,0.648,3.552713678800501e-15,False
8,2,0,2026093004,GP,MS,GP_to_MS,late,lightgbm,423,296,127,226,24,0.0756501182033096,0.0787401574803149,0.3008849557522124,0.9743589743589745,0.9206068503350708,-0.0537521240239036,0.7572294372294371,0.8557160788287499,0.1179027150247396,0.3759351793641509,0.2580324643394113,0.0360772030155346,0.1010702113121334,0.0649930082965988,0.011111111111111,0.1295051768378839,0.0616587228785633,0.1082870199132768,0.0212181569246071,0.267535311546244,0.0247057449269118,-0.0052443881572137,0.0872436792237255,-0.0625379342968136,0.0184029058573705,0.0626937221784182,-0.0442908163210477,0.0088786157078414,0.0405328741459822,0.0255960093099538,0.1488913491374972,58,5,0.3008849557522124,target_prevalence,0.1079738093915785,0.0563826296944395,0.051591179697139,0.036404668310873,-0.0303730227725318,0.1406433201449696,0.3731151011333765,-0.2324717809884069,0.962566844919786,0.3945363833640635,0.6666666666666666,0.4285714285714285,0.8911757953067475,0.8899489990428389,3.107421416468156,5.062246106773337,1.954824690305181,0.772,0.534,1.554312234475219e-14,False
8,2,0,2026093004,GP,MS,GP_to_MS,late,logistic,423,296,127,226,24,0.0756501182033096,0.0787401574803149,0.3008849557522124,0.9145299145299146,0.8699739389426656,-0.044555975587249,0.5275468075148926,0.7640955612012725,0.2610783729281757,0.5658306975681484,0.3047523246399726,0.0666420076573914,0.1549999843262822,0.0883579766688908,0.0282051282051281,0.024231908757767,-0.010560765129994,-0.0067519135438284,0.0309838223015955,0.1905528995369331,0.0113205549775525,0.0126811183318889,0.0446227413808632,-0.0333021864033107,0.0093742220935603,0.026654604061268,-0.0172803819677076,0.0064330968466388,0.0162080131084662,-0.0004972478883426,0.0897427306500691,58,5,0.3008849557522124,target_prevalence,0.0132279915457645,-0.0034864422316336,0.0167144337773982,0.0238491280394969,0.0142693885241972,0.1163222354827903,0.3104377266660521,-0.1941154911832617,0.8236559139784947,0.3204301075268818,0.6666666666666666,0.4285714285714285,0.7674253508272691,0.7276097083112675,11.045241632084265,14.231990330119848,3.1867486980355846,0.6040000000000001,0.616,7.105427357601002e-15,False
8,2,0,2027093004,MS,GP,MS_to_GP,early,lightgbm,226,158,68,423,30,0.3008849557522124,0.2941176470588235,0.0756501182033096,0.7364583333333333,0.649616368286445,-0.0868419650468883,0.4794282949096978,0.1559751151315948,0.5775977886136017,0.6267853043631012,0.0491875157494995,0.2013787849866544,0.2116834950065292,0.0103047100198747,0.0499999999999999,0.0313274341202574,0.0073196971070913,0.0275554006058744,0.0037720335143829,0.3460597203782711,-0.0148885548497729,-0.0085638619157159,0.0111451014868179,-0.0260336563365908,-0.0113817794285384,0.0115544338049527,-0.0229362132334911,-0.0107566161222459,-0.0190204935773,0.0116274066973221,0.0106627962763136,24,10,0.0756501182033096,target_prevalence,0.037262850347718,0.0356148835055877,0.0016479668421303,0.0027100001782566,0.0021240666722526,0.1425361149734683,0.3743538306166569,-0.2318177156431885,0.9061728395061728,0.4819968751499546,0.6666666666666666,0.4285714285714285,0.6441287573583849,0.5369132781367547,4.709152958418817,4.756100453587817,0.0469474951690003,0.5277777777777777,0.6222222222222221,6.217248937900877e-15,False
8,2,0,2027093004,MS,GP,MS_to_GP,early,logistic,226,158,68,423,30,0.3008849557522124,0.2941176470588235,0.0756501182033096,0.7197916666666666,0.7716592071611252,0.0518675404944586,0.5433405494925505,0.3448041316282498,0.921218192933922,1.177655932291282,0.25643773935736,0.2443993815832401,0.322645953368068,0.0782465717848279,0.0479166666666667,0.0303108457211326,-0.0036883232548596,-0.003498140345221,0.0338089860663536,0.1461933417745023,0.0176997001050103,-0.0074310396462448,-0.0053857594594096,0.02308545956442,0.0204500905259845,-0.004967988140426,0.0254180786664106,0.0209404108238741,0.0144589893861464,-0.0048935108022228,-0.0058780081165965,24,10,0.0756501182033096,target_prevalence,0.0405931145885141,0.0042675266194869,0.0363255879690271,0.0350672870176904,-0.0025166019026734,0.116151051140181,0.2513369908498726,-0.1351859397096915,0.9014778325123152,0.522167487684729,0.6666666666666666,0.4285714285714285,0.5192259649078953,0.5524524909816818,12.327799795478036,13.36896520931649,1.0411654138384543,0.6833333333333333,0.6333333333333334,5.3290705182007506e-15,False
8,2,0,2027093004,MS,GP,MS_to_GP,late,lightgbm,226,158,68,423,30,0.3008849557522124,0.2941176470588235,0.0756501182033096,0.8916666666666667,0.945812020460358,0.0541453537936912,0.8551233071971132,0.672997771638367,0.3354018010469813,0.245764668239237,-0.0896371328077442,0.099778460592502,0.0701296521333246,-0.0296488084591774,0.065625,0.059906002517548,0.0286329594910282,0.0720458402686611,-0.0121398377511131,0.3340068574958295,-0.0013971306960509,-0.0219606487304587,0.0880922560292557,-0.0894893867253066,0.0157555911597852,0.0421088794447805,-0.0263532882849953,0.0188134580087365,-0.0216077194008383,0.0339112858475482,0.1422732262109632,24,10,0.0756501182033096,target_prevalence,0.0815985430310343,0.0494539175161803,0.032144625514854,0.0100023938818704,-0.0442844632659671,0.101383231771683,0.4470350050711276,-0.3456517732994445,0.9264069264069263,0.4365567270672044,1.0,0.6666666666666666,0.2323048875430125,0.3495987494201226,4.872726650535307,4.738735545254395,-0.1339911052809119,0.5111111111111111,0.6777777777777778,1.2434497875801752e-14,False
8,2,0,2027093004,MS,GP,MS_to_GP,late,logistic,226,158,68,423,30,0.3008849557522124,0.2941176470588235,0.0756501182033096,0.95,0.8149776214833759,-0.135022378516624,0.8587247011765711,0.3372782043750865,0.287216749772164,0.3259424288371255,0.0387256790649615,0.0837813253078498,0.1004309486348172,0.0166496233269674,0.0218749999999999,0.1033175520305659,0.0259274015352883,0.0231071673994838,0.0802103846310821,0.2102691052053546,0.0219722464812952,0.009705707319273,0.0407444336217187,-0.0187721871404235,0.0053844008906639,0.032646205668373,-0.0272618047777091,0.0024272362171252,0.0415172567454651,0.0312025104343504,0.050286356809087,24,10,0.0756501182033096,target_prevalence,0.1454842937559298,0.0514386372880673,0.0940456564678625,0.0871280205494723,-0.0138352718367803,0.075835465845545,0.2602269076464152,-0.1843914418008702,0.8838709677419356,0.5440860215053763,0.6666666666666666,0.6666666666666666,0.3532809674879915,0.2646335919396235,9.864272027632916,10.051705192398328,0.1874331647654106,0.6833333333333333,0.8555555555555555,5.3290705182007506e-15,False
9,2,1,2026093004,GP,MS,GP_to_MS,early,lightgbm,423,296,127,226,24,0.0756501182033096,0.0787401574803149,0.3008849557522124,0.7837606837606838,0.6703276247207743,-0.1134330590399094,0.4960704056706453,0.4544104661525205,0.2676210851225142,0.9432059406097968,0.6755848554872824,0.0697079576869772,0.2450107356475958,0.1753027779606185,0.005982905982906,0.0203363468304726,0.0124992509088842,0.0281750939463473,-0.0078387471158746,0.3169484645259745,0.047376076782452,-0.0455615113404614,0.0009109975531415,0.0464650792293105,0.033251939875535,0.0102758102533785,0.0229761296221564,0.0119087996606381,0.082843353904266,0.0244270827781811,-0.0226050876718981,58,5,0.3008849557522124,target_prevalence,0.0333488072323626,0.0299650797933209,0.0033837274390416,-0.0022275098384164,-0.0112224745549163,0.165288013766011,0.4071352317465755,-0.2418472179805645,0.8585858585858586,0.4120110270608701,0.6666666666666666,0.25,0.5683401001102442,0.5473443123626615,4.26144400585184,4.738345532749789,0.476901526897949,,,8.881784197001252e-15,False
9,2,1,2026093004,GP,MS,GP_to_MS,early,logistic,423,296,127,226,24,0.0756501182033096,0.0787401574803149,0.3008849557522124,0.7735042735042735,0.640264333581534,-0.1332399399227395,0.2894834861244359,0.4693498588729317,0.3623766939467636,1.122524218737418,0.7601475247906544,0.0854724473557134,0.2514610896100522,0.1659886422543388,0.0435897435897436,0.0060118997898881,-0.0058083250076642,9.611620932459264e-05,0.0059157835805636,0.253418920766243,0.0314618124896449,0.0235540150844354,0.040886142914308,-0.0094243304246631,0.0209665918213391,0.0259950477235612,-0.0050284559022221,0.0051071472558991,0.0578164777233907,0.0034929483242104,0.0782793375044056,58,5,0.3008849557522124,target_prevalence,0.0061531949663429,0.0001522192859811,0.0060009756803617,0.0059583796304626,-8.519209979818143e-05,0.0877741585523236,0.3777289874705855,-0.2899548289182618,0.8374384236453202,0.1133004926108374,1.0,0.25,0.4349053969571268,0.3755992734993785,12.78149441462796,13.678930692366777,0.8974362777388176,,,3.552713678800501e-15,False
9,2,1,2026093004,GP,MS,GP_to_MS,late,lightgbm,423,296,127,226,24,0.0756501182033096,0.0787401574803149,0.3008849557522124,0.97008547008547,0.901572970960536,-0.068512499124934,0.7691341991341991,0.7648046546298012,0.1776974328593343,0.4790518185017847,0.3013543856424504,0.0577743908962146,0.1274009386998995,0.0696265478036848,0.0042735042735042,0.0308712561628948,-0.005206358295524,0.0282749919477884,0.0025962642151063,0.3254823182214715,0.0245126296958505,0.0347850629382858,0.0401723883390069,-0.0156597586431564,0.0225401920453986,0.0367608480028088,-0.0142206559574102,0.0195596195958268,0.0294656397958741,0.0316056314947762,0.0487391451832376,58,5,0.3008849557522124,target_prevalence,0.0469100549504436,0.0469685942268712,-5.853927642762713e-05,0.0012688624693393,0.002654803491534,0.1188192723567903,0.4221692001183487,-0.3033499277615583,0.9448621553884714,0.3835204792318314,0.6666666666666666,0.4285714285714285,0.7840411296751513,0.6286964798551684,3.160876162255119,4.40249658402817,1.2416204217730509,,,9.769962616701378e-15,False
9,2,1,2026093004,GP,MS,GP_to_MS,late,logistic,423,296,127,226,24,0.0756501182033096,0.0787401574803149,0.3008849557522124,0.9435897435897436,0.8918466120625467,-0.0517431315271968,0.7271237585943467,0.7956584115708717,0.1800500864400405,0.488638271013248,0.3085881845732074,0.053022597495837,0.134544023527915,0.081521426032078,0.0153846153846153,0.0064353592464945,0.0220933811047334,0.032425261764037,-0.0259899025175424,0.1948106695144108,0.0307908020787063,0.0119685038511274,0.0498541441198494,-0.019063342041143,0.0223356339923288,0.0315647241940625,-0.0092290902017337,0.0095589355506918,0.0520226686067208,0.0039273785284291,0.0957809097112697,58,5,0.3008849557522124,target_prevalence,-0.0006120788801982,0.042763863655036,-0.0433759425352343,-0.0346829225263883,0.0173860400176918,0.082351409044223,0.364630887879496,-0.282279478835273,0.853763440860215,0.3290322580645162,0.4285714285714285,0.4285714285714285,0.7600166445228641,0.8538030480761003,11.026864908687465,11.364722623142086,0.3378577144546231,,,3.552713678800501e-15,False
9,2,1,2027093004,MS,GP,MS_to_GP,early,lightgbm,226,158,68,423,30,0.3008849557522124,0.2941176470588235,0.0756501182033096,0.7083333333333333,0.6359494884910486,-0.0723838448422846,0.5065214039962682,0.1234103955430504,0.559851585582557,0.6336893037261973,0.0738377181436402,0.1940523610698672,0.2162158730483582,0.022163511978491,0.1041666666666666,0.0102023083144922,-0.0030581080781518,0.0083073789665249,0.0018949293479673,0.2970327917968396,0.0213648411283097,-0.0248331751913118,0.0024015545173244,0.0189632866109852,0.0278857453479942,0.0073690300938744,0.0205167152541198,0.0290482463788015,0.0136814358778178,0.0082545967704738,-0.0034514877358249,24,10,0.0756501182033096,target_prevalence,0.0132178399231228,0.0073511662255952,0.0058666736975275,0.0038808015227474,-0.0039717443495602,0.0891501415617891,0.376574004456682,-0.2874238628948928,0.875,0.4124303158499612,0.6666666666666666,0.25,0.5647681056779377,0.5360383785663894,5.10236291897112,4.816492781577308,-0.2858701373938119,,,5.3290705182007506e-15,True
9,2,1,2027093004,MS,GP,MS_to_GP,early,logistic,226,158,68,423,30,0.3008849557522124,0.2941176470588235,0.0756501182033096,0.5625,0.7503996163682863,0.1878996163682863,0.4033017675591326,0.3560455741174802,0.9655852491948936,0.6543341615512746,-0.3112510876436191,0.3121897716215101,0.2104697037965016,-0.1017200678250085,0.0135416666666666,0.0412445414898396,0.0011846476704754,0.0046710964424335,0.036573445047406,0.2371610930670261,0.0065281058234836,-0.0074634484519588,-0.0040657275633544,0.0105938333868381,0.0133991748946528,-0.0040923410000116,0.0174915158946644,0.014624100857201,-0.0015678892102337,-0.0040970854566859,-0.004034369670023,24,10,0.0756501182033096,target_prevalence,0.0234692354998496,0.0046372467918324,0.0188319887080172,0.0277027168777116,0.0177414563393887,0.1224378622838614,0.3305997232576736,-0.2081618609738122,0.7684729064039407,0.2758620689655172,0.6666666666666666,0.25,0.1727490371792843,0.4496352927162086,9.785599994395396,9.11533685134113,-0.6702631430542656,,,2.664535259100376e-15,False
9,2,1,2027093004,MS,GP,MS_to_GP,late,lightgbm,226,158,68,423,30,0.3008849557522124,0.2941176470588235,0.0756501182033096,0.9510416666666668,0.9665121483375958,0.0154704816709291,0.8909954914267071,0.6977126626251333,0.2798808684004404,0.1631157605631384,-0.116765107837302,0.0911884515891936,0.0478889097529421,-0.0432995418362514,0.0072916666666666,0.0648156566897595,0.0120386804961992,0.0561432350398738,0.0086724216498856,0.2669506153825571,0.0192766851854674,-0.0115192850901666,0.0391537932569294,-0.0198771080714619,0.0170549831565577,0.058727926581344,-0.0416729434247862,0.016658913714078,0.0218944566568568,0.062217465669819,0.0160901208440397,24,10,0.0756501182033096,target_prevalence,0.1278996790818303,0.0439055508321583,0.0839941282496719,0.0463332749497787,-0.0753217065997863,0.0572551924126892,0.3815821565269617,-0.3243269641142724,0.963386727688787,0.4903673518635196,1.0,0.6666666666666666,0.7699564961551544,0.6171495650189208,5.213037238097388,5.1118982286730885,-0.1011390094242994,,,1.4210854715202004e-14,False
9,2,1,2027093004,MS,GP,MS_to_GP,late,logistic,226,158,68,423,30,0.3008849557522124,0.2941176470588235,0.0756501182033096,0.8427083333333333,0.8506234015345269,0.0079150682011935,0.8062909415971182,0.3555076537463014,0.482505771467479,0.2361826865311249,-0.246323084936354,0.140468154239244,0.0665269552361021,-0.0739411990031419,0.0114583333333334,0.0735625434926967,-0.0018418937980404,0.0002776838309935,0.0732848596617031,0.2289770303041564,0.0281518437257841,-0.0103862883687843,0.008486712092149,0.0196651316336351,0.0364282158150631,0.0011640878816578,0.0352641279334052,0.0379036693351574,0.0184000181164109,-0.000141338161438,0.0171147623457361,24,10,0.0756501182033096,target_prevalence,0.060865932729077,0.006823524943625,0.0540424077854519,0.0636636337235775,0.0192424518762511,0.101999265133019,0.3280096572734204,-0.2260103921404013,0.8795698924731183,0.3118279569892473,0.6666666666666666,0.4285714285714285,0.4203707143931278,0.4720281372256136,9.594938169709437,9.605024052472643,0.0100858827632102,,,5.3290705182007506e-15,True
10,2,2,2026093004,GP,MS,GP_to_MS,early,lightgbm,423,296,127,226,24,0.0756501182033096,0.0787401574803149,0.3008849557522124,0.7769230769230769,0.681217423678332,-0.0957056532447448,0.4442588790912596,0.4660771313843957,0.2633583735812577,0.8123473904859048,0.5489890169046471,0.0718385124546007,0.2218944632222101,0.1500559507676094,0.0324786324786324,0.041201293494003,0.0171509288043749,0.0255167415217724,0.0156845519722305,0.2722731345785432,0.0296799220590217,-0.0165300701336621,0.0287552261571889,0.0009246959018327,0.0240787768552728,0.0386201637759419,-0.014541386920669,0.0156148241029412,0.0437450200151022,0.0535271806220575,0.0039832716923203,58,5,0.3008849557522124,target_prevalence,0.0302626185083598,0.0607714438309485,-0.0305088253225887,-0.007412136675179,0.0461933772948193,0.1519524214254667,0.4502901600215759,-0.2983377385961092,0.817733990147783,0.3672558335692442,0.4285714285714285,0.25,0.3480520988055016,0.584861100491394,4.455084201467769,5.50065090091528,1.0455666994475106,,,1.121325254871408e-14,False
10,2,2,2026093004,GP,MS,GP_to_MS,early,logistic,423,296,127,226,24,0.0756501182033096,0.0787401574803149,0.3008849557522124,0.7555555555555555,0.5991250930752048,-0.1564304624803507,0.4210925637271536,0.4273853620006683,0.3618403252220729,1.2287766530505968,0.8669363278285238,0.0893563516606492,0.2732591822891185,0.1839028306284693,0.0726495726495727,0.0068824688128681,-0.0017212268596875,0.0056407358092317,0.0012417330036364,0.1914977593108605,0.0188885856336015,-0.0146520741335047,-0.0163897026158778,0.0352782882494793,0.0146756028850124,-0.0062780568567013,0.0209536597417138,0.0083093178426999,0.0294678534245032,0.0090017634016096,-0.0417811686333652,58,5,0.3008849557522124,target_prevalence,0.006267815651462,0.0019020692873321,0.0043657463641299,0.0028037396838831,-0.0031240133604935,0.0961274695646688,0.2907427046119814,-0.1946152350473126,0.8128078817733988,0.2955665024630541,1.0,0.1111111111111111,0.7483176991898888,0.3941322236338593,13.702394893662296,14.776945537983543,1.0745506443212491,,,5.3290705182007506e-15,False
10,2,2,2026093004,GP,MS,GP_to_MS,late,lightgbm,423,296,127,226,24,0.0756501182033096,0.0787401574803149,0.3008849557522124,0.9658119658119658,0.930053983618764,-0.0357579821932018,0.7133366867574029,0.8164378273433908,0.1297977513238629,0.4048719645625256,0.2750742132386627,0.0410418685446142,0.1071066199136151,0.0660647513690009,0.0059829059829059,0.0063919765583385,0.0126629146079129,0.0672159790944926,-0.060824002536154,0.3271843838240887,0.1236002309563166,-0.0180024215261776,0.009737626361328,0.1138626045949885,0.0832211164653936,0.0341916127897967,0.0490295036755968,0.0222037879013321,0.224996674011301,0.0711443033928161,-0.05166905067016,58,5,0.3008849557522124,target_prevalence,0.0076405814103341,0.0472771241958905,-0.0396365427855563,-0.0502302726608552,-0.0211874597505976,0.134610533231257,0.4464382437404222,-0.3118277105091652,0.9359267734553776,0.2869365064449529,0.6666666666666666,0.4285714285714285,0.892123097143748,0.7639823922238037,3.1768272199808667,4.480176775123776,1.3033495551429093,,,1.4210854715202004e-14,False
10,2,2,2026093004,GP,MS,GP_to_MS,late,logistic,423,296,127,226,24,0.0756501182033096,0.0787401574803149,0.3008849557522124,0.9658119658119658,0.902084884586746,-0.0637270812252197,0.7987193362193361,0.8255177802516626,0.1537691163000316,0.4229482830974964,0.2691791667974648,0.0483469448789387,0.1220197670370221,0.0736728221580833,0.0008547008547008,0.0355258401491435,0.0078699642983668,0.0175382720635909,0.0179875680855526,0.1848120937227303,0.0195225479541052,-0.009059747150472,0.0191119586424737,0.0004105893116315,0.018176778497841,0.01226364464345,0.0059131338543909,0.0161431713194861,0.0229019245887244,0.0019150812671476,0.0363088360177998,58,5,0.3008849557522124,target_prevalence,0.0342827148766289,0.0129975122163884,0.0212852026602404,0.0196363853728965,-0.0032976345746878,0.127415583407851,0.3158177187584992,-0.1884021353506482,0.7978494623655915,0.243010752688172,0.6666666666666666,0.4285714285714285,0.7025682034934122,0.7195174317379477,13.147770898674368,16.01409806604912,2.8663271673747506,,,7.105427357601002e-15,False
10,2,2,2027093004,MS,GP,MS_to_GP,early,lightgbm,226,158,68,423,30,0.3008849557522124,0.2941176470588235,0.0756501182033096,0.7572916666666667,0.6600063938618926,-0.097285272804774,0.5594002249220772,0.2045781368110022,0.5803177699874484,0.525288494002401,-0.0550292759850474,0.1918993314656547,0.1793400291892052,-0.0125593022764494,0.1114583333333333,0.0014940096154526,-0.0128323168428216,0.0078166279547571,-0.0063226183393044,0.3310307483558098,0.0043922488422523,-0.0152902818685465,0.0016665506643873,0.002725698177865,0.0226068055174898,0.0113986388761635,0.0112081666413262,0.0258539688244959,-0.0170694711399912,0.0131336072481793,-0.0098005059194047,24,10,0.0756501182033096,target_prevalence,0.0072110011348138,0.0036456898916192,0.0035653112431946,-0.0013786535480549,-0.0098879295824991,0.0886313215581186,0.4187159160724603,-0.3300845945143417,0.945,0.5025000000000001,0.6666666666666666,0.25,0.5092186983782533,0.429444096920512,4.658525139380206,4.4133588673197055,-0.2451662720605005,,,6.217248937900877e-15,False
10,2,2,2027093004,MS,GP,MS_to_GP,early,logistic,226,158,68,423,30,0.3008849557522124,0.2941176470588235,0.0756501182033096,0.7364583333333333,0.6831042199488491,-0.0533541133844842,0.501839196440546,0.2171614347772928,0.7378686913453968,0.7228767714029223,-0.0149919199424745,0.2343378916550165,0.2230082492923766,-0.0113296423626399,0.1218749999999999,0.0215671036072755,-0.0117062285073991,0.0006535156888074,0.020913587918468,0.2898912043117701,0.0219220978304599,-0.0095435221772962,0.0092693146155578,0.0126527832149021,0.0213873678769597,0.0146785597909064,0.0067088080860533,0.0212920399743859,0.022552155686534,0.0156428820505785,0.0028957471805371,24,10,0.0756501182033096,target_prevalence,0.010778095449977,0.0013412109703082,0.0094368844796688,0.0151752361990684,0.0114767034387992,0.095713826200745,0.4098423343065542,-0.3141285081058092,0.8522167487684726,0.2167487684729063,1.0,0.1111111111111111,0.5271254486483445,0.6623810006659986,9.259579321433838,9.300951102983412,0.0413717815495733,,,3.552713678800501e-15,True
10,2,2,2027093004,MS,GP,MS_to_GP,late,lightgbm,226,158,68,423,30,0.3008849557522124,0.2941176470588235,0.0756501182033096,0.9114583333333331,0.9744245524296676,0.0629662190963342,0.8723010601418901,0.7795797615461579,0.3149577240166496,0.1390869090500213,-0.1758708149666283,0.0944007028914498,0.0378991757086928,-0.0565015271827569,0.0041666666666667,0.0640110937535619,0.0630652197573201,0.0580741265165722,0.0059369672369896,0.2870311887317058,0.0491495800595944,0.0966937852595587,0.0914435160380298,-0.0422939359784353,0.0389529800745216,0.0455713537962223,-0.0066183737217006,0.0371352018042023,0.0611639583149865,0.0373935867113318,0.1454934453647277,24,10,0.0756501182033096,target_prevalence,0.1365206590963602,0.1065423207298593,0.0299783383665008,0.0179576528017452,-0.0240413711295112,0.0864774622936878,0.2583497959619698,-0.1718723336682819,0.9428571428571428,0.6974514350744964,0.6666666666666666,0.4285714285714285,0.3395043877399443,0.143126955392607,4.8874257473827605,4.510347878607277,-0.3770778687754834,,,1.1546319456101628e-14,False
10,2,2,2027093004,MS,GP,MS_to_GP,late,logistic,226,158,68,423,30,0.3008849557522124,0.2941176470588235,0.0756501182033096,0.953125,0.943813938618926,-0.009311061381074,0.921769993894994,0.6289682486248586,0.2723399142014167,0.2162166638238074,-0.0561232503776092,0.0887933055599353,0.0645428191904737,-0.0242504863694616,0.0072916666666666,0.0578454312134282,-0.0117958052558022,7.265582443660712e-05,0.0577727753889916,0.2611569468233669,0.0526112783378008,0.0178307679670843,0.0194063411411399,0.0332049371966609,0.0817934639178307,0.0128848904987105,0.0689085734191201,0.0869958591187274,0.0182266975568742,0.0117222920554919,0.0270903902267878,24,10,0.0756501182033096,target_prevalence,0.0278312994798193,0.0086041255704681,0.0192271739093512,0.0384999746491714,0.0385456014796403,0.1052615885395429,0.3733031418866415,-0.2680415533470985,0.8279569892473119,0.1354838709677419,0.6666666666666666,0.4285714285714285,0.7043270695463801,0.6660791564383383,10.750300332617872,10.232337834635455,-0.5179624979824151,,,5.3290705182007506e-15,False
11,2,3,2026093004,GP,MS,GP_to_MS,early,lightgbm,423,296,127,226,24,0.0756501182033096,0.0787401574803149,0.3008849557522124,0.7478632478632479,0.6813104988830975,-0.0665527489801504,0.2304515453100358,0.4834972950624139,0.3212061207411967,0.8593326373270985,0.5381265165859018,0.0829253476310483,0.2256036306655675,0.1426782830345191,0.0085470085470085,0.0584558006079339,-0.0124570130998979,-0.0014850161793579,0.0599408167872919,0.3200138332522358,-0.0309271790203859,-0.0217225839934742,-0.0385382056793562,0.0076110266589702,-0.0120777233865488,-0.0170204993646594,0.0049427759781106,0.0164058984601384,-0.0782602565009104,0.0154951457331044,-0.0925715570918168,58,5,0.3008849557522124,target_prevalence,0.0489656735010219,0.0028595228513199,0.046106150649702,0.0530234837184969,0.0138346661375899,0.1419396095170263,0.4890283746858785,-0.3470887651688522,0.8925831202046035,0.2342836852411517,0.6666666666666666,0.1111111111111111,0.3067562820170819,0.4441082635610971,4.583102562057309,6.1008684738295145,1.517765911772205,,,7.993605777301127e-15,False
11,2,3,2026093004,GP,MS,GP_to_MS,early,logistic,423,296,127,226,24,0.0756501182033096,0.0787401574803149,0.3008849557522124,0.6854700854700856,0.6443596425912137,-0.0411104428788718,0.2204959529797338,0.4756188763484391,0.4889345678770256,0.946333944819758,0.4573993769427322,0.1106603850247681,0.2683921268595656,0.1577317418347974,0.1119658119658119,0.0020440809980076,0.0010598516991253,0.0115949303038245,-0.0095508493058168,0.2430883215389199,0.0477843715145981,-0.0135995687083143,0.0244895188394108,0.0232948526751873,0.0395745024202423,0.0169211600803992,0.022653342339843,0.0271684780109935,0.0684002650182026,0.0054845290667818,0.0434945086120398,58,5,0.3008849557522124,target_prevalence,-0.0009407298282607,0.0145408189703718,-0.0154815487986325,-0.0125161990522247,0.0059306994928157,0.1401660514046568,0.4126957398309634,-0.2725296884263066,0.7241379310344827,0.2364532019704433,0.4285714285714285,0.25,0.590013116786783,0.5363461026985468,11.850312179548828,11.489312456902772,-0.3609997226460564,,,4.440892098500626e-15,False
11,2,3,2026093004,GP,MS,GP_to_MS,late,lightgbm,423,296,127,226,24,0.0756501182033096,0.0787401574803149,0.3008849557522124,0.9752136752136752,0.904132539091586,-0.0710811361220891,0.8114493349787467,0.7693812736953354,0.1494967586778619,0.4522525209314916,0.3027557622536296,0.0461896164102444,0.1300496402155591,0.0838600238053147,0.0470085470085469,0.0130407625330323,0.0272978334284447,0.07339417784422,-0.0603534153111877,0.3153026416432109,-0.013318257640657,-0.0276057486054045,0.0745184706258973,-0.0878367282665544,-0.0014507814895697,0.0700585976128242,-0.0715093791023939,0.0164822935831844,-0.0431188088644985,0.0633192339486247,0.08571770730317,58,5,0.3008849557522124,target_prevalence,-0.0170179227662069,0.0375241322986826,-0.0545420550648896,-0.0574477351880386,-0.0058113602462981,0.1032001183982535,0.436325436636588,-0.3331253182383345,0.8993135011441648,0.2928582795851576,0.6666666666666666,0.4285714285714285,0.937008559082346,0.6417394685030611,4.029781042895723,4.928012919797058,0.8982318769013347,,,1.376676550535194e-14,False
11,2,3,2026093004,GP,MS,GP_to_MS,late,logistic,423,296,127,226,24,0.0756501182033096,0.0787401574803149,0.3008849557522124,0.9401709401709402,0.8913812360387194,-0.0487897041322207,0.6075982734230815,0.8095010006516005,0.1886321670493806,0.4746898760737423,0.2860577090243618,0.0587715047781285,0.1257206447415899,0.0669491399634614,0.0025641025641025,0.0673723342576971,0.0099607546812131,0.0093933495399929,0.0579789847177041,0.1892119256957755,0.0391790513741355,0.0127312924659511,0.0133130034618684,0.025866047912267,0.0367251391534088,0.0143537785387286,0.0223713606146801,0.0330170051309774,0.0453410976172936,0.0159265053215396,0.0106995016021972,58,5,0.3008849557522124,target_prevalence,0.0882395581720821,0.0171071677083579,0.0711323904637242,0.0645556875907142,-0.01315340574602,0.1015932681345507,0.2684242951941121,-0.1668310270595613,0.7376344086021506,0.3161290322580645,0.6666666666666666,0.6666666666666666,0.4478872028693385,0.3562380054984369,11.8299099788349,14.468159274086863,2.6382492952519634,,,5.3290705182007506e-15,False
11,2,3,2027093004,MS,GP,MS_to_GP,early,lightgbm,226,158,68,423,30,0.3008849557522124,0.2941176470588235,0.0756501182033096,0.75,0.7339354219948849,-0.016064578005115,0.545968627379433,0.1761550616943697,0.5637842645259945,0.5234018370518585,-0.040382427474136,0.1969551845893845,0.1708131096912517,-0.0261420748981328,0.0031249999999999,0.0120042742221173,0.0198065243495128,0.0397179948343676,-0.0277137206122503,0.2497522589352816,0.0161385558359829,-0.0176999460602793,0.0068499786536212,0.0092885771823617,0.006794149430104,0.0106932599635134,-0.0038991105334093,0.0051282942491117,0.0271488174228542,0.0113784131775331,0.0023215441297092,24,10,0.0756501182033096,target_prevalence,0.0255283399930552,0.0258078969622991,-0.0002795569692438,-0.0139966387907471,-0.0274341636430064,0.1193573620179791,0.3304145640329065,-0.2110572020149273,0.8320987654320987,0.4381201540315443,0.6666666666666666,0.25,0.6398210570908898,0.3769928909941787,4.98908668265849,4.617447648863305,-0.3716390337951853,,,6.217248937900877e-15,False
11,2,3,2027093004,MS,GP,MS_to_GP,early,logistic,226,158,68,423,30,0.3008849557522124,0.2941176470588235,0.0756501182033096,0.7166666666666667,0.5378836317135549,-0.1787830349531117,0.4798715138607762,0.2296480135492691,0.6947991805178956,1.0266442291866145,0.3318450486687189,0.2349310947910605,0.3521592188761658,0.1172281240851052,0.1479166666666667,0.0022812875184745,-0.0060687591546279,0.0089064748230755,-0.0066251873046009,0.293460649584861,0.0007489610286603,-0.0028475217327876,0.0195138373919518,-0.0187648763632914,0.0102087324988001,0.0252949023633447,-0.0150861698645446,0.0118951541536439,-0.0103972320963231,0.0263255100462672,0.0127021647376364,24,10,0.0756501182033096,target_prevalence,0.0038308669076406,0.0090354528420697,-0.0052045859344291,-0.005914886619515,-0.0014206013701718,0.0838498578593343,0.416365097750403,-0.3325152398910686,0.8472906403940885,0.1625615763546798,0.6666666666666666,0.1111111111111111,0.6440269110851112,0.3596121250134977,7.222632599801282,7.699376265108406,0.476743665307124,,,2.664535259100376e-15,False
11,2,3,2027093004,MS,GP,MS_to_GP,late,lightgbm,226,158,68,423,30,0.3008849557522124,0.2941176470588235,0.0756501182033096,0.9489583333333332,0.952125959079284,0.0031676257459505,0.8985960860604825,0.6476309248475575,0.3187062742801868,0.1855611555958176,-0.1331451186843691,0.099483110194253,0.0560560777454925,-0.0434270324487604,0.0244791666666667,0.0267526623278757,0.0022028110073214,0.0746562888431999,-0.0479036265153242,0.3684454992815508,0.0058458389607457,0.0929804812846287,0.3509295257788132,-0.3450836868180674,0.0102723459329039,0.1610544233051338,-0.1507820773722299,0.0110614725240407,0.0006302053974507,0.1272048228641437,0.5746542286934827,24,10,0.0756501182033096,target_prevalence,0.0563669020055268,0.0788547563885442,-0.0224878543830173,-0.0351957404491708,-0.0254157721323068,0.1033800067199598,0.4575790902987039,-0.3541990835787441,0.9560975609756096,0.3609756097560975,1.0,1.0,0.9625840081963594,0.7088345415961831,5.283786068654805,4.965878231539916,-0.3179078371148884,,,1.0658141036401504e-14,False
11,2,3,2027093004,MS,GP,MS_to_GP,late,logistic,226,158,68,423,30,0.3008849557522124,0.2941176470588235,0.0756501182033096,0.94375,0.8920236572890026,-0.0517263427109975,0.8478012814498883,0.4179598199544777,0.3047816459726701,0.2841221393731478,-0.0206595065995223,0.0896515609748829,0.0861536410854724,-0.0034979198894105,0.0197916666666667,0.0672529123946751,-0.0032020940921366,0.0018466843216399,0.0654062280730351,0.2297635649328725,0.030360112599798,0.0066059433248387,0.0176876540810733,0.0126724585187247,0.0209863137069453,-0.0023320284064669,0.0233183421134122,0.0193152186396958,0.0414050065599002,-0.0059009968722122,0.0412763050343589,24,10,0.0756501182033096,target_prevalence,0.0920816913120795,-0.0026016749691269,0.0946833662812064,0.0800447971771207,-0.0292771382081712,0.0886790480096416,0.2704418531075669,-0.1817628050979252,0.8236559139784947,0.3634408602150538,0.6666666666666666,0.25,0.411348902265333,0.5586091902382105,10.604191914432782,10.183973289219434,-0.4202186252133479,,,5.3290705182007506e-15,False
12,3,0,2026103004,GP,MS,GP_to_MS,early,lightgbm,423,296,127,226,24,0.0756501182033096,0.0787401574803149,0.3008849557522124,0.6615384615384616,0.6787974683544304,0.0172590068159688,0.2451398193518284,0.4467501872001885,0.3162454531295607,0.9494247603527788,0.6331793072232181,0.0808598209326043,0.247245788848733,0.1663859679161287,0.0179487179487178,0.0045514037846455,-0.0011307566686983,0.0137457591638457,-0.0091943553792001,0.2686654145360237,-0.0099739855792611,0.016627676756277,0.0731146801889424,-0.0830886657682036,0.0011854327111147,0.0614955927515714,-0.0603101600404567,0.0180485536832382,-0.0379965248417605,0.0439378606239884,0.1022914997538965,58,5,0.3008849557522124,target_prevalence,0.0057928689154845,0.0177820053356486,-0.0119891364201641,-0.0105917458996821,0.0027947810409639,0.1400893987242675,0.4245328543661675,-0.2844434556419,0.8571428571428571,0.3683585277786118,0.6666666666666666,0.25,0.7011337955844537,0.5944858122460408,4.584183147739668,4.94933521009036,0.3651520623506918,0.8440000000000001,0.5640000000000001,5.8841820305133305e-15,False
12,3,0,2026103004,GP,MS,GP_to_MS,early,logistic,423,296,127,226,24,0.0756501182033096,0.0787401574803149,0.3008849557522124,0.776068376068376,0.5718540580789278,-0.2042143179894482,0.4678306838567908,0.399474326307406,0.3258333118181626,1.4047950608322706,1.078961749014108,0.0861036464685551,0.2703319754544974,0.1842283289859422,0.0239316239316239,0.0185722379991643,0.0059778689152227,0.0113137396845026,0.0072584983146616,0.2573971237251435,-0.0045449615404684,0.0156678956754754,0.0141053363794862,-0.0186502979199547,0.0022754757075226,0.0124524613154796,-0.0101769856079569,0.0125819142155982,-0.0216718372965352,0.0099547834409808,0.0182558893179916,58,5,0.3008849557522124,target_prevalence,0.005365734112303,0.0030882389689399,0.0022774951433631,0.0047679967290124,0.0049810031712985,0.1187300838827165,0.4114362512350429,-0.2927061673523264,0.7733990147783251,0.1773399014778324,0.6666666666666666,0.25,0.4066266934649302,0.5812945131671656,14.436473944355392,13.874417656166054,-0.5620562881893374,0.66,0.5439999999999999,3.552713678800501e-15,False
12,3,0,2026103004,GP,MS,GP_to_MS,late,lightgbm,423,296,127,226,24,0.0756501182033096,0.0787401574803149,0.3008849557522124,0.9837606837606836,0.9261913626209978,-0.0575693211396859,0.915925925925926,0.8648070933921914,0.0905484098572273,0.3552657200628376,0.2647173102056103,0.0256724297523031,0.1002976673973409,0.0746252376450377,0.0025641025641025,-0.0153354989457,-0.0074025080607639,0.029401956386685,-0.0447374553323851,0.2720507530727679,0.0008558548545694,0.0050820404307427,0.1477131174800817,-0.1468572626255122,0.0104412014693144,0.1209424102027503,-0.1105012087334358,0.0249257252427068,-0.0232140155335678,0.0804888969836717,0.2149373379764917,58,5,0.3008849557522124,target_prevalence,-0.000536631373475,0.06927196536959,-0.069808596743065,-0.0572730260377251,0.0250711414106798,0.0829630662037919,0.3938417980370071,-0.3108787318332151,0.918918918918919,0.4115992218334717,1.0,0.4285714285714285,0.781972802541954,0.7797149241482659,3.5616053983215026,3.7954024715283903,0.2337970732068877,0.5039999999999999,0.5740000000000001,1.0658141036401504e-14,False
12,3,0,2026103004,GP,MS,GP_to_MS,late,logistic,423,296,127,226,24,0.0756501182033096,0.0787401574803149,0.3008849557522124,0.9632478632478632,0.856198808637379,-0.1070490546104843,0.6917316017316016,0.7472122950644147,0.1896899356706747,0.6012701645121394,0.4115802288414646,0.0531998592035109,0.1661694067153367,0.1129695475118257,0.0034188034188034,0.0472338566432473,0.0034281576019164,0.0194708048195537,0.0277630518236935,0.1837699949664362,-0.0019915246437848,-0.0028478093485913,0.0144746414618775,-0.0164661661056624,0.0025871444437806,0.0120749097682931,-0.0094877653245124,0.0095060221761017,-0.0134890714636713,0.0084486485424321,0.0205006343813229,58,5,0.3008849557522124,target_prevalence,0.0276444974811471,0.0011781308271435,0.0264663666540035,0.0271147092388485,0.00129668516969,0.1063379634774496,0.3612316116552103,-0.2548936481777606,0.8408602150537635,0.221505376344086,0.6666666666666666,0.4285714285714285,0.5552626110766835,0.5124167035307816,12.427385392458556,12.835587005395247,0.4082016129366916,0.72,0.8100000000000002,7.105427357601002e-15,False
12,3,0,2027103004,MS,GP,MS_to_GP,early,lightgbm,226,158,68,423,30,0.3008849557522124,0.2941176470588235,0.0756501182033096,0.5916666666666666,0.6552909207161125,0.0636242540494459,0.3784194441851539,0.25573568564531,0.7773494924272802,0.4350116376334432,-0.342337854793837,0.2534361046141412,0.136432645464949,-0.1170034591491921,0.1010416666666668,0.0152294257458105,0.0232446134268574,0.033174049466552,-0.0179446237207414,0.2583175382192365,0.004679402334456,0.0227532114729235,0.0443711785801425,-0.0396917762456864,0.0424308008450778,0.0166409027663206,0.0257898980787572,0.0491608551756622,-0.0398020505067501,0.0116973438468649,0.07704501331342,24,10,0.0756501182033096,target_prevalence,0.029551155254292,0.0243855754438273,0.0051655798104647,-0.0063895219551383,-0.0231102035312061,0.1263019372948899,0.3448134298968934,-0.2185114926020035,0.8957816377171216,0.4084170927412701,0.6666666666666666,0.4285714285714285,0.6399744771424662,0.3935701389122579,4.728439254169554,4.78287271849605,0.0544334643264958,0.7277777777777779,0.6888888888888889,6.161737786669619e-15,False
12,3,0,2027103004,MS,GP,MS_to_GP,early,logistic,226,158,68,423,30,0.3008849557522124,0.2941176470588235,0.0756501182033096,0.5552083333333333,0.6282768542199489,0.0730685208866156,0.4232518223425017,0.1814354673746998,1.0354636860644435,0.6723055437709103,-0.3631581422935334,0.3301380679388208,0.1937559081587961,-0.1363821597800246,0.0895833333333332,0.014859176165531,0.01217886653534,0.0184565248673964,-0.0035973487018653,0.2567324490572316,0.0095354491697463,0.0090108754401217,0.0085982028643174,0.0009372463054288,0.0253072161252337,0.0092025817410676,0.0161046343841661,0.0281188960281619,-0.0090479976886693,0.009310326164778,0.0078860795638568,24,10,0.0756501182033096,target_prevalence,0.0191798630384391,0.0237796051854279,-0.0045997421469887,-0.004098545424427,0.0010023934451234,0.0825930447498408,0.4154146651401605,-0.3328216203903196,0.8472906403940885,0.1527093596059113,1.0,0.25,0.4828750668263181,0.4600163074312993,12.370755453073109,11.73575583917065,-0.6349996139024565,0.7555555555555555,0.7833333333333334,3.552713678800501e-15,False
12,3,0,2027103004,MS,GP,MS_to_GP,late,lightgbm,226,158,68,423,30,0.3008849557522124,0.2941176470588235,0.0756501182033096,0.9791666666666669,0.9107257033248082,-0.0684409633418585,0.9523084205077914,0.6839515165306025,0.1806975066313449,0.157582085684745,-0.0231154209465999,0.0599654245798431,0.0381242409030937,-0.0218411836767493,0.04375,0.0797260459407044,0.0068632552392234,0.0008386211853554,0.0788874247553489,0.2497137872345327,0.0276557008533751,0.0816314616594541,0.0787858154825078,-0.0511301146291326,0.0289086348634915,0.0311274882148977,-0.0022188533514061,0.0291319991438465,0.0261794025629037,0.02263129616719,0.1349403347978256,24,10,0.0756501182033096,target_prevalence,0.0619960364650455,0.0565209944608148,0.0054750420042307,0.0421812333797898,0.0734123827511182,0.0922485882873437,0.395829920609758,-0.3035813323224142,0.916083916083916,0.3870452713982363,0.6666666666666666,0.4285714285714285,0.6587865591877571,0.7426684851703509,5.190074601038749,4.52426770277168,-0.6658068982670686,0.7277777777777777,0.7055555555555555,1.0658141036401504e-14,False
12,3,0,2027103004,MS,GP,MS_to_GP,late,logistic,226,158,68,423,30,0.3008849557522124,0.2941176470588235,0.0756501182033096,0.8833333333333333,0.8526214833759591,-0.0307118499573741,0.7323093011508974,0.4336535163424936,0.4922337750024118,0.3088688170398777,-0.1833649579625341,0.139996035057337,0.0907516099258321,-0.0492444251315049,0.0260416666666666,0.0171305875566341,0.0036273053800493,0.0010086077757336,0.0161219797809004,0.1742778748687869,-0.0045921181820793,-0.0157445858234584,-0.0122188343460015,0.0076267161639221,0.0014499969655746,-0.0101436636596197,0.0115936606251943,0.0025271428414795,-0.0117113792056383,-0.0097737167963093,-0.0146639518956937,24,10,0.0756501182033096,target_prevalence,0.0167154631151487,0.0011044369091194,0.0156110262060293,0.0158665029934648,0.0005109535748711,0.0578222649834986,0.2909625653913259,-0.2331403004078272,0.8752688172043012,0.4193548387096774,0.6666666666666666,0.4285714285714285,0.7037425356058004,0.7326292287364451,11.763357106049671,11.552920673298528,-0.210436432751143,0.638888888888889,0.7277777777777777,3.552713678800501e-15,False
13,3,1,2026103004,GP,MS,GP_to_MS,early,lightgbm,423,296,127,226,24,0.0756501182033096,0.0787401574803149,0.3008849557522124,0.6555555555555556,0.6072226358897989,-0.0483329196657567,0.227333740120335,0.4283027163806135,0.3189681580211436,1.066837680673349,0.7478695226522054,0.0755031316492581,0.2539270488839548,0.1784239172346966,0.0102564102564102,0.0066490363544799,-0.0169293570318447,0.0082696137574255,-0.0016205774029455,0.294122963265621,-0.0085553441927168,-0.024562116981268,-0.0169579976149367,0.0084026534222198,0.0042698791607237,-0.0047579476729645,0.0090278268336883,0.0236502166725895,-0.0407609050580233,0.01367768335046,-0.0475936785803334,58,5,0.3008849557522124,target_prevalence,0.0064848440156528,-0.0038104167448342,0.010295260760487,0.0043373416787707,-0.0119158381634326,0.1473046158875773,0.4491373773679666,-0.3018327614803893,0.8320987654320987,0.3279903849736511,1.0,0.25,0.6568200099197382,0.4980028501476586,4.427976282658942,4.9066524714533015,0.4786761887943598,,,8.437694987151191e-15,False
13,3,1,2026103004,GP,MS,GP_to_MS,early,logistic,423,296,127,226,24,0.0756501182033096,0.0787401574803149,0.3008849557522124,0.7982905982905982,0.5924236783320924,-0.2058669199585058,0.6120853284646388,0.4182416326314603,0.2636507638121015,1.3560400579419205,1.0923892941298188,0.0595938257145428,0.2592123966701191,0.1996185709555762,0.1299145299145297,0.0044619764718135,0.0047863557160136,0.0051967811833208,-0.0007348047115072,0.2943214185608908,0.0165880187065187,0.0099840375192723,-0.0014147257757353,0.0180027444822541,0.0142742274752765,0.0015214450854314,0.0127527823898451,0.010777831836955,0.0223982055760824,0.0059583254978612,-0.008787777049332,58,5,0.3008849557522124,target_prevalence,0.0208581157360248,0.0132633860763585,0.0075947296596662,0.0034299624740794,-0.0083295343711735,0.0932321334026838,0.445245136319413,-0.3520130029167292,0.7980295566502461,-0.1280788177339901,0.6666666666666666,0.25,0.6280013234612649,0.5848275504951295,13.818659208367974,14.05369579225899,0.2350365838910164,,,3.552713678800501e-15,False
13,3,1,2026103004,GP,MS,GP_to_MS,late,lightgbm,423,296,127,226,24,0.0756501182033096,0.0787401574803149,0.3008849557522124,0.9794871794871794,0.9177215189873418,-0.0617656604998376,0.8834415584415584,0.8385591909808715,0.1105913065841817,0.3824899290796305,0.2718986224954487,0.0327473136064947,0.1129202572406795,0.0801729436341848,0.011965811965812,0.1092654539459676,0.0465478955882815,0.0875366086296677,0.0217288453162999,0.2213432129045463,0.01046779618344,-0.0168549924857871,0.0409384723466409,-0.0304706761632008,0.0217763809032902,0.0336397525735561,-0.0118633716702658,0.0388649089243973,-0.0179293165575172,0.0226105760275612,0.0592663686657206,58,5,0.3008849557522124,target_prevalence,0.0448913185137654,0.0349918780902539,0.0098994404235115,0.0158141428699057,0.0118294048927883,0.0848827590576118,0.3639904135875354,-0.2791076545299236,0.8769230769230769,0.3162078853553183,1.0,0.4285714285714285,0.8556814492069914,0.8135194371601225,3.4989743631832426,4.865080387584839,1.366106024401596,,,1.7763568394002505e-14,False
13,3,1,2026103004,GP,MS,GP_to_MS,late,logistic,423,296,127,226,24,0.0756501182033096,0.0787401574803149,0.3008849557522124,0.9452991452991454,0.8789091586001491,-0.0663899866989963,0.7348214285714285,0.7845200084124122,0.1911437232111464,0.5181797096515994,0.3270359864404529,0.0498145208841476,0.1371157533808419,0.0873012324966942,0.0042735042735041,0.020267248428167,-0.0050375530681181,-0.0019510122070939,0.0222182606352609,0.1352135398232275,0.0142612303763255,0.0014722523044011,0.0249007556286913,-0.0106395252523658,0.0221830303912556,0.0261343008570422,-0.0039512704657866,0.0341537504138166,-0.0056312896611656,0.0279983247576614,0.0218031864997212,58,5,0.3008849557522124,target_prevalence,0.0243511354596553,-0.0015532511126902,0.0259043865723455,0.0240613236038032,-0.0036861259370846,0.1025804411142145,0.227794148351109,-0.1252137072368945,0.8150537634408603,0.578494623655914,0.6666666666666666,0.6666666666666666,0.6938948490195168,0.7232086539675339,12.872525618508604,13.916137123056908,1.043611504548304,,,7.105427357601002e-15,False
13,3,1,2027103004,MS,GP,MS_to_GP,early,lightgbm,226,158,68,423,30,0.3008849557522124,0.2941176470588235,0.0756501182033096,0.6593749999999999,0.7089194373401534,0.0495444373401534,0.433338009199651,0.2042106350190547,0.7160282881615703,0.4071418891204862,-0.308886399041084,0.2242752473612533,0.1254492812649598,-0.0988259660962934,0.0427083333333333,-0.0016204049904881,-0.0046219722605951,0.0074501505416288,-0.009070555532117,0.2663045994446313,0.0098821552287192,-0.0134160842752975,0.0147354290311831,-0.0048532738024638,0.0194564107759698,0.0108824860000263,0.0085739247759435,0.0211632418484602,-0.0013989313910217,0.0101956103621599,0.0192752477002062,24,10,0.0756501182033096,target_prevalence,-0.0007642706283518,0.027315059342513,-0.0280793299708648,-0.0185749427514909,0.0190087744387478,0.0744952423719833,0.3538166580829426,-0.2793214157109593,0.8660049627791562,0.4782100621312491,1.0,0.4285714285714285,0.623406747464211,0.6730531427354527,4.8230393896670165,4.643642957874235,-0.1793964317927816,,,6.661338147750939e-15,False
13,3,1,2027103004,MS,GP,MS_to_GP,early,logistic,226,158,68,423,30,0.3008849557522124,0.2941176470588235,0.0756501182033096,0.5781250000000001,0.6779092071611252,0.0997842071611251,0.3769909481350438,0.2486717702494173,1.114030003893063,0.573311819735523,-0.54071818415754,0.2896183719546688,0.1756482549443975,-0.1139701170102713,0.1510416666666665,0.0119525596926352,-0.0018164322609268,0.0107880076934799,0.0011645519991553,0.2549688028092965,0.0167231320652426,-0.0015261245033769,0.0184873943280619,-0.0017642622628192,0.0246212535410398,0.0161181159801031,0.0085031375609367,0.0260292751968922,0.0074169889335931,0.015695737667375,0.0212790509887488,24,10,0.0756501182033096,target_prevalence,0.0234454025169609,0.00840596941219,0.0150394331047709,0.0081019925519631,-0.0138748811056156,0.0935227167365055,0.3083921997438155,-0.21486948300731,0.7881773399014778,0.3399014778325123,0.6666666666666666,0.25,0.5286360687703395,0.5831485977561344,10.05248893336807,10.24588828043378,0.1933993470657107,,,5.3290705182007506e-15,True
13,3,1,2027103004,MS,GP,MS_to_GP,late,lightgbm,226,158,68,423,30,0.3008849557522124,0.2941176470588235,0.0756501182033096,0.9489583333333332,0.9586796675191817,0.0097213341858481,0.9180674525381298,0.6995693616148724,0.2418848743071398,0.13963552227122,-0.1022493520359197,0.0728852114996781,0.0366204718528816,-0.0362647396467964,0.0031249999999999,0.0617320820651626,0.0009847968943985,0.074633798756678,-0.0129017166915154,0.2931542160610603,0.0366555911412318,0.0442499933720316,0.1045124590899895,-0.0678568679487576,0.0508920317844633,0.0835149590183178,-0.0326229272338544,0.0534300044896634,0.0198811777928002,0.0797716720974626,0.1292532460825164,24,10,0.0756501182033096,target_prevalence,0.0841156216054215,0.0545039407982325,0.029611680807189,0.0083549820578368,-0.0425133974987044,0.0750019994029021,0.4182611778256967,-0.3432591784227945,0.9054054054054056,0.4572072072072072,0.6666666666666666,0.25,0.7825480702638331,0.6461243234002627,5.500912733374241,5.062768584444366,-0.4381441489298749,,,1.1102230246251564e-14,False
13,3,1,2027103004,MS,GP,MS_to_GP,late,logistic,226,158,68,423,30,0.3008849557522124,0.2941176470588235,0.0756501182033096,0.8958333333333333,0.8711636828644501,-0.0246696504688831,0.8027805980437561,0.4649041369992781,0.3821436286779742,0.2713035182841496,-0.1108401103938246,0.1276945280401591,0.0777207236676763,-0.0499738043724828,0.0479166666666666,0.0204342304129136,-0.0007291253594437,0.0048757052337545,0.0155585251791591,0.1466470234698147,0.0186079271277128,0.014033766148476,0.0216669262565578,-0.0030589991288449,0.0217468445754777,0.0378771068768942,-0.0161302623014165,0.0223064287444385,0.0149094255109872,0.0407669440905474,0.0025669084225681,24,10,0.0756501182033096,target_prevalence,0.0248599099547376,-0.0026758754755248,0.0275357854302625,0.0215471553047108,-0.0119772602511034,0.0862810594255466,0.2578752803151546,-0.171594220889608,0.8279569892473119,0.4752688172043011,0.6666666666666666,0.4285714285714285,0.6803223325275564,0.6970455998422266,11.487866829847915,10.746178200530908,-0.7416886293170091,,,3.552713678800501e-15,True
14,3,2,2026103004,GP,MS,GP_to_MS,early,lightgbm,423,296,127,226,24,0.0756501182033096,0.0787401574803149,0.3008849557522124,0.711965811965812,0.6791232315711093,-0.0328425803947026,0.340853396065372,0.445634487173547,0.3278461494130708,0.8987145659649943,0.5708684165519236,0.0902084135235288,0.2505996709422405,0.1603912574187116,0.005982905982906,0.0123073663947255,0.0079389413174235,0.0054175629288329,0.0068898034658926,0.2667044899182395,-0.0006233454125133,0.0390519390099116,0.0286647345050634,-0.0292880799175768,0.000417934862141,0.0262790695014991,-0.025861134639358,0.0019914250549523,-0.003238115879979,0.0226740646072241,0.0346554044029028,58,5,0.3008849557522124,target_prevalence,0.0125856379174384,0.0370448597157098,-0.0244592217982713,-0.0087847091661893,0.031349025264164,0.1259130747921586,0.3285171449857468,-0.2026040701935882,0.8814814814814813,0.4611594134591937,0.4285714285714285,0.25,0.6127234313401981,0.5928274890222331,4.1092012232920725,4.771781522671161,0.6625802993790888,,,1.0436096431476471e-14,False
14,3,2,2026103004,GP,MS,GP_to_MS,early,logistic,423,296,127,226,24,0.0756501182033096,0.0787401574803149,0.3008849557522124,0.794017094017094,0.599776619508563,-0.194240474508531,0.5260503385503384,0.4122747887102668,0.3398434463293066,1.4548798365241906,1.115036390194884,0.069977207288869,0.2746597282878656,0.2046825209989966,0.0555555555555554,0.0565316902501116,0.0001301466886384,0.0161936510447394,0.0403380392053722,0.1973861455265312,-0.0115124734361714,-0.0145739602298907,-0.0001159221325854,-0.011396551303586,-0.0016720270512229,0.0017345458581839,-0.0034065729094069,0.0131979808193658,-0.0362229276917088,0.004530808599791,-0.0047626528649618,58,5,0.3008849557522124,target_prevalence,0.0182962521600247,-0.0001352861297697,0.0184315382897945,0.0293847887475834,0.0219065009155777,0.1061999677602863,0.320746811899038,-0.2145468441387516,0.7536945812807881,0.5665024630541872,0.6666666666666666,0.1111111111111111,0.2411031261552297,0.5821615384123239,12.706118259495684,13.62181094611389,0.9156926866182058,,,5.3290705182007506e-15,False
14,3,2,2026103004,GP,MS,GP_to_MS,late,lightgbm,423,296,127,226,24,0.0756501182033096,0.0787401574803149,0.3008849557522124,0.9905982905982906,0.9157669396872672,-0.0748313509110233,0.9476190476190476,0.8823594109892118,0.0607494310966655,0.3662465793827722,0.3054971482861067,0.0163152873585834,0.0951478239260878,0.0788325365675043,0.0034188034188034,0.0942054165285263,0.0420592337349988,0.0892911774562623,0.0049142390722639,0.2566498114467117,0.0063446118830245,-0.0083733820484411,0.0172897922846152,-0.0109451804015907,0.0238480388796544,0.0205059062487578,0.0033421326308965,0.0502976618967841,-0.0376084381307351,0.0253658117945734,0.0092137727746569,58,5,0.3008849557522124,target_prevalence,0.2238617238956899,0.0736752126580622,0.1501865112376277,0.0775503751549458,-0.1452722721653637,0.1110054725185929,0.3234713262760572,-0.2124658537574643,0.8947368421052632,0.4465632032596465,0.6666666666666666,0.4285714285714285,0.8078137373478522,0.9184097969785368,3.3344121088415046,4.873298925538563,1.5388868166970586,,,1.2656542480726783e-14,False
14,3,2,2026103004,GP,MS,GP_to_MS,late,logistic,423,296,127,226,24,0.0756501182033096,0.0787401574803149,0.3008849557522124,0.9615384615384616,0.8885889798957558,-0.0729494816427056,0.8221027846027845,0.815075106613109,0.1355774532981741,0.5009587820080982,0.365381328709924,0.0416773375526773,0.1244609929883442,0.0827836554356669,0.0008547008547009,-0.005979847342714,-0.0115057706750096,-0.008964777986413,0.002984930643699,0.1356940258900999,-0.0046327547394276,0.0114696620502631,0.0133785182456466,-0.0180112729850743,-0.0006062797158391,0.0083478176719899,-0.0089540973878291,0.0054781714309168,-0.0147436809097721,0.0007458701384642,0.0260111663528291,58,5,0.3008849557522124,target_prevalence,-0.0023138679411054,-0.0093749845810939,0.0070611166399884,0.0050230236418437,-0.0040761859962893,0.1001998623291803,0.2503049453481131,-0.1501050830189327,0.8322580645161292,0.389247311827957,0.4285714285714285,0.4285714285714285,0.7754933690853636,0.8548074457797358,11.452517464174202,13.994349157789268,2.541831693615066,,,5.3290705182007506e-15,False
14,3,2,2027103004,MS,GP,MS_to_GP,early,lightgbm,226,158,68,423,30,0.3008849557522124,0.2941176470588235,0.0756501182033096,0.6437499999999999,0.6652813299232737,0.0215313299232737,0.4387483288137727,0.2051274710242375,0.7032891442622897,0.4057005920541951,-0.2975885522080946,0.2180481980651179,0.1280229451659588,-0.0900252528991591,0.0541666666666668,0.0037600837339857,-0.0024687382652998,0.0156193712740095,-0.0118592875400238,0.2575006608915466,-0.0094922796844414,-0.014718077046901,0.0129044862110378,-0.0223967658954793,0.0125140448719769,0.0161247859959908,-0.0036107411240138,0.0164371779405306,-0.0354217373094136,0.0166988784367624,0.0091100939853132,24,10,0.0756501182033096,target_prevalence,0.0300858808854655,0.0054925385962201,0.0245933422892454,0.0063670273746108,-0.0364526298292692,0.08305197931736,0.3699521090329818,-0.2869001297156218,0.91,0.3287694177152337,1.0,0.25,0.8394938078586403,0.6961149875113034,4.757270344259179,4.464684689986529,-0.2925856542726492,,,5.10702591327572e-15,False
14,3,2,2027103004,MS,GP,MS_to_GP,early,logistic,226,158,68,423,30,0.3008849557522124,0.2941176470588235,0.0756501182033096,0.621875,0.6384271099744245,0.0165521099744245,0.4186162317627094,0.2365710058159706,0.9370202068252768,0.6391083605388022,-0.2979118462864747,0.2620869861318421,0.180968619457236,-0.0811183666746061,0.0531249999999999,0.014082792840864,-0.0065291634872235,0.0052580871142725,0.0088247057265914,0.2268480917460363,0.0214782906345847,0.0177934987745845,0.0168898843004283,0.0045884063341564,0.0152914938346582,0.0058623281141856,0.0094291657204725,0.0141885551293788,0.0287680261397906,0.0038964128052175,0.0298833557956391,24,10,0.0756501182033096,target_prevalence,0.0242275708634364,0.0084421217613199,0.0157854491021165,0.0123050774143539,-0.0069607433755251,0.1031073464590355,0.3572682805298813,-0.2541609340708458,0.7783251231527092,0.2216748768472906,1.0,0.25,0.5967862222655916,0.5710418795520501,9.324906372124184,9.668830331037844,0.3439239589136598,,,2.664535259100376e-15,True
14,3,2,2027103004,MS,GP,MS_to_GP,late,lightgbm,226,158,68,423,30,0.3008849557522124,0.2941176470588235,0.0756501182033096,0.9791666666666669,0.9330242966751918,-0.0461423699914749,0.9509775050371024,0.7807254062403709,0.1909648045565019,0.1262412238689609,-0.0647235806875409,0.0612968229467762,0.0341973831414002,-0.0270994398053759,0.0114583333333334,0.0434855763723392,-0.0057344128414612,0.0176874522494646,0.0257981241228746,0.2328612553278145,0.0006518539752062,-0.0027943054746114,0.0120451706289386,-0.0113933166537323,-0.0018590051135331,0.0382033842440806,-0.0400623893576137,-0.0023066234469016,0.0036103313973141,0.042866686949844,-0.0187763456919668,24,10,0.0756501182033096,target_prevalence,0.0211707142261072,0.0292456067794092,-0.0080748925533019,0.0088616157847863,0.0338730166761766,0.074497334139882,0.4248372375405838,-0.3503399034007017,0.958041958041958,0.4287637855957332,1.0,0.25,0.9450316303943854,0.8392737558308502,5.0429909997896285,4.471978202090218,-0.5710127976994102,,,7.105427357601002e-15,False
14,3,2,2027103004,MS,GP,MS_to_GP,late,logistic,226,158,68,423,30,0.3008849557522124,0.2941176470588235,0.0756501182033096,0.865625,0.9084079283887468,0.0427829283887468,0.7560565805813808,0.5778430664495242,0.4614960368635857,0.2327078423363673,-0.2287881945272183,0.1511959992111336,0.0654618978266242,-0.0857341013845093,0.0010416666666667,0.0450639551047626,0.021170372439741,0.0232993361660882,0.0217646189386744,0.1766291592502639,0.0340528844723137,-0.0073290605869447,0.0114949226103785,0.0225579618619351,0.0337749242844444,-0.000643436166554,0.0344183604509984,0.0337253714932922,0.0343803974513352,-0.002807377564113,0.0257972227848701,24,10,0.0756501182033096,target_prevalence,0.0367315197005141,0.0250024470499657,0.0117290726505483,0.0167468457946113,0.010035546288126,0.0782826571662343,0.3522642436483461,-0.2739815864821117,0.89247311827957,0.2903225806451613,0.6666666666666666,0.4285714285714285,0.4637251383862034,0.2382838577935264,10.598087131125284,9.8411447793799,-0.7569423517453817,,,5.3290705182007506e-15,False
15,3,3,2026103004,GP,MS,GP_to_MS,early,lightgbm,423,296,127,226,24,0.0756501182033096,0.0787401574803149,0.3008849557522124,0.758119658119658,0.6243484735666418,-0.1337711845530161,0.3952879349938173,0.421770230144764,0.2503404985310221,1.0248864352830558,0.7745459367520338,0.0614854591682847,0.2545127313482386,0.1930272721799538,0.0017094017094019,0.0410974087377209,0.0060567143058423,0.0179304380892245,0.0231669706484964,0.2715947813782295,-0.033076008879069,-0.002661844807774,0.0404031310120408,-0.0734791398911099,-0.0150123607018864,0.0357070830097429,-0.0507194437116294,0.0122838187658561,-0.0784358365239942,0.0286108326951595,0.0521954293289222,58,5,0.3008849557522124,target_prevalence,0.0248690080555034,0.023646532392048,0.0012224756634553,0.0121947231559758,0.021944494985041,0.1602081610025406,0.4116874544909364,-0.2514792934883958,0.8709677419354839,0.410892347848793,0.4285714285714285,0.1111111111111111,0.5520204230587881,0.3152054294087629,3.7589436902964537,5.350706525286358,1.5917628349899045,,,9.103828801926284e-15,False
15,3,3,2026103004,GP,MS,GP_to_MS,early,logistic,423,296,127,226,24,0.0756501182033096,0.0787401574803149,0.3008849557522124,0.7743589743589744,0.5710163812360389,-0.2033425931229354,0.3799371147759453,0.427010378925563,0.3726055179108672,1.2866683900200049,0.9140628721091376,0.0805607875963387,0.2661190746161335,0.1855582870197947,0.0239316239316239,0.0309578108486424,-0.0026838246882103,0.0087568555497061,0.0222009552989362,0.2197835906599391,-0.0138551884575285,-0.0117084633677745,-0.0012124582211055,-0.012642730236423,-0.0031142694511568,0.0033349584712586,-0.0064492279224155,0.0131164526029158,-0.040826829517973,0.0102066103619423,-0.0126315268041534,58,5,0.3008849557522124,target_prevalence,0.0132027547436106,0.0136936120666443,-0.0004908573230336,0.0108550489879513,0.0226918126219699,0.0975486964753345,0.3048716782893715,-0.207322981814037,0.7487684729064038,0.2709359605911329,1.0,0.1111111111111111,0.2900650490260303,0.433951741873517,12.858765360146275,14.88188615609336,2.023120795947083,,,3.552713678800501e-15,False
15,3,3,2026103004,GP,MS,GP_to_MS,late,lightgbm,423,296,127,226,24,0.0756501182033096,0.0787401574803149,0.3008849557522124,0.9735042735042736,0.8642963514519733,-0.1092079220523002,0.7425683088840983,0.7307137344909913,0.1276265321186544,0.5455803491370079,0.4179538170183534,0.0417888362270697,0.1623386202640186,0.1205497840369488,0.0042735042735043,-0.001376259075565,-0.0219775416528591,0.005686948038409,-0.0070632071139741,0.3214758229405097,0.0015927809019021,0.0033746602338033,0.0182810503649906,-0.0166882694630885,0.0042462358133024,0.0216932937908784,-0.0174470579775759,0.0082559010127519,-0.0050703392089476,0.0268495727455533,0.009712527984428,58,5,0.3008849557522124,target_prevalence,0.0090577319382539,0.0007659730821825,0.0082917588560714,0.0006142758710486,-0.0153549659700455,0.1491911619462072,0.5379301345683107,-0.3887389726221035,0.9333333333333332,0.1807160592943126,0.6666666666666666,0.1111111111111111,0.8491092469553737,0.8233543882763357,3.877172706049908,4.533501478864149,0.6563287728142408,,,1.6875389974302383e-14,False
15,3,3,2026103004,GP,MS,GP_to_MS,late,logistic,423,296,127,226,24,0.0756501182033096,0.0787401574803149,0.3008849557522124,0.941025641025641,0.8353499627699181,-0.1056756782557228,0.6608223539745279,0.7258946784888753,0.2020577655497675,0.6683100349455209,0.4662522693957533,0.0692167401340409,0.1675417302337874,0.0983249900997464,0.0179487179487179,0.0058260178566161,-0.0011087611244809,0.0056948687061847,0.0001311491504313,0.2533222349319581,0.0236157587479078,0.0160571051283493,0.0440719315939049,-0.0204561728459971,0.0198507471987456,0.032215466972705,-0.0123647197739594,0.014161396413345,0.0330701210824706,0.0142990315451141,0.0738448316426957,58,5,0.3008849557522124,target_prevalence,0.0082994469661267,0.0054541161739072,0.0028453307922194,0.0014882399713254,-0.0027141816417881,0.0840080469788003,0.4065462853249031,-0.3225382383461028,0.8881720430107527,0.2344086021505376,0.6666666666666666,0.1111111111111111,0.7684208658474396,0.6403716650733932,12.069316440368182,12.843196618162825,0.7738801777946414,,,4.440892098500626e-15,False
15,3,3,2027103004,MS,GP,MS_to_GP,early,lightgbm,226,158,68,423,30,0.3008849557522124,0.2941176470588235,0.0756501182033096,0.615625,0.7048433503836318,0.0892183503836318,0.4045329615073044,0.1967554992076905,0.8320300679116861,0.4840457073746865,-0.3479843605369995,0.2659384936942573,0.1550092076219277,-0.1109292860723295,0.0218749999999999,0.0146368260429129,-0.0033271827616103,0.0235797932243507,-0.0089429671814377,0.2767952493834301,0.0158697562562718,0.0196011155442369,0.0317470269478309,-0.015877270691559,0.0226367121612474,0.0256975086799772,-0.0030607965187297,0.023843077559349,0.0078964349531947,0.0246190430277692,0.0388750108678925,24,10,0.0756501182033096,target_prevalence,0.0053709501753284,0.0160207530498957,-0.0106498028745672,-0.0097963850280025,0.0017068356931295,0.0992446231795384,0.3256857243703209,-0.2264411011907824,0.8666666666666666,0.4641975308641975,0.6666666666666666,0.4285714285714285,0.5985341674754622,0.6294851995136342,5.116346497648065,5.052227872577774,-0.0641186250702912,,,7.105427357601002e-15,False
15,3,3,2027103004,MS,GP,MS_to_GP,early,logistic,226,158,68,423,30,0.3008849557522124,0.2941176470588235,0.0756501182033096,0.5291666666666667,0.6666400255754475,0.1374733589087808,0.4433932209156044,0.2049255197235004,0.987263684810876,0.6906038373177827,-0.2966598474930932,0.2739967521136561,0.2116626145458233,-0.0623341375678327,0.0885416666666666,0.0138832390300085,-0.0019808923851712,0.001250426217953,0.0126328128120555,0.2047274414274937,0.031878405440891,0.0047285225226501,0.0083494347448919,0.023528970695999,0.0309220889418649,0.0035838234014625,0.0273382655404024,0.0307516035492809,0.0330052073325011,0.0027342436633581,0.0139646258264258,24,10,0.0756501182033096,target_prevalence,0.0044205751863506,0.0036518533146048,0.0007687218717458,0.0067007673419007,0.0118640909403097,0.0860434034624734,0.3007977032552299,-0.2147542997927564,0.8719211822660098,0.3201970443349753,0.6666666666666666,0.4285714285714285,0.5200404697100743,0.6443096239916182,9.662859482957256,9.051799036041835,-0.6110604469154204,,,3.552713678800501e-15,False
15,3,3,2027103004,MS,GP,MS_to_GP,late,lightgbm,226,158,68,423,30,0.3008849557522124,0.2941176470588235,0.0756501182033096,0.9229166666666668,0.971787084398977,0.0488704177323102,0.8875421797246741,0.7485152966756466,0.2989763104505221,0.144493693231643,-0.1544826172188791,0.0895674164147292,0.0427537203683017,-0.0468136960464275,0.0531249999999999,0.0019666146709757,-0.0046034408400279,0.0631213604707238,-0.0611547457997481,0.2939547738470114,0.0722079645402709,0.1470200562163911,0.1252134145487051,-0.0530054500084341,0.0175355749957107,0.0546284927944747,-0.0370929177987639,0.0077889651604687,0.1366269639200731,0.0420451084148904,0.2083817206825197,24,10,0.0756501182033096,target_prevalence,0.0037287390367901,0.0470381965859882,-0.0433094575491981,-0.0522321016744731,-0.0178452882505499,0.059397351139419,0.408013500963065,-0.3486161498236459,0.963386727688787,0.4131798983294471,0.6666666666666666,0.4285714285714285,0.6925567999542597,0.7866790071394412,5.322340080499659,5.027025004684214,-0.295315075815445,,,1.1546319456101628e-14,False
15,3,3,2027103004,MS,GP,MS_to_GP,late,logistic,226,158,68,423,30,0.3008849557522124,0.2941176470588235,0.0756501182033096,0.8614583333333333,0.8781170076726342,0.0166586743393009,0.7458874701719613,0.4024414360182889,0.5020481475870798,0.2676860055230136,-0.2343621420640662,0.1587812239803608,0.0708381301196191,-0.0879430938607416,0.0333333333333333,0.0702825810691215,0.0181266388699191,0.0268230351931196,0.0434595458760018,0.1893046205651243,0.0069522683673313,-0.0062999505384729,0.0066248810718035,0.0003273872955278,0.005699547822122,0.0015266262924194,0.0041729215297026,0.0054762215967922,0.0084283151378704,0.0006177452175432,0.0126320169260638,24,10,0.0756501182033096,target_prevalence,0.0523391768533832,0.0168007392328143,0.0355384376205689,0.0394989917482854,0.0079211082554329,0.1017745315714308,0.3343825512247946,-0.2326080196533638,0.849462365591398,0.3548387096774194,1.0,0.6666666666666666,0.4876880789434899,0.4210540121546907,11.472046313468692,11.295160627016593,-0.1768856864520991,,,3.552713678800501e-15,True
16,4,0,2026113004,GP,MS,GP_to_MS,early,lightgbm,423,296,127,226,24,0.0756501182033096,0.0787401574803149,0.3008849557522124,0.8581196581196582,0.5945644080416977,-0.2635552500779604,0.3517556930219936,0.3940050056000811,0.2475525044410633,1.0318362249470037,0.7842837205059403,0.070331847716416,0.2584003687520113,0.1880685210355952,0.0965811965811966,0.0034404671977469,-0.0040908227534579,0.004312819442184,-0.0008723522444371,0.3947487333271551,-0.0140582529403273,-0.0253264377933973,0.0593526741860948,-0.0734109271264221,0.0005604710302801,0.0446537057801058,-0.0440932347498256,0.0226509872525313,-0.050767493133186,0.0224419312999445,0.096263417072245,58,5,0.3008849557522124,target_prevalence,0.0333522305570069,0.0106117377747589,0.0227404927822479,0.0109340702689053,-0.023612845026685,0.1195079121880862,0.5491839777282496,-0.4296760655401633,0.8709677419354839,0.163366837096508,1.0,0.1111111111111111,0.6340098131945241,0.6096431165434242,5.281872691001221,5.3274899013179295,0.0456172103167089,0.74,0.62,8.881784197001252e-15,False
16,4,0,2026113004,GP,MS,GP_to_MS,early,logistic,423,296,127,226,24,0.0756501182033096,0.0787401574803149,0.3008849557522124,0.8307692307692308,0.5777177959791512,-0.2530514347900796,0.5331394850360367,0.3754802645622372,0.3682559836118923,1.3075054178649783,0.9392494342530862,0.0938860157148931,0.2831094809150877,0.1892234652001946,0.0256410256410256,0.0026523167196309,-0.0015380374684829,0.0087001425390082,-0.0060478258193772,0.2541017023490369,0.0144071238877226,0.0321976278489023,0.0410377826271536,-0.026630658739431,0.0176420133706815,0.0282116380773584,-0.0105696247066769,0.022530290811597,0.0062839569638482,0.0088299085354456,0.0732456567188617,58,5,0.3008849557522124,target_prevalence,0.0084448423716769,0.0037656620146702,0.0046791803570066,-0.0006843227311853,-0.0107270061763839,0.0910632858870884,0.302840025039357,-0.2117767391522686,0.8128078817733988,0.3103448275862068,1.0,0.4285714285714285,0.4121980038465493,0.5449648430039027,13.130973400450562,14.275602272250758,1.1446288718001956,0.6960000000000001,0.6880000000000001,3.552713678800501e-15,False
16,4,0,2026113004,GP,MS,GP_to_MS,late,lightgbm,423,296,127,226,24,0.0756501182033096,0.0787401574803149,0.3008849557522124,0.9965811965811964,0.9282390171258376,-0.0683421794553588,0.9622222222222222,0.8590874313102744,0.0538694830659208,0.3410218993839448,0.2871524163180239,0.0139990485744206,0.0977814974618379,0.0837824488874172,0.0094017094017093,0.0187286403555823,-0.0120251946105508,0.0091491672512711,0.0095794731043111,0.2423229151544585,0.003400553163889,-0.0050985485957776,0.0559184537077716,-0.0525179005438825,0.0100303859399605,0.0394762823452887,-0.0294458964053282,0.0200487999126907,-0.0132476935849126,0.014630334508648,0.0972065729068951,58,5,0.3008849557522124,target_prevalence,-0.0041100159808112,0.0007389481874356,-0.0048489641682469,0.002365254468032,0.0144284372725581,0.1291009061043889,0.3131424767507312,-0.1840415706463422,0.9130434782608694,0.51801331578119,0.6666666666666666,0.25,0.9229190857215176,0.8343054075415008,3.5484852317349502,4.931641279403713,1.3831560476687632,0.466,0.636,1.6431300764452317e-14,False
16,4,0,2026113004,GP,MS,GP_to_MS,late,logistic,423,296,127,226,24,0.0756501182033096,0.0787401574803149,0.3008849557522124,0.9564102564102565,0.8971518987341772,-0.0592583576760791,0.7578733766233765,0.8277288871355687,0.1300425960232878,0.4178157657856114,0.2877731697623236,0.0404739850451143,0.120546745170692,0.0800727601255777,0.0085470085470086,-0.0013834712953996,0.0144269821087683,0.001394130050964,-0.0027776013463636,0.1122989843530435,-0.0001055743437007,-0.0070222084623463,0.0053235979171268,-0.0054291722608275,0.0033398882378139,0.0119249814123879,-0.0085850931745739,0.0085463650276584,-0.00875751371506,0.0219004053607825,-0.0112532095265288,58,5,0.3008849557522124,target_prevalence,0.0023370303096361,0.0359377345927041,-0.0336007042830679,-0.0181891528147158,0.0308231029367042,0.0827437742345992,0.2608389678444972,-0.1780951936098979,0.9225806451612903,0.5096774193548387,0.6666666666666666,0.4285714285714285,0.8381726213357056,0.7616783659876886,11.195563649971731,13.032520335663586,1.8369566856918524,0.732,0.5160000000000001,7.105427357601002e-15,False
16,4,0,2027113004,MS,GP,MS_to_GP,early,lightgbm,226,158,68,423,30,0.3008849557522124,0.2941176470588235,0.0756501182033096,0.625,0.6432225063938619,0.0182225063938619,0.4404888178446581,0.1402642921227467,0.7606064381276263,0.5234625663072132,-0.237143871820413,0.2472077044487828,0.1691808439651239,-0.0780268604836589,0.1677083333333333,0.0183493898340997,-0.009573117685284,0.0012417590667498,0.0171076307673498,0.3263162978880276,0.040236158899417,-0.0137850980156175,0.0169162968450538,0.0233198620543632,0.0393942380812391,0.023882290633992,0.0155119474472471,0.0392441463476364,0.0412281714511976,0.0251241391089002,0.0087084545812073,24,10,0.0756501182033096,target_prevalence,0.0117370582021034,0.0107834959547027,0.0009535622474007,0.0090305965073752,0.0161540685199491,0.1169269911873803,0.4260623772841144,-0.309135386096734,0.91,0.385,1.0,0.25,0.3890158176038111,0.5720103428250479,4.391743483543147,4.597341183985939,0.2055977004427918,0.7444444444444445,0.5944444444444444,8.437694987151191e-15,True
16,4,0,2027113004,MS,GP,MS_to_GP,early,logistic,226,158,68,423,30,0.3008849557522124,0.2941176470588235,0.0756501182033096,0.69375,0.6317135549872123,-0.0620364450127877,0.5374194145764007,0.2060046058580172,0.7751864442414591,0.930559264765667,0.1553728205242078,0.246983519645178,0.2802578649595772,0.0332743453143991,0.05625,0.0126520127845807,0.0100578862085284,0.0131025420807336,-0.0004505292961529,0.2344708917810413,0.0226689884201577,-0.0007428741267365,0.0098831370201706,0.012785851399987,0.0254807055248785,0.0153196991649142,0.0101610063599643,0.0259819587134638,0.0193560181268516,0.0162888913021386,0.0034773827382026,24,10,0.0756501182033096,target_prevalence,0.0203938183175853,0.0180276403550021,0.0023661779625831,0.0009578243332151,-0.002816707258736,0.1156889718916164,0.4029142952980083,-0.2872253234063919,0.7733990147783251,0.1773399014778324,0.4285714285714285,0.25,0.5349221653292068,0.3899599033833124,8.973618006702676,8.602148312788044,-0.3714696939146318,0.7055555555555555,0.711111111111111,3.552713678800501e-15,False
16,4,0,2027113004,MS,GP,MS_to_GP,late,lightgbm,226,158,68,423,30,0.3008849557522124,0.2941176470588235,0.0756501182033096,0.95,0.962116368286445,0.0121163682864449,0.88565537462916,0.6450925848604285,0.3071431741177007,0.1718407390794634,-0.1353024350382373,0.1018078872539911,0.0516443351678472,-0.0501635520861438,0.0020833333333332,0.0546282195297834,0.0161728985283839,0.1302390017836054,-0.075610782253822,0.339601464471266,0.0346168648179695,0.017760947248936,0.2009699324997837,-0.1663530676818141,0.0289789438180912,0.2761575163602599,-0.2471785725421686,0.0279738548376115,0.0412598747983276,0.2895614310317654,0.112378433967802,24,10,0.0756501182033096,target_prevalence,0.0423917665691711,0.1040404191032726,-0.0616486525341015,-0.0686297173939617,-0.0139621297197204,0.1015905219347802,0.4184177313173639,-0.3168272093825837,0.9164835164835164,0.4956166146349315,0.6666666666666666,0.25,0.3374739478718033,0.3016779739110442,5.479902919865208,4.860653613606288,-0.6192493062589204,0.7388888888888889,0.788888888888889,1.5987211554602254e-14,False
16,4,0,2027113004,MS,GP,MS_to_GP,late,logistic,226,158,68,423,30,0.3008849557522124,0.2941176470588235,0.0756501182033096,0.9354166666666668,0.8849904092071612,-0.0504262574595054,0.8658565456301526,0.5205223128778135,0.3442310225133429,0.3014208399990068,-0.0428101825143361,0.1008651206860482,0.0920422944634146,-0.0088228262226336,0.0177083333333334,0.0251292773986822,0.0067265927839444,0.0321840666593392,-0.0070547892606569,0.2353338847273383,0.0168745833004606,0.0034192957518129,0.0185341817443843,-0.0016595984439236,0.0075410313328444,0.0024423731747439,0.0050986581581004,0.0058771112049128,0.0278720553960085,-0.0004263615006236,0.0374947249893923,24,10,0.0756501182033096,target_prevalence,0.0364673539563051,0.0078575829579187,0.0286097709983863,0.0107774908688647,-0.0356645602590433,0.0722291944513724,0.3884664978799386,-0.3162373034285662,0.8580645161290323,0.2,0.6666666666666666,0.4285714285714285,0.4663051788756706,0.2351472043156811,11.135205539855106,11.400176765328109,0.264971225473003,0.7333333333333334,0.75,3.552713678800501e-15,False
17,4,1,2026113004,GP,MS,GP_to_MS,early,lightgbm,423,296,127,226,24,0.0756501182033096,0.0787401574803149,0.3008849557522124,0.7786324786324786,0.6135517498138495,-0.1650807288186291,0.1886455778483642,0.392746607767458,0.3054131523024746,0.904863259111609,0.5994501068091345,0.0963018807719226,0.2520448677588502,0.1557429869869276,0.1290598290598291,0.0106246607700833,0.0049330657218122,0.0138363719032446,-0.0032117111331613,0.2731938543389012,0.055996825613795,-0.0121357954497211,0.0058772776433237,0.0501195479704712,0.0372579408168385,0.0064110930615738,0.0308468477552647,0.0089414037903265,0.1030522474372636,0.0072177474713738,0.0045368078152737,58,5,0.3008849557522124,target_prevalence,0.003348771053348,0.0193513506801169,-0.0160025796267688,-0.009607145379965,0.0127908684936075,0.1057888254805513,0.4462850934871488,-0.3404962680065974,0.8719211822660098,0.2660098522167487,0.6666666666666666,0.25,0.7963407755984621,0.6444853375317943,4.40251372863393,5.145976454152371,0.743462725518441,,,7.105427357601002e-15,False
17,4,1,2026113004,GP,MS,GP_to_MS,early,logistic,423,296,127,226,24,0.0756501182033096,0.0787401574803149,0.3008849557522124,0.8282051282051281,0.6268615040953089,-0.2013436241098192,0.4881507381507382,0.4162949126937819,0.4629839804220559,1.113068456736079,0.6500844763140228,0.1098593317297395,0.2744251263746545,0.164565794644915,0.0427350427350426,0.0177515541170297,0.0078893499029578,0.0148179011403504,0.0029336529766793,0.2229694705104088,0.0235495654603693,0.0018110137517119,0.0489509900700366,-0.0254014246096673,0.0223396315448531,0.0317638809550961,-0.0094242494102429,0.0205112869614065,0.0265878439593321,0.0057922494036304,0.0921097307364428,58,5,0.3008849557522124,target_prevalence,0.011072201011121,0.0123397454926503,-0.0012675444815292,0.000833054247575,0.0042011974582085,0.1386033142450332,0.4004572329816103,-0.2618539187365771,0.7931034482758619,0.1182266009852216,0.25,0.1111111111111111,0.5389301148277609,0.5393477283291103,12.630700065954857,13.898098502098415,1.2673984361435604,,,3.552713678800501e-15,False
17,4,1,2026113004,GP,MS,GP_to_MS,late,lightgbm,423,296,127,226,24,0.0756501182033096,0.0787401574803149,0.3008849557522124,0.9931623931623932,0.9420141474311244,-0.0511482457312688,0.9330555555555556,0.8981689578794751,0.0890491992295595,0.3303435674578839,0.2412943682283243,0.0251646985591985,0.0947844867786157,0.0696197882194172,0.0008547008547007,0.0367862056087625,0.0127631722205066,0.0163824096319947,0.0204037959767677,0.356609779986063,0.0449386881589488,0.0067695196079888,0.0833993011302624,-0.0384606129713135,0.0283478965975782,0.0785390302278557,-0.0501911336302775,0.0032773671270626,0.0866000091908351,0.071194620864219,0.0956039813963058,58,5,0.3008849557522124,target_prevalence,0.0144693312234831,0.0806691929573361,-0.0661998617338529,-0.0228980328785425,0.0866036577106207,0.1135923851597112,0.4557816296450004,-0.3421892444852891,0.9348370927318296,0.2348795623866525,1.0,0.25,0.928118971631088,0.7871426504325462,3.09766975668844,4.440354357057749,1.3426846003693087,,,1.3322676295501878e-14,False
17,4,1,2026113004,GP,MS,GP_to_MS,late,logistic,423,296,127,226,24,0.0756501182033096,0.0787401574803149,0.3008849557522124,0.9735042735042736,0.884493670886076,-0.0890106026181974,0.8452017128690555,0.7768604460507467,0.1851764601926727,0.5387963860195619,0.3536199258268891,0.0585114824625423,0.1491307208906682,0.0906192384281258,0.0025641025641025,0.0477657610350447,-0.0047316475982489,-0.0028797308831483,0.050645491918193,0.187128581360558,0.0353136995061495,0.0099284150928428,0.0260572250634706,0.0092564744426789,0.0245228525302024,0.0211711887963815,0.0033516637338209,0.0082166837665491,0.0624107152457499,0.0137878451038914,0.0383266050230498,58,5,0.3008849557522124,target_prevalence,0.035989985075281,0.0018966647096946,0.0340933203655864,0.0423694061418897,0.0165521715526066,0.1421783558849849,0.3363318325008281,-0.1941534766158432,0.7677419354838712,0.2645161290322581,0.6666666666666666,0.25,0.7435933093850791,0.7170245195939204,10.926802784951876,14.04490473448435,3.118101949532475,,,4.440892098500626e-15,False
17,4,1,2027113004,MS,GP,MS_to_GP,early,lightgbm,226,158,68,423,30,0.3008849557522124,0.2941176470588235,0.0756501182033096,0.7177083333333333,0.6474584398976982,-0.070249893435635,0.5196422579609303,0.1642819410352071,0.6222811639572514,0.6006530795460576,-0.0216280844111937,0.2095319799710647,0.2049496287060734,-0.0045823512649912,0.0489583333333332,0.0026528886807347,-0.0120693192667302,0.0048635319637561,-0.0022106432830213,0.3069197621252628,0.0110238351895814,-0.0177394012591187,0.0094577504589548,0.0015660847306265,-5.92802459193683e-05,0.0113462129475827,-0.0114054931935021,-0.002035100267847,0.0240827706470099,0.0116828747839955,0.0072326261339142,24,10,0.0756501182033096,target_prevalence,-0.0014661997570896,0.0106829488234714,-0.012149148580561,-0.0071798959317912,0.0099385052975396,0.1174763010946764,0.3797002476431964,-0.26222394654852,0.900744416873449,0.47772423575191,0.6666666666666666,0.25,0.8479865867824143,0.5701958392315631,4.690341096210542,4.737324157875316,0.0469830616647737,,,6.217248937900877e-15,False
17,4,1,2027113004,MS,GP,MS_to_GP,early,logistic,226,158,68,423,30,0.3008849557522124,0.2941176470588235,0.0756501182033096,0.7979166666666667,0.6290760869565217,-0.168840579710145,0.6380575585487565,0.2423102289941881,0.6130945763367952,0.5096817044772073,-0.1034128718595879,0.1887677035626099,0.1317607618752256,-0.0570069416873842,0.1125,0.0493634296331882,0.0022371633083692,0.0043083263295674,0.0450551033036208,0.2561339984549041,0.0466086800731508,-0.0142703593596775,-0.0053675554315396,0.0519762355046904,0.0663961474065882,0.0066935732921081,0.05970257411448,0.069923718184694,0.0232936419616075,0.0088437466578837,-0.0195788575209631,24,10,0.0756501182033096,target_prevalence,0.0270861351239856,-0.0003966861281112,0.0274828212520968,0.0362689622778588,0.017572282051524,0.1517704765112707,0.383266466726378,-0.2314959902151072,0.8472906403940885,0.2019704433497536,0.6666666666666666,0.4285714285714285,0.533853884638121,0.7180600704782338,10.048861373406204,10.241649010502606,0.1927876370964014,,,3.552713678800501e-15,False
17,4,1,2027113004,MS,GP,MS_to_GP,late,lightgbm,226,158,68,423,30,0.3008849557522124,0.2941176470588235,0.0756501182033096,0.9604166666666668,0.9496483375959078,-0.0107683290707588,0.9211206948525448,0.7873515548836686,0.2977145571369153,0.1467656817663963,-0.150948875370519,0.0917426746920904,0.0389500457037131,-0.0527926289883773,0.0010416666666666,0.0350236008185497,0.0014073735791252,0.0152942559561247,0.0197293448624249,0.2262719362212316,-0.0207756442221248,-0.0146998241783058,0.0047212664087465,-0.0254969106308713,0.000489247279937,0.0209367716309771,-0.02044752435104,0.0042802028680484,-0.0458314913122981,0.0238275580772801,-0.014385025259787,24,10,0.0756501182033096,target_prevalence,0.0588383274026795,0.0052322162778248,0.0536061111248546,0.0366677279936398,-0.0338767662624297,0.0616992748939884,0.3825727374915658,-0.3208734625975773,0.963963963963964,0.407149500516353,1.0,0.4285714285714285,0.4618726075972715,0.3218232243536449,5.123128812177497,4.879462608858335,-0.2436662033191625,,,1.4210854715202004e-14,False
17,4,1,2027113004,MS,GP,MS_to_GP,late,logistic,226,158,68,423,30,0.3008849557522124,0.2941176470588235,0.0756501182033096,0.95625,0.9554028132992328,-0.0008471867007673,0.9009754991295458,0.5523264383287921,0.2926356090583429,0.2454803150641517,-0.0471552939941911,0.0918927965565737,0.0666180348204629,-0.0252747617361108,0.0062499999999998,0.0736348360169485,0.0122355461136606,0.0492271114014218,0.0244077246155266,0.1943112846844507,0.0327481552486989,-0.0111716653083583,-0.0025106307854291,0.0352587860341281,0.0242913592955417,0.0103099500784124,0.0139814092171293,0.0227837410754803,0.0427125694219176,0.0125955132407686,-0.0176167748116269,24,10,0.0756501182033096,target_prevalence,0.0951990457532696,0.0126769837546752,0.0825220619985943,0.0534648933070605,-0.0581143373830677,0.0871849613301443,0.3149497772979421,-0.2277648159677978,0.8709677419354839,0.3720430107526882,0.6666666666666666,0.25,0.2644364746115228,0.2883188071253657,12.10707903279182,12.176488665361328,0.0694096325695063,,,7.105427357601002e-15,True
18,4,2,2026113004,GP,MS,GP_to_MS,early,lightgbm,423,296,127,226,24,0.0756501182033096,0.0787401574803149,0.3008849557522124,0.7504273504273504,0.628723008190618,-0.1217043422367324,0.2253092555948972,0.4432931941759958,0.2884532984964891,0.9669639786640828,0.6785106801675937,0.0824316054778342,0.248501822427405,0.1660702169495707,0.1393162393162392,-0.0086953473564663,-0.0007252378603185,0.0054627231318252,-0.0141580704882915,0.2910648633427409,-0.0037236156564091,-0.0246412211874449,0.0410830835480464,-0.0448066992044556,-0.001276309434006,0.0325603022657152,-0.0338366116997213,0.0024218421909585,-0.0098690735037768,0.0196814327724147,0.0624847343236781,58,5,0.3008849557522124,target_prevalence,0.0039257227960872,0.0425407712952418,-0.0386150484991545,-0.026386559493723,0.0244569780108629,0.1042761699922562,0.3822311026794914,-0.2779549326872351,0.8838383838383839,0.5156643457934829,0.6666666666666666,0.4285714285714285,0.583596610524736,0.634496247988863,4.386569094598287,4.890700164439631,0.5041310698413435,,,8.881784197001252e-15,False
18,4,2,2026113004,GP,MS,GP_to_MS,early,logistic,423,296,127,226,24,0.0756501182033096,0.0787401574803149,0.3008849557522124,0.7914529914529914,0.5378816083395384,-0.253571383113453,0.3839498843239,0.340001041497202,0.49052957939739,1.262995205316661,0.7724656259192713,0.1202142803722197,0.322737736577365,0.2025234562051452,0.0410256410256411,0.0197525961161997,-0.0017863424510098,0.0011814383772731,0.0185711577389265,0.1562161391080161,0.022813331444457,0.0108326938450057,0.0222384043574631,0.0005749270869938,0.0186896760457654,0.013962158420812,0.0047275176249534,0.0124583745544093,0.0331682883345047,0.0014558312276503,0.043020977487276,58,5,0.3008849557522124,target_prevalence,0.0120291871797602,0.0025018165432622,0.009527370636498,0.0140492641877122,0.0090437871024285,0.0851408615417605,0.2929640265104771,-0.2078231649687165,0.8522167487684726,0.4926108374384235,0.6666666666666666,0.25,0.2492319581881761,0.3169853353027063,11.563642209112476,13.730850834027398,2.167208624914924,,,3.552713678800501e-15,False
18,4,2,2026113004,GP,MS,GP_to_MS,late,lightgbm,423,296,127,226,24,0.0756501182033096,0.0787401574803149,0.3008849557522124,0.9931623931623932,0.937639612807148,-0.0555227803552449,0.9229292929292928,0.896740619594032,0.1053580168821196,0.3944511195465155,0.2890931026643958,0.0240611512757317,0.1064985781677929,0.0824374268920611,1.1102230246251563e-16,0.0097064775816603,0.0045517236939215,0.048383606222059,-0.0386771286403987,0.3482875778266871,0.0751390369209633,-0.0082215809727744,0.0670656477681459,0.0080733891528174,0.0473656844903104,0.0704474561875949,-0.0230817716972845,0.005397063039546,0.1448810108023807,0.0755577444658734,0.0585735510704184,58,5,0.3008849557522124,target_prevalence,0.0149673801987626,0.0150362067681912,-6.882656942863719e-05,-0.0193729776049136,-0.0386083020709701,0.118220515012871,0.4411138028484944,-0.3228932878356234,0.9047619047619048,0.1960712521681173,1.0,0.4285714285714285,0.9453429007177278,0.8671569792974724,3.9152337274017057,4.864980205546895,0.9497464781451894,,,1.5987211554602254e-14,False
18,4,2,2026113004,GP,MS,GP_to_MS,late,logistic,423,296,127,226,24,0.0756501182033096,0.0787401574803149,0.3008849557522124,0.958119658119658,0.9086001489203276,-0.0495195091993303,0.772014652014652,0.8476583213986928,0.1497848797712492,0.4063966144182205,0.2566117346469713,0.0472481444069476,0.1210020678734938,0.0737539234665461,0.0290598290598289,0.001369139947513,0.0054639138221014,0.0007849128630416,0.0005842270844714,0.2100824890594761,-0.0021882563274481,-0.0098871307551961,0.0477623616188148,-0.049950617946263,0.0023016023829287,0.0337766495058065,-0.0314750471228777,0.0090862777674982,-0.0134627904223946,0.0126426845350383,0.0828820387025913,58,5,0.3008849557522124,target_prevalence,0.0109264069604333,0.0252471666169928,-0.0143207596565595,-0.006868266286044,0.0149049867410309,0.0859017079464533,0.3093637078173761,-0.2234619998709227,0.8709677419354839,0.4537634408602151,0.4285714285714285,0.25,0.7069363313926457,0.8206115836429315,11.854004795113786,14.205269263333676,2.35126446821989,,,3.552713678800501e-15,False
18,4,2,2027113004,MS,GP,MS_to_GP,early,lightgbm,226,158,68,423,30,0.3008849557522124,0.2941176470588235,0.0756501182033096,0.75625,0.64681905370844,-0.10943094629156,0.5761805757052909,0.1601286395780821,0.5688684729047667,0.6408559347413325,0.0719874618365657,0.191223185662195,0.2160717915205701,0.024848605858375,0.0374999999999999,0.0069867524878109,0.0036915367005597,0.0108087191035425,-0.0038219666157316,0.2520310001661802,-0.0072643995281541,-0.0162152761592031,-0.0051991974907321,-0.002065202037422,0.0009152570188404,0.0142571097929398,-0.0133418527740993,0.0023734687709509,-0.0169022678272592,0.0177256436819509,-0.0281240386634151,24,10,0.0756501182033096,target_prevalence,0.0146842638889678,0.0137408478792153,0.0009434160097525,-0.0014392753029895,-0.0047653826254841,0.0992122263584645,0.3145720824827815,-0.215359856124317,0.910669975186104,0.5781637717121588,1.0,0.4285714285714285,0.5199505548356054,0.3827583021700991,4.77961087315208,4.800990016144069,0.0213791429919885,,,6.217248937900877e-15,False
18,4,2,2027113004,MS,GP,MS_to_GP,early,logistic,226,158,68,423,30,0.3008849557522124,0.2941176470588235,0.0756501182033096,0.7374999999999999,0.6410645780051151,-0.0964354219948848,0.5929594355106631,0.2069708026596348,0.6840297718814083,0.8077162392056589,0.1236864673242505,0.2180925113880503,0.2443932834757478,0.0263007720876974,0.0708333333333333,0.0100415789064862,0.0023944763814499,0.006451850085101,0.0035897288213851,0.1848358401995312,0.0184422168897345,-0.002238517537781,0.0033868161587276,0.0150554007310069,0.0284466687963605,0.0120660999175952,0.0163805688787653,0.0302301922560376,0.0066542415234315,0.0136133817019059,-0.0068397493844505,24,10,0.0756501182033096,target_prevalence,0.0148277703875113,0.0117886977962183,0.0030390725912929,0.003314400706339,0.0005506562300921,0.0990539324049084,0.3499085399300323,-0.2508546075251238,0.8522167487684726,0.2660098522167487,0.6666666666666666,0.4285714285714285,0.6057856434107112,0.4606666342279533,9.494368998434329,9.819414565462552,0.3250455670282264,,,2.664535259100376e-15,False
18,4,2,2027113004,MS,GP,MS_to_GP,late,lightgbm,226,158,68,423,30,0.3008849557522124,0.2941176470588235,0.0756501182033096,0.9489583333333332,0.9680306905370843,0.0190723572037511,0.8997101701839554,0.7141375643417467,0.3532648360763929,0.1417021687986592,-0.2115626672777336,0.1062577833829214,0.0384847408906552,-0.0677730424922661,0.00625,0.0264555889631976,-0.0146030178334971,0.0063600703158852,0.0200955186473124,0.1807985007709844,0.043906824626809,-0.0287152595704117,0.0036599187040109,0.0402469059227981,0.0044090454547655,0.008279352551141,-0.0038703070963754,-0.0026323413614204,0.0904459906150385,0.0091028727912979,-0.001783035383276,24,10,0.0756501182033096,target_prevalence,0.0301820628756546,-0.0011766700163831,0.0313587328920377,0.025727125769675,-0.0112632142447253,0.0905375390369735,0.3721266609299171,-0.2815891218929436,0.9393939393939392,0.464958334446882,1.0,0.25,0.8761475364217111,0.8294371617011147,5.155967008681674,4.589857783992107,-0.5661092246895665,,,1.1546319456101628e-14,False
18,4,2,2027113004,MS,GP,MS_to_GP,late,logistic,226,158,68,423,30,0.3008849557522124,0.2941176470588235,0.0756501182033096,0.928125,0.9012148337595908,-0.0269101662404092,0.8525208533568336,0.5033136159797056,0.3251841367763705,0.2356988939477053,-0.0894852428286651,0.1087583882117254,0.0707172243605787,-0.0380411638511467,0.0510416666666667,0.051708208154895,-0.0036998560499663,0.0063301925784888,0.0453780155764061,0.241756795233211,0.0215095685951526,-0.007024046708916,0.0071409929105616,0.0143685756845909,0.0286519083933262,0.0027914857143861,0.02586042267894,0.0299251945969003,0.0130939425934049,0.0020160861028116,0.0122658997183117,24,10,0.0756501182033096,target_prevalence,0.0406739678393673,0.0074426215375399,0.0332313463018273,0.0393046809391167,0.0121466692745788,0.0574389407955537,0.4162942906372027,-0.358855349841649,0.8838709677419356,0.0967741935483871,0.6666666666666666,0.25,0.576373018569573,0.6355059493752948,12.736499383915328,11.6123980839857,-1.1241012999296291,,,5.3290705182007506e-15,True
19,4,3,2026113004,GP,MS,GP_to_MS,early,lightgbm,423,296,127,226,24,0.0756501182033096,0.0787401574803149,0.3008849557522124,0.7282051282051283,0.5737155621742368,-0.1544895660308914,0.2803570514907962,0.3511675534764692,0.2916830105739853,1.010532108134396,0.7188490975604107,0.078285443922382,0.2717558872853392,0.1934704433629571,0.1418803418803418,-0.005171178950488,-0.0154054027633519,-0.0048675714871145,-0.0003036074633734,0.2368076830623501,0.0082767138924321,0.0039284608784036,-0.0074317720220742,0.0157084859145063,0.0090327564697252,-0.0010841332722679,0.0101168897419932,0.010175220808746,0.0063782069761182,0.0085078541718837,-0.0233713982160321,58,5,0.3008849557522124,target_prevalence,-0.0028749512353674,-0.0027950026700341,-7.994856533327654e-05,-0.0001917780143533,-0.0002236588980402,0.0904832610531175,0.3156806328069426,-0.225197371753825,0.91,0.5359950003443024,0.6666666666666666,0.25,0.7460159747104895,0.7035020938103665,4.694589948501574,4.456778158633078,-0.2378117898684957,,,6.217248937900877e-15,False
19,4,3,2026113004,GP,MS,GP_to_MS,early,logistic,423,296,127,226,24,0.0756501182033096,0.0787401574803149,0.3008849557522124,0.8675213675213677,0.5336001489203276,-0.33392121860104,0.5692363145329247,0.3526166764976219,0.3594597314138496,1.2514938070690516,0.8920340756552019,0.1010652301448174,0.3002684747875667,0.1992032446427493,0.1410256410256412,0.0104323700192324,-0.0081760761392813,-0.0062063549585025,0.0166387249777349,0.1584116603506925,0.0594177463901083,-0.017438767954074,-0.0058175985915046,0.0652353449816129,0.0474094019229252,-0.0015228646147328,0.0489322665376581,0.0292634591725153,0.0895720336077013,0.0049669556168334,-0.0166021527998427,58,5,0.3008849557522124,target_prevalence,0.0083493091658273,-0.0049232693093868,0.0132725784752141,0.0149556517264745,0.0033661465025208,0.1150119754030462,0.300024591342268,-0.1850126159392217,0.7536945812807881,0.3891625615763546,0.6666666666666666,0.25,0.5450819932858412,0.6616417322697228,12.580269977152732,13.600269483062393,1.0199995059096612,,,5.3290705182007506e-15,False
19,4,3,2026113004,GP,MS,GP_to_MS,late,lightgbm,423,296,127,226,24,0.0756501182033096,0.0787401574803149,0.3008849557522124,0.9965811965811966,0.9478778853313476,-0.0487033112498489,0.9651515151515152,0.9112838209118044,0.055487304743535,0.2799340421472222,0.2244467374036871,0.0161777405503221,0.0794734672597834,0.0632957267094612,0.0085470085470085,0.0773981796539147,-0.0024270252263763,0.0414313506756492,0.0359668289782654,0.3361535668205777,0.0150597274398313,0.0118194970990351,0.1865654276934137,-0.1715057002535824,0.0195719814391719,0.1346265175607193,-0.1150545361215474,0.0263904985937311,0.0037289562859315,0.0561410533602033,0.3169898020266241,58,5,0.3008849557522124,target_prevalence,0.0156178483399247,0.0254634561288695,-0.0098456077889448,0.0130606105946602,0.0458124367672102,0.1401806089943325,0.3875922250320032,-0.2474116160376706,0.9359267734553776,0.3316076662090113,1.0,0.6666666666666666,0.4459882270832049,0.7111845075181614,3.1106264075654404,4.709649403592997,1.5990229960275566,,,1.1546319456101628e-14,False
19,4,3,2026113004,GP,MS,GP_to_MS,late,logistic,423,296,127,226,24,0.0756501182033096,0.0787401574803149,0.3008849557522124,0.9384615384615383,0.841306775874907,-0.0971547625866314,0.7713071207752058,0.7486327833973159,0.1633059453092837,0.6202429846937351,0.4569370393844513,0.0446074946655881,0.1535485696616602,0.1089410749960721,0.0393162393162394,0.0195070700687056,0.0334467525188357,0.0466689075634711,-0.0271618374947655,0.2289285494312119,0.0010708417732072,0.0038537608364961,0.0279121517302816,-0.0268413099570743,0.0039664861185434,0.0179452070940585,-0.0139787209755151,0.0083421264626069,-0.0062004429161923,0.0028840463104325,0.0529402571501307,58,5,0.3008849557522124,target_prevalence,0.0219417464693497,0.0338515068992552,-0.0119097604299055,-0.0195357989623355,-0.01525207706486,0.1368548876179839,0.3805583625140025,-0.2437034748960186,0.8408602150537635,0.1182795698924731,0.6666666666666666,0.4285714285714285,0.6245878095361638,0.7823283189853152,11.428746435535274,14.41420492681367,2.9854584912783952,,,5.3290705182007506e-15,False
19,4,3,2027113004,MS,GP,MS_to_GP,early,lightgbm,226,158,68,423,30,0.3008849557522124,0.2941176470588235,0.0756501182033096,0.6677083333333333,0.7144341432225065,0.0467258098891731,0.4524495997881543,0.2209369998740482,0.6282678156090865,0.4891732781809966,-0.1390945374280898,0.2056400451399951,0.1601162324514952,-0.0455238126884998,0.071875,0.021033384902822,-0.0043889880691767,0.0102711094958874,0.0107622754069345,0.268755622383547,0.0007642319440063,0.0397717055387047,0.0699693365681425,-0.0692051046241361,0.0079230374687593,0.0212234934674158,-0.0133004559986564,0.0091992590664868,-0.0076707951784741,0.0125334267307959,0.127405246405489,24,10,0.0756501182033096,target_prevalence,0.0175345360288851,-0.0002130836070543,0.0177476196359394,0.014254947521437,-0.0069853442290048,0.1042619084906277,0.336523125153797,-0.2322612166631692,0.885,0.4571516753999569,1.0,0.25,0.8079157817895338,0.5146393255120537,4.4882514415688695,4.5852397813523975,0.096988339783528,,,6.217248937900877e-15,True
19,4,3,2027113004,MS,GP,MS_to_GP,early,logistic,226,158,68,423,30,0.3008849557522124,0.2941176470588235,0.0756501182033096,0.803125,0.5844789002557546,-0.2186460997442454,0.5916038811654892,0.2175076046857283,0.6111203789835821,0.6196485490435959,0.0085281700600138,0.1922196809994452,0.1699099160091777,-0.0223097649902674,0.0291666666666666,0.0204659355157673,0.0060098792244335,0.0101165513838604,0.0103493841319068,0.200894603033972,0.0118193140054403,-0.0122903664329366,-0.0060959636314029,0.0179152776368433,0.0127524911038438,-0.0019403406508784,0.0146928317547223,0.0129188513665118,0.0107197766443688,-0.0011995053563003,-0.0109924219065056,24,10,0.0756501182033096,target_prevalence,0.0315254446695387,0.0168768775952231,0.0146485670743156,0.0124989756031112,-0.0042991829424087,0.0758721486259206,0.3084143352492641,-0.2325421866233434,0.8866995073891624,0.3694581280788176,1.0,0.25,0.4289398654461713,0.3921831065755657,11.242921265025709,10.5509690205816,-0.69195224444411,,,2.664535259100376e-15,False
19,4,3,2027113004,MS,GP,MS_to_GP,late,lightgbm,226,158,68,423,30,0.3008849557522124,0.2941176470588235,0.0756501182033096,0.940625,0.9808184143222508,0.0401934143222507,0.9102265381677148,0.8374628538105271,0.3953895815107481,0.1233435016211458,-0.2720460798896022,0.1159983582214311,0.034256167634802,-0.081742190586629,0.0166666666666667,0.0458314458695413,-0.0286620035206937,0.1116956482701415,-0.0658642024006002,0.3575199285605777,-0.0132052455051416,-0.0270655212519636,0.1777851256419096,-0.1909903711470512,-0.0015911635526428,0.1400298542569715,-0.1416210178096144,0.0004793134528164,-0.0268898044630996,0.1332991094975396,0.2222711417862796,24,10,0.0756501182033096,target_prevalence,0.0457499620527475,0.081781762721094,-0.0360318006683465,-0.0509480015344733,-0.0298324017322536,0.0741389264387048,0.4831085565064509,-0.4089696300677461,0.9448621553884714,0.4129955231527933,0.6666666666666666,0.25,0.7428666302435687,0.6216225213385289,5.17564132829612,4.585973860207144,-0.589667468088976,,,1.4210854715202004e-14,False
19,4,3,2027113004,MS,GP,MS_to_GP,late,logistic,226,158,68,423,30,0.3008849557522124,0.2941176470588235,0.0756501182033096,0.9333333333333332,0.9135230179028132,-0.01981031543052,0.8411844771689174,0.4959591407278731,0.3515543749623207,0.2848437658101299,-0.0667106091521907,0.1083316921780524,0.0840068589243745,-0.0243248332536778,0.0208333333333332,0.0722292210093289,0.0183646827658505,0.030896877873528,0.0413323431358009,0.1560622995633283,0.0252367091312847,-0.0018234937449672,0.0051732062839779,0.0200635028473068,0.0083210211871735,-9.3295823311666e-05,0.0084143170104852,0.0053054110801453,0.0451680071824241,-0.001032170850795,0.0113785834187508,24,10,0.0756501182033096,target_prevalence,0.0847835212335387,0.0174882542630537,0.0672952669704849,0.0543138050531429,-0.025962923834684,0.0731867744876126,0.2928844768442031,-0.2196977023565904,0.8580645161290323,0.4236559139784946,1.0,0.25,0.4135512696457109,0.3120373761838199,10.547300238889608,11.936115663572783,1.3888154246831768,,,7.105427357601002e-15,True
